0.000000000000000000e+00
5.425643984697698340e-03
7.713862708676702540e-03
9.469751308236285664e-03
1.095005978226448393e-02
1.225425018653124483e-02
1.343333556168232676e-02
1.451762099241291244e-02
1.552685235223008262e-02
1.647474538841936162e-02
1.737128657222715075e-02
1.822401495319997747e-02
1.903878766694598601e-02
1.982026261476294363e-02
2.057221642469642467e-02
2.129776159347328626e-02
2.199949932870758074e-02
2.267962993640370781e-02
2.334003433464203539e-02
2.398233542042744332e-02
2.460794506079917385e-02
2.521810062173908060e-02
2.581389374836845843e-02
2.639629331544552510e-02
2.696616392958862268e-02
2.752428099368603789e-02
2.807134308339392578e-02
2.860798219964490532e-02
2.913477232638303147e-02
2.965223662385218367e-02
3.016085351426834454e-02
3.066106186145635404e-02
3.115326540405810238e-02
3.163783656971805303e-02
3.211511977272243218e-02
3.258543427810316195e-02
3.304907669989769897e-02
3.350632318910921198e-02
3.395743135721179806e-02
3.440264197324940237e-02
3.484218046627208382e-02
3.527625825972363627e-02
3.570507396019827889e-02
3.612881441953353506e-02
3.654765568635420792e-02
3.696176386081386628e-02
3.737129586430500139e-02
3.777640013425348497e-02
3.817721725272123223e-02
3.857388051636478910e-02
3.896651645430135313e-02
3.935524529958579071e-02
3.974018141927850717e-02
4.012143370746448084e-02
4.049910594505116979e-02
4.087329712971429080e-02
4.124410177896408597e-02
4.161161020896082807e-02
4.197590879141008952e-02
4.233708019060791056e-02
4.269520358247897579e-02
4.305035485725192818e-02
4.340260680724152692e-02
4.375202930105370064e-02
4.409868944539448166e-02
4.444265173554404896e-02
4.478397819545161529e-02
4.512272850831287874e-02
4.545896013840868000e-02
4.579272844490908656e-02
4.612408678828124053e-02
4.645308662988009013e-02
4.677977762524828526e-02
4.710420771160431230e-02
4.742642318995517886e-02
4.774646880223198248e-02
4.806438780381214887e-02
4.838022203176119140e-02
4.869401196909871332e-02
4.900579680536824856e-02
4.931561449376738876e-02
4.962350180507402175e-02
4.992949437858560519e-02
5.023362677027114892e-02
5.053593249832018935e-02
5.083644408625861977e-02
5.113519310378840388e-02
5.143221020549632039e-02
5.172752516756610325e-02
5.202116692261839204e-02
5.231316359279392786e-02
5.260354252118699253e-02
5.289233030172861560e-02
5.317955280761193365e-02
5.346523521834569553e-02
5.374940204551603012e-02
5.403207715733098632e-02
5.431328380201746325e-02
5.459304463013547881e-02
5.487138171587025576e-02
5.514831657735892040e-02
5.542387019610470200e-02
5.569806303552821136e-02
5.597091505870224748e-02
5.624244574531359064e-02
5.651267410789259649e-02
5.678161870734885902e-02
5.704929766784883061e-02
5.731572869106917739e-02
5.758092906985760179e-02
5.784491570133089983e-02
5.810770509943841838e-02
5.836931340701730780e-02
5.862975640736439731e-02
5.888904953534831316e-02
5.914720788808385671e-02
5.940424623518958391e-02
5.966017902864829969e-02
5.991502041228909115e-02
6.016878423090850359e-02
6.042148403904750581e-02
6.067313310943998894e-02
6.092374444114771054e-02
6.117333076739575604e-02
6.142190456312190266e-02
6.166947805225261175e-02
6.191606321471751495e-02
6.216167179321392677e-02
6.240631529973211106e-02
6.265000502185155695e-02
6.289275202881802751e-02
6.313456717741078306e-02
6.337546111760854195e-02
6.361544429806248457e-02
6.385452697138470357e-02
6.409271919925917105e-02
6.433003085738270288e-02
6.456647164024280350e-02
6.480205106573874718e-02
6.503677847965234904e-02
6.527066305997410167e-02
6.550371382109070051e-02
6.573593961783895379e-02
6.596734914943161443e-02
6.619795096325975514e-02
6.642775345857662717e-02
6.665676489006730487e-02
6.688499337130848765e-02
6.711244687812269183e-02
6.733913325183045473e-02
6.756506020240457544e-02
6.779023531152990334e-02
6.801466603557200508e-02
6.823835970845815169e-02
6.846132354447370671e-02
6.868356464097689906e-02
6.890508998103488103e-02
6.912590643598395812e-02
6.934602076791650249e-02
6.956543963209704806e-02
6.978416957931032893e-02
7.000221705814317630e-02
7.021958841720281341e-02
7.043628990727364425e-02
7.065232768341458969e-02
7.086770780699890027e-02
7.108243624769844393e-02
7.129651888541435611e-02
7.150996151215564811e-02
7.172276983386760563e-02
7.193494947221158731e-02
7.214650596629773593e-02
7.235744477437222599e-02
7.256777127546036599e-02
7.277749077096705432e-02
7.298660848623589326e-02
7.319512957206826542e-02
7.340305910620363583e-02
7.361040209476228668e-02
7.381716347365155362e-02
7.402334810993685399e-02
7.422896080317845091e-02
7.443400628673496611e-02
7.463848922903484895e-02
7.484241423481644007e-02
7.504578584633790628e-02
7.524860854455771297e-02
7.545088675028654990e-02
7.565262482531164012e-02
7.585382707349409837e-02
7.605449774184029621e-02
7.625464102154776158e-02
7.645426104902657005e-02
7.665336190689678308e-02
7.685194762496261323e-02
7.705002218116419055e-02
7.724758950250715239e-02
7.744465346597112498e-02
7.764121789939736062e-02
7.783728658235623821e-02
7.803286324699526544e-02
7.822795157886790196e-02
7.842255521774386950e-02
7.861667775840154582e-02
7.881032275140266441e-02
7.900349370385006953e-02
7.919619408012873452e-02
7.938842730263075131e-02
7.958019675246445768e-02
7.977150577014829880e-02
7.996235765628978420e-02
8.015275567224983133e-02
8.034270304079309255e-02
8.053220294672433499e-02
8.072125853751153934e-02
8.090987292389575924e-02
8.109804918048840738e-02
8.128579034635594058e-02
8.147309942559256835e-02
8.165997938788106814e-02
8.184643316904210986e-02
8.203246367157239483e-02
8.221807376517178967e-02
8.240326628725984370e-02
8.258804404348184247e-02
8.277240980820474436e-02
8.295636632500323626e-02
8.313991630713599146e-02
8.332306243801267109e-02
8.350580737165158585e-02
8.368815373312847583e-02
8.387010411901639484e-02
8.405166109781715689e-02
8.423282721038437282e-02
8.441360497033829902e-02
8.459399686447277578e-02
8.477400535315428309e-02
8.495363287071355796e-02
8.513288182582962049e-02
8.531175460190661142e-02
8.549025355744357957e-02
8.566838102639726116e-02
8.584613931853819768e-02
8.602353071980009536e-02
8.620055749262289790e-02
8.637722187628936454e-02
8.655352608725559727e-02
8.672947231947548963e-02
8.690506274471919423e-02
8.708029951288599746e-02
8.725518475231133775e-02
8.742972057006846709e-02
8.760390905226458913e-02
8.777775226433179312e-02
8.795125225131283919e-02
8.812441103814172561e-02
8.829723062991955140e-02
8.846971301218531369e-02
8.864186015118209749e-02
8.881367399411860264e-02
8.898515646942607715e-02
8.915630948701090686e-02
8.932713493850273634e-02
8.949763469749844047e-02
8.966781061980186318e-02
8.983766454365946230e-02
9.000719828999202698e-02
9.017641366262242608e-02
9.034531244849947074e-02
9.051389641791816876e-02
9.068216732473614872e-02
9.085012690658657297e-02
9.101777688508744246e-02
9.118511896604758471e-02
9.135215483966900585e-02
9.151888618074620341e-02
9.168531464886200966e-02
9.185144188858034020e-02
9.201726952963577844e-02
9.218279918712016241e-02
9.234803246166600754e-02
9.251297093962722318e-02
9.267761619325667888e-02
9.284196978088116170e-02
9.300603324707336361e-02
9.316980812282131541e-02
9.333329592569504507e-02
9.349649816001062708e-02
9.365941631699167824e-02
9.382205187492835552e-02
9.398440629933381418e-02
9.414648104309834842e-02
9.430827754664100615e-02
9.446979723805898344e-02
9.463104153327468737e-02
9.479201183618055082e-02
9.495270953878165443e-02
9.511313602133612821e-02
9.527329265249351309e-02
9.543318078943098526e-02
9.559280177798747113e-02
9.575215695279590267e-02
9.591124763741340487e-02
9.607007514444947105e-02
9.622864077569240338e-02
9.638694582223375495e-02
9.654499156459098175e-02
9.670277927282834585e-02
9.686031020667586200e-02
9.701758561564680083e-02
9.717460673915317981e-02
9.733137480661981089e-02
9.748789103759657182e-02
9.764415664186908150e-02
9.780017281956780717e-02
9.795594076127561722e-02
9.811146164813379367e-02
9.826673665194646246e-02
9.842176693528366382e-02
9.857655365158288219e-02
9.873109794524917437e-02
9.888540095175388234e-02
9.903946379773194419e-02
9.919328760107794241e-02
9.934687347104063926e-02
9.950022250831636050e-02
9.965333580514103284e-02
9.980621444538093079e-02
9.995885950462218839e-02
1.001112720502590897e-01
1.002634531415811658e-01
1.004154038298590429e-01
1.005671251584292630e-01
1.007186181627777594e-01
1.008698838706223733e-01
1.010209233019941644e-01
1.011717374693177074e-01
1.013223273774901956e-01
1.014726940239596142e-01
1.016228383988018180e-01
1.017727614847965673e-01
1.019224642575025791e-01
1.020719476853316349e-01
1.022212127296215772e-01
1.023702603447085441e-01
1.025190914779981061e-01
1.026677070700354882e-01
1.028161080545750145e-01
1.029642953586484416e-01
1.031122699026326139e-01
1.032600326003161179e-01
1.034075843589650906e-01
1.035549260793882931e-01
1.037020586560011559e-01
1.038489829768892564e-01
1.039956999238707408e-01
1.041422103725581499e-01
1.042885151924193426e-01
1.044346152468377115e-01
1.045805113931716629e-01
1.047262044828132371e-01
1.048716953612461311e-01
1.050169848681029305e-01
1.051620738372216618e-01
1.053069630967015669e-01
1.054516534689583090e-01
1.055961457707784018e-01
1.057404408133729989e-01
1.058845394024310743e-01
1.060284423381718244e-01
1.061721504153966267e-01
1.063156644235401238e-01
1.064589851467209469e-01
1.066021133637915924e-01
1.067450498483878962e-01
1.068877953689777449e-01
1.070303506889093009e-01
1.071727165664586590e-01
1.073148937548768639e-01
1.074568830024364291e-01
1.075986850524772581e-01
1.077403006434521082e-01
1.078817305089713602e-01
1.080229753778474272e-01
1.081640359741385948e-01
1.083049130171922225e-01
1.084456072216876399e-01
1.085861192976784045e-01
1.087264499506341159e-01
1.088665998814817432e-01
1.090065697866464539e-01
1.091463603580919983e-01
1.092859722833606634e-01
1.094254062456126442e-01
1.095646629236651098e-01
1.097037429920307144e-01
1.098426471209557748e-01
1.099813759764578652e-01
1.101199302203631630e-01
1.102583105103432382e-01
1.103965174999514826e-01
1.105345518386591230e-01
1.106724141718908316e-01
1.108101051410599197e-01
1.109476253836031850e-01
1.110849755330153010e-01
1.112221562188829144e-01
1.113591680669182710e-01
1.114960116989925087e-01
1.116326877331686313e-01
1.117691967837340511e-01
1.119055394612327864e-01
1.120417163724973519e-01
1.121777281206802479e-01
1.123135753052851155e-01
1.124492585221976010e-01
1.125847783637158317e-01
1.127201354185805721e-01
1.128553302720050888e-01
1.129903635057046551e-01
1.131252356979257356e-01
1.132599474234749076e-01
1.133944992537474217e-01
1.135288917567554845e-01
1.136631254971562366e-01
1.137972010362794245e-01
1.139311189321548096e-01
1.140648797395392017e-01
1.141984840099433685e-01
1.143319322916584724e-01
1.144652251297823831e-01
1.145983630662456149e-01
1.147313466398370702e-01
1.148641763862294496e-01
1.149968528380044264e-01
1.151293765246775846e-01
1.152617479727230526e-01
1.153939677055978996e-01
1.155260362437662974e-01
1.156579541047234594e-01
1.157897218030192049e-01
1.159213398502814685e-01
1.160528087552394200e-01
1.161841290237464325e-01
1.163153011588027863e-01
1.164463256605781233e-01
1.165772030264337344e-01
1.167079337509445702e-01
1.168385183259210286e-01
1.169689572404305627e-01
1.170992509808190668e-01
1.172294000307319700e-01
1.173594048711352616e-01
1.174892659803361411e-01
1.176189838340036542e-01
1.177485589051888992e-01
1.178779916643452608e-01
1.180072825793482966e-01
1.181364321155154162e-01
1.182654407356255183e-01
1.183943088999382665e-01
1.185230370662132826e-01
1.186516256897290761e-01
1.187800752233018897e-01
1.189083861173042544e-01
1.190365588196834190e-01
1.191645937759796270e-01
1.192924914293441441e-01
1.194202522205571881e-01
1.195478765880456096e-01
1.196753649679004883e-01
1.198027177938945226e-01
1.199299354974991821e-01
1.200570185079018470e-01
1.201839672520226276e-01
1.203107821545311429e-01
1.204374636378631042e-01
1.205640121222366773e-01
1.206904280256687889e-01
1.208167117639912247e-01
1.209428637508665888e-01
1.210688843978041107e-01
1.211947741141753271e-01
1.213205333072295278e-01
1.214461623821092157e-01
1.215716617418652890e-01
1.216970317874721125e-01
1.218222729178425195e-01
1.219473855298425224e-01
1.220723700183061200e-01
1.221972267760497166e-01
1.223219561938865829e-01
1.224465586606411083e-01
1.225710345631629561e-01
1.226953842863410665e-01
1.228196082131175482e-01
1.229437067245014448e-01
1.230676801995823216e-01
1.231915290155438519e-01
1.233152535476771394e-01
1.234388541693939995e-01
1.235623312522401707e-01
1.236856851659082351e-01
1.238089162782506220e-01
1.239320249552923608e-01
1.240550115612438081e-01
1.241778764585131506e-01
1.243006200077189094e-01
1.244232425677023191e-01
1.245457444955394982e-01
1.246681261465535928e-01
1.247903878743268774e-01
1.249125300307125513e-01
1.250345529658467014e-01
1.251564570281598066e-01
1.252782425643886033e-01
1.253999099195873268e-01
1.255214594371393544e-01
1.256428914587683354e-01
1.257642063245494879e-01
1.258854043729207006e-01
1.260064859406935245e-01
1.261274513630641081e-01
1.262483009736240225e-01
1.263690351043709748e-01
1.264896540857194940e-01
1.266101582465114783e-01
1.267305479140265478e-01
1.268508234139925639e-01
1.269709850705958154e-01
1.270910332064912607e-01
1.272109681428126304e-01
1.273307901991823921e-01
1.274504996937217693e-01
1.275700969430605125e-01
1.276895822623467791e-01
1.278089559652567375e-01
1.279282183640041426e-01
1.280473697693499668e-01
1.281664104906117818e-01
1.282853408356731673e-01
1.284041611109929260e-01
1.285228716216143541e-01
1.286414726711744283e-01
1.287599645619127431e-01
1.288783475946805868e-01
1.289966220689497955e-01
1.291147882828216631e-01
1.292328465330356557e-01
1.293507971149781277e-01
1.294686403226908977e-01
1.295863764488798808e-01
1.297040057849234984e-01
1.298215286208811159e-01
1.299389452455014249e-01
1.300562559462306311e-01
1.301734610092207811e-01
1.302905607193377835e-01
1.304075553601696247e-01
1.305244452140341960e-01
1.306412305619874814e-01
1.307579116838311628e-01
1.308744888581207244e-01
1.309909623621729746e-01
1.311073324720739008e-01
1.312235994626862190e-01
1.313397636076570063e-01
1.314558251794251120e-01
1.315717844492287902e-01
1.316876416871129163e-01
1.318033971619363975e-01
1.319190511413794731e-01
1.320346038919509302e-01
1.321500556789952097e-01
1.322654067666995670e-01
1.323806574181011497e-01
1.324958078950939366e-01
1.326108584584357319e-01
1.327258093677549655e-01
1.328406608815576595e-01
1.329554132572340897e-01
1.330700667510656410e-01
1.331846216182313303e-01
1.332990781128145508e-01
1.334134364878096224e-01
1.335276969951282866e-01
1.336418598856062012e-01
1.337559254090093797e-01
1.338698938140404915e-01
1.339837653483453017e-01
1.340975402585189158e-01
1.342112187901118858e-01
1.343248011876365944e-01
1.344382876945732219e-01
1.345516785533759918e-01
1.346649740054789990e-01
1.347781742913024272e-01
1.348912796502584055e-01
1.350042903207568645e-01
1.351172065402115041e-01
1.352300285450455386e-01
1.353427565706975255e-01
1.354553908516270000e-01
1.355679316213203311e-01
1.356803791122961345e-01
1.357927335561111559e-01
1.359049951833656011e-01
1.360171642237087697e-01
1.361292409058444675e-01
1.362412254575366133e-01
1.363531181056144015e-01
1.364649190759777975e-01
1.365766285936028945e-01
1.366882468825470764e-01
1.367997741659543742e-01
1.369112106660606010e-01
1.370225566041985421e-01
1.371338122008030624e-01
1.372449776754162409e-01
1.373560532466923945e-01
1.374670391324030738e-01
1.375779355494421430e-01
1.376887427138305531e-01
1.377994608407214217e-01
1.379100901444048066e-01
1.380206308383126190e-01
1.381310831350233415e-01
1.382414472462668575e-01
1.383517233829291149e-01
1.384619117550569822e-01
1.385720125718627183e-01
1.386820260417287731e-01
1.387919523722122850e-01
1.389017917700496874e-01
1.390115444411612056e-01
1.391212105906554919e-01
1.392307904228339277e-01
1.393402841411951198e-01
1.394496919484393971e-01
1.395590140464730844e-01
1.396682506364128329e-01
1.397774019185900884e-01
1.398864680925552273e-01
1.399954493570818304e-01
1.401043459101709854e-01
1.402131579490554225e-01
1.403218856702037332e-01
1.404305292693244223e-01
1.405390889413700994e-01
1.406475648805415035e-01
1.407559572802916659e-01
1.408642663333297684e-01
1.409724922316252516e-01
1.410806351664117275e-01
1.411886953281910606e-01
1.412966729067370586e-01
1.414045680910994973e-01
1.415123810696080342e-01
1.416201120298758998e-01
1.417277611588038111e-01
1.418353286425836912e-01
1.419428146667024992e-01
1.420502194159459219e-01
1.421575430744019819e-01
1.422647858254649789e-01
1.423719478518388204e-01
1.424790293355409354e-01
1.425860304579056881e-01
1.426929513995880694e-01
1.427997923405671943e-01
1.429065534601498544e-01
1.430132349369740985e-01
1.431198369490125910e-01
1.432263596735761368e-01
1.433328032873172064e-01
1.434391679662331553e-01
1.435454538856698325e-01
1.436516612203248555e-01
1.437577901442508854e-01
1.438638408308591243e-01
1.439698134529224516e-01
1.440757081825788377e-01
1.441815251913345364e-01
1.442872646500673317e-01
1.443929267290298135e-01
1.444985115978524304e-01
1.446040194255469036e-01
1.447094503805091414e-01
1.448148046305225423e-01
1.449200823427609641e-01
1.450252836837920278e-01
1.451304088195799480e-01
1.452354579154887804e-01
1.453404311362853363e-01
1.454453286461423189e-01
1.455501506086411545e-01
1.456548971867751008e-01
1.457595685429521337e-01
1.458641648389980006e-01
1.459686862361589399e-01
1.460731328951047348e-01
1.461775049759315714e-01
1.462818026381648706e-01
1.463860260407621183e-01
1.464901753421157804e-01
1.465942507000559947e-01
1.466982522718534299e-01
1.468021802142220333e-01
1.469060346833218345e-01
1.470098158347616091e-01
1.471135238236016274e-01
1.472171588043564294e-01
1.473207209309973509e-01
1.474242103569553541e-01
1.475276272351236095e-01
1.476309717178601044e-01
1.477342439569903076e-01
1.478374441038097786e-01
1.479405723090866653e-01
1.480436287230644243e-01
1.481466134954642078e-01
1.482495267754875556e-01
1.483523687118188106e-01
1.484551394526276435e-01
1.485578391455715797e-01
1.486604679377984128e-01
1.487630259759488149e-01
1.488655134061585283e-01
1.489679303740610583e-01
1.490702770247898656e-01
1.491725535029809480e-01
1.492747599527750879e-01
1.493768965178203234e-01
1.494789633412741958e-01
1.495809605658062758e-01
1.496828883336001892e-01
1.497847467863562820e-01
1.498865360652936463e-01
1.499882563111525069e-01
1.500899076641964980e-01
1.501914902642149663e-01
1.502930042505250530e-01
1.503944497619741083e-01
1.504958269369418011e-01
1.505971359133423115e-01
1.506983768286266345e-01
1.507995498197845785e-01
1.509006550233470967e-01
1.510016925753883132e-01
1.511026626115277716e-01
1.512035652669324326e-01
1.513044006763188676e-01
1.514051689739553952e-01
1.515058702936640522e-01
1.516065047688227030e-01
1.517070725323672320e-01
1.518075737167933481e-01
1.519080084541588604e-01
1.520083768760855381e-01
1.521086791137612471e-01
1.522089152979418381e-01
1.523090855589531722e-01
1.524091900266931754e-01
1.525092288306336696e-01
1.526092020998224552e-01
1.527091099628851423e-01
1.528089525480271493e-01
1.529087299830356461e-01
1.530084423952813577e-01
1.531080899117205629e-01
1.532076726588969540e-01
1.533071907629434683e-01
1.534066443495842036e-01
1.535060335441362500e-01
1.536053584715115217e-01
1.537046192562185887e-01
1.538038160223645923e-01
1.539029488936568546e-01
1.540020179934048772e-01
1.541010234445220062e-01
1.541999653695273198e-01
1.542988438905472381e-01
1.543976591293174661e-01
1.544964112071846030e-01
1.545951002451079193e-01
1.546937263636611326e-01
1.547922896830341011e-01
1.548907903230344330e-01
1.549892284030894019e-01
1.550876040422473900e-01
1.551859173591797758e-01
1.552841684721824600e-01
1.553823574991776146e-01
1.554804845577152372e-01
1.555785497649749272e-01
1.556765532377674399e-01
1.557744950925362692e-01
1.558723754453593680e-01
1.559701944119506190e-01
1.560679521076615839e-01
1.561656486474829464e-01
1.562632841460462330e-01
1.563608587176252285e-01
1.564583724761376415e-01
1.565558255351466588e-01
1.566532180078624437e-01
1.567505500071436075e-01
1.568478216454989305e-01
1.569450330350886935e-01
1.570421842877262608e-01
1.571392755148796061e-01
1.572363068276727005e-01
1.573332783368871501e-01
1.574301901529635284e-01
1.575270423860029578e-01
1.576238351457684705e-01
1.577205685416865344e-01
1.578172426828484687e-01
1.579138576780118042e-01
1.580104136356019207e-01
1.581069106637132127e-01
1.582033488701106716e-01
1.582997283622312179e-01
1.583960492471851444e-01
1.584923116317574487e-01
1.585885156224092485e-01
1.586846613252791693e-01
1.587807488461846495e-01
1.588767782906233828e-01
1.589727497637746234e-01
1.590686633705004904e-01
1.591645192153474109e-01
1.592603174025473411e-01
1.593560580360191270e-01
1.594517412193698913e-01
1.595473670558962276e-01
1.596429356485855322e-01
1.597384471001173367e-01
1.598339015128646123e-01
1.599292989888949357e-01
1.600246396299719320e-01
1.601199235375563856e-01
1.602151508128075441e-01
1.603103215565844508e-01
1.604054358694471383e-01
1.605004938516577384e-01
1.605954956031820091e-01
1.606904412236902502e-01
1.607853308125587188e-01
1.608801644688708232e-01
1.609749422914181771e-01
1.610696643787020710e-01
1.611643308289343601e-01
1.612589417400389358e-01
1.613534972096526410e-01
1.614479973351267139e-01
1.615424422135277316e-01
1.616368319416389143e-01
1.617311666159611805e-01
1.618254463327144232e-01
1.619196711878384820e-01
1.620138412769945024e-01
1.621079566955658802e-01
1.622020175386594265e-01
1.622960239011066175e-01
1.623899758774644819e-01
1.624838735620169894e-01
1.625777170487758827e-01
1.626715064314819548e-01
1.627652418036060755e-01
1.628589232583503021e-01
1.629525508886489338e-01
1.630461247871695663e-01
1.631396450463142855e-01
1.632331117582205560e-01
1.633265250147623859e-01
1.634198849075514104e-01
1.635131915279378345e-01
1.636064449670115439e-01
1.636996453156031317e-01
1.637927926642849530e-01
1.638858871033720965e-01
1.639789287229234671e-01
1.640719176127427570e-01
1.641648538623794451e-01
1.642577375611298796e-01
1.643505687980382213e-01
1.644433476618974155e-01
1.645360742412502741e-01
1.646287486243903087e-01
1.647213708993628956e-01
1.648139411539661647e-01
1.649064594757518598e-01
1.649989259520265594e-01
1.650913406698523711e-01
1.651837037160480692e-01
1.652760151771899833e-01
1.653682751396129136e-01
1.654604836894111586e-01
1.655526409124393472e-01
1.656447468943134382e-01
1.657368017204116639e-01
1.658288054758753904e-01
1.659207582456100893e-01
1.660126601142862257e-01
1.661045111663401741e-01
1.661963114859751067e-01
1.662880611571619371e-01
1.663797602636401807e-01
1.664714088889188703e-01
1.665630071162773895e-01
1.666545550287664434e-01
1.667460527092088363e-01
1.668375002402004703e-01
1.669288977041110678e-01
1.670202451830851420e-01
1.671115427590428582e-01
1.672027905136808101e-01
1.672939885284729644e-01
1.673851368846714649e-01
1.674762356633074378e-01
1.675672849451919355e-01
1.676582848109166857e-01
1.677492353408549242e-01
1.678401366151623109e-01
1.679309887137776514e-01
1.680217917164237573e-01
1.681125457026082792e-01
1.682032507516245112e-01
1.682939069425521683e-01
1.683845143542581912e-01
1.684750730653976625e-01
1.685655831544143890e-01
1.686560446995419293e-01
1.687464577788042042e-01
1.688368224700163289e-01
1.689271388507855021e-01
1.690174069985115601e-01
1.691076269903880047e-01
1.691977989034026131e-01
1.692879228143382153e-01
1.693779987997735270e-01
1.694680269360838154e-01
1.695580072994417875e-01
1.696479399658182008e-01
1.697378250109826681e-01
1.698276625105044346e-01
1.699174525397530722e-01
1.700071951738992837e-01
1.700968904879154864e-01
1.701865385565767830e-01
1.702761394544614060e-01
1.703656932559517168e-01
1.704552000352347052e-01
1.705446598663028501e-01
1.706340728229547576e-01
1.707234389787958828e-01
1.708127584072392791e-01
1.709020311815062643e-01
1.709912573746270870e-01
1.710804370594417312e-01
1.711695703086004994e-01
1.712586571945647340e-01
1.713476977896075393e-01
1.714366921658144471e-01
1.715256403950841113e-01
1.716145425491289456e-01
1.717033986994757899e-01
1.717922089174666322e-01
1.718809732742593299e-01
1.719696918408280817e-01
1.720583646879642881e-01
1.721469918862771065e-01
1.722355735061941451e-01
1.723241096179621012e-01
1.724126002916474276e-01
1.725010455971369150e-01
1.725894456041384140e-01
1.726778003821815011e-01
1.727661100006179506e-01
1.728543745286226230e-01
1.729425940351938251e-01
1.730307685891541714e-01
1.731188982591510550e-01
1.732069831136573423e-01
1.732950232209719832e-01
1.733830186492206216e-01
1.734709694663561785e-01
1.735588757401595739e-01
1.736467375382401979e-01
1.737345549280366053e-01
1.738223279768170704e-01
1.739100567516802531e-01
1.739977413195557265e-01
1.740853817472045872e-01
1.741729781012201494e-01
1.742605304480283057e-01
1.743480388538884152e-01
1.744355033848936087e-01
1.745229241069715664e-01
1.746103010858849891e-01
1.746976343872322091e-01
1.747849240764478285e-01
1.748721702188031357e-01
1.749593728794068548e-01
1.750465321232055893e-01
1.751336480149843777e-01
1.752207206193674149e-01
1.753077500008183853e-01
1.753947362236412122e-01
1.754816793519804741e-01
1.755685794498220431e-01
1.756554365809936125e-01
1.757422508091652513e-01
1.758290221978498769e-01
1.759157508104039203e-01
1.760024367100277431e-01
1.760890799597662759e-01
1.761756806225095173e-01
1.762622387609930064e-01
1.763487544377984328e-01
1.764352277153541371e-01
1.765216586559356926e-01
1.766080473216662394e-01
1.766943937745172888e-01
1.767806980763089730e-01
1.768669602887107395e-01
1.769531804732417946e-01
1.770393586912716311e-01
1.771254950040205278e-01
1.772115894725600771e-01
1.772976421578136286e-01
1.773836531205569000e-01
1.774696224214183660e-01
1.775555501208798126e-01
1.776414362792769208e-01
1.777272809567995160e-01
1.778130842134923173e-01
1.778988461092552709e-01
1.779845667038441603e-01
1.780702460568709677e-01
1.781558842278044008e-01
1.782414812759703926e-01
1.783270372605526011e-01
1.784125522405928532e-01
1.784980262749915891e-01
1.785834594225084448e-01
1.786688517417625577e-01
1.787542032912332046e-01
1.788395141292601631e-01
1.789247843140441829e-01
1.790100139036475413e-01
1.790952029559943759e-01
1.791803515288712123e-01
1.792654596799274358e-01
1.793505274666757354e-01
1.794355549464925204e-01
1.795205421766183640e-01
1.796054892141585591e-01
1.796903961160834506e-01
1.797752629392289636e-01
1.798600897402969356e-01
1.799448765758556723e-01
1.800296235023403912e-01
1.801143305760535551e-01
1.801989978531653436e-01
1.802836253897142083e-01
1.803682132416071227e-01
1.804527614646201372e-01
1.805372701143987679e-01
1.806217392464584126e-01
1.807061689161848228e-01
1.807905591788344368e-01
1.808749100895349349e-01
1.809592217032855443e-01
1.810434940749574839e-01
1.811277272592944354e-01
1.812119213109128490e-01
1.812960762843024987e-01
1.813801922338267869e-01
1.814642692137231894e-01
1.815483072781036711e-01
1.816323064809550469e-01
1.817162668761394817e-01
1.818001885173947951e-01
1.818840714583348783e-01
1.819679157524501656e-01
1.820517214531079953e-01
1.821354886135529150e-01
1.822192172869072091e-01
1.823029075261712595e-01
1.823865593842238508e-01
1.824701729138226980e-01
1.825537481676046681e-01
1.826372851980863909e-01
1.827207840576643982e-01
1.828042447986156505e-01
1.828876674730979257e-01
1.829710521331501250e-01
1.830543988306927439e-01
1.831377076175281227e-01
1.832209785453409456e-01
1.833042116656985465e-01
1.833874070300512971e-01
1.834705646897330233e-01
1.835536846959612556e-01
1.836367670998377555e-01
1.837198119523487383e-01
1.838028193043653447e-01
1.838857892066439181e-01
1.839687217098264216e-01
1.840516168644408257e-01
1.841344747209013866e-01
1.842172953295090065e-01
1.843000787404517338e-01
1.843828250038049288e-01
1.844655341695317086e-01
1.845482062874833351e-01
1.846308414073994653e-01
1.847134395789086225e-01
1.847960008515283914e-01
1.848785252746659169e-01
1.849610128976181544e-01
1.850434637695722861e-01
1.851258779396059428e-01
1.852082554566877037e-01
1.852905963696772629e-01
1.853729007273259566e-01
1.854551685782769299e-01
1.855373999710655530e-01
1.856195949541197820e-01
1.857017535757604088e-01
1.857838758842014770e-01
1.858659619275505603e-01
1.859480117538090949e-01
1.860300254108727125e-01
1.861120029465316017e-01
1.861939444084708128e-01
1.862758498442704802e-01
1.863577193014063216e-01
1.864395528272498603e-01
1.865213504690687585e-01
1.866031122740270942e-01
1.866848382891857505e-01
1.867665285615026927e-01
1.868481831378333013e-01
1.869298020649307057e-01
1.870113853894459499e-01
1.870929331579285482e-01
1.871744454168266236e-01
1.872559222124872136e-01
1.873373635911567137e-01
1.874187695989809610e-01
1.875001402820058172e-01
1.875814756861772514e-01
1.876627758573416738e-01
1.877440408412464068e-01
1.878252706835397134e-01
1.879064654297713799e-01
1.879876251253927710e-01
1.880687498157573023e-01
1.881498395461206063e-01
1.882308943616409214e-01
1.883119143073793966e-01
1.883928994283002312e-01
1.884738497692711456e-01
1.885547653750635766e-01
1.886356462903530096e-01
1.887164925597192289e-01
1.887973042276466229e-01
1.888780813385244617e-01
1.889588239366471467e-01
1.890395320662146272e-01
1.891202057713325391e-01
1.892008450960125099e-01
1.892814500841724923e-01
1.893620207796370414e-01
1.894425572261375368e-01
1.895230594673124602e-01
1.896035275467077841e-01
1.896839615077770824e-01
1.897643613938819473e-01
1.898447272482921555e-01
1.899250591141860012e-01
1.900053570346505460e-01
1.900856210526819523e-01
1.901658512111855659e-01
1.902460475529764161e-01
1.903262101207793544e-01
1.904063389572293319e-01
1.904864341048716492e-01
1.905664956061622894e-01
1.906465235034681127e-01
1.907265178390671612e-01
1.908064786551488257e-01
1.908864059938142899e-01
1.909662998970766135e-01
1.910461604068610653e-01
1.911259875650053452e-01
1.912057814132599454e-01
1.912855419932881773e-01
1.913652693466667554e-01
1.914449635148857132e-01
1.915246245393488755e-01
1.916042524613740250e-01
1.916838473221932349e-01
1.917634091629529247e-01
1.918429380247143323e-01
1.919224339484536523e-01
1.920018969750622584e-01
1.920813271453470361e-01
1.921607245000305220e-01
1.922400890797512640e-01
1.923194209250639608e-01
1.923987200764397110e-01
1.924779865742663743e-01
1.925572204588486824e-01
1.926364217704084891e-01
1.927155905490850751e-01
1.927947268349353427e-01
1.928738306679340653e-01
1.929529020879741374e-01
1.930319411348667413e-01
1.931109478483416519e-01
1.931899222680474593e-01
1.932688644335517625e-01
1.933477743843414753e-01
1.934266521598229371e-01
1.935054977993222736e-01
1.935843113420855355e-01
1.936630928272789487e-01
1.937418422939891915e-01
1.938205597812235614e-01
1.938992453279101691e-01
1.939778989728982717e-01
1.940565207549584115e-01
1.941351107127826658e-01
1.942136688849848691e-01
1.942921953101008348e-01
1.943706900265885773e-01
1.944491530728285067e-01
1.945275844871236781e-01
1.946059843077000140e-01
1.946843525727065261e-01
1.947626893202154263e-01
1.948409945882225436e-01
1.949192684146473786e-01
1.949975108373332988e-01
1.950757218940479265e-01
1.951539016224831946e-01
1.952320500602555964e-01
1.953101672449064075e-01
1.953882532139019079e-01
1.954663080046335766e-01
1.955443316544183407e-01
1.956223242004986596e-01
1.957002856800429125e-01
1.957782161301454271e-01
1.958561155878268401e-01
1.959339840900342078e-01
1.960118216736412289e-01
1.960896283754484659e-01
1.961674042321834843e-01
1.962451492805012132e-01
1.963228635569839176e-01
1.964005470981416424e-01
1.964781999404121848e-01
1.965558221201615108e-01
1.966334136736837268e-01
1.967109746372014689e-01
1.967885050468660135e-01
1.968660049387574995e-01
1.969434743488850947e-01
1.970209133131871904e-01
1.970983218675316506e-01
1.971757000477159516e-01
1.972530478894673756e-01
1.973303654284432607e-01
1.974076527002311121e-01
1.974849097403488518e-01
1.975621365842449850e-01
1.976393332672988223e-01
1.977164998248205907e-01
1.977936362920516833e-01
1.978707427041648814e-01
1.979478190962644657e-01
1.980248655033864380e-01
1.981018819604986880e-01
1.981788685025012153e-01
1.982558251642262681e-01
1.983327519804385652e-01
1.984096489858354906e-01
1.984865162150472040e-01
1.985633537026368911e-01
1.986401614831009299e-01
1.987169395908690850e-01
1.987936880603045631e-01
1.988704069257044571e-01
1.989470962212996075e-01
1.990237559812550738e-01
1.991003862396700796e-01
1.991769870305782897e-01
1.992535583879480598e-01
1.993301003456824649e-01
1.994066129376195484e-01
1.994830961975325445e-01
1.995595501591299337e-01
1.996359748560557479e-01
1.997123703218895985e-01
1.997887365901469814e-01
1.998650736942794159e-01
1.999413816676745559e-01
2.000176605436563837e-01
2.000939103554854326e-01
2.001701311363589253e-01
2.002463229194108851e-01
2.003224857377123858e-01
2.003986196242717455e-01
2.004747246120344994e-01
2.005508007338838439e-01
2.006268480226405804e-01
2.007028665110633658e-01
2.007788562318489067e-01
2.008548172176320701e-01
2.009307495009860500e-01
2.010066531144225899e-01
2.010825280903920376e-01
2.011583744612836511e-01
2.012341922594256260e-01
2.013099815170852902e-01
2.013857422664693808e-01
2.014614745397239892e-01
2.015371783689349217e-01
2.016128537861277270e-01
2.016885008232679466e-01
2.017641195122611975e-01
2.018397098849533389e-01
2.019152719731307222e-01
2.019908058085201630e-01
2.020663114227893298e-01
2.021417888475466884e-01
2.022172381143418074e-01
2.022926592546653857e-01
2.023680522999495024e-01
2.024434172815677280e-01
2.025187542308353184e-01
2.025940631790092983e-01
2.026693441572886278e-01
2.027445971968144522e-01
2.028198223286700741e-01
2.028950195838812587e-01
2.029701889934163728e-01
2.030453305881863568e-01
2.031204443990451414e-01
2.031955304567895637e-01
2.032705887921596455e-01
2.033456194358387037e-01
2.034206224184534895e-01
2.034955977705743546e-01
2.035705455227153626e-01
2.036454657053344552e-01
2.037203583488336189e-01
2.037952234835589960e-01
2.038700611398009954e-01
2.039448713477945430e-01
2.040196541377191364e-01
2.040944095396989844e-01
2.041691375838031730e-01
2.042438383000458879e-01
2.043185117183863586e-01
2.043931578687291917e-01
2.044677767809243984e-01
2.045423684847675894e-01
2.046169330100000849e-01
2.046914703863090546e-01
2.047659806433276830e-01
2.048404638106352538e-01
2.049149199177573433e-01
2.049893489941659319e-01
2.050637510692795151e-01
2.051381261724632976e-01
2.052124743330293044e-01
2.052867955802364364e-01
2.053610899432907477e-01
2.054353574513455016e-01
2.055095981335012811e-01
2.055838120188061557e-01
2.056579991362558202e-01
2.057321595147937054e-01
2.058062931833111453e-01
2.058804001706474041e-01
2.059544805055900096e-01
2.060285342168746703e-01
2.061025613331855244e-01
2.061765618831552238e-01
2.062505358953650725e-01
2.063244833983452486e-01
2.063984044205747215e-01
2.064722989904815564e-01
2.065461671364430540e-01
2.066200088867856943e-01
2.066938242697854977e-01
2.067676133136679695e-01
2.068413760466083218e-01
2.069151124967315014e-01
2.069888226921125229e-01
2.070625066607763021e-01
2.071361644306980443e-01
2.072097960298031893e-01
2.072834014859676333e-01
2.073569808270178394e-01
2.074305340807308939e-01
2.075040612748347280e-01
2.075775624370081174e-01
2.076510375948809328e-01
2.077244867760342228e-01
2.077979100080002139e-01
2.078713073182626714e-01
2.079446787342567604e-01
2.080180242833693238e-01
2.080913439929389930e-01
2.081646378902562711e-01
2.082379060025636164e-01
2.083111483570556088e-01
2.083843649808790888e-01
2.084575559011332679e-01
2.085307211448697295e-01
2.086038607390927058e-01
2.086769747107591610e-01
2.087500630867788198e-01
2.088231258940143054e-01
2.088961631592813895e-01
2.089691749093489093e-01
2.090421611709390171e-01
2.091151219707272912e-01
2.091880573353427086e-01
2.092609672913679497e-01
2.093338518653394265e-01
2.094067110837473378e-01
2.094795449730358639e-01
2.095523535596032771e-01
2.096251368698019701e-01
2.096978949299386774e-01
2.097706277662745034e-01
2.098433354050250887e-01
2.099160178723606385e-01
2.099886751944061714e-01
2.100613073972414924e-01
2.101339145069013592e-01
2.102064965493755655e-01
2.102790535506091629e-01
2.103515855365023779e-01
2.104240925329108336e-01
2.104965745656457443e-01
2.105690316604737766e-01
2.106414638431173825e-01
2.107138711392548269e-01
2.107862535745202992e-01
2.108586111745039404e-01
2.109309439647520934e-01
2.110032519707673304e-01
2.110755352180085087e-01
2.111477937318909925e-01
2.112200275377866809e-01
2.112922366610240354e-01
2.113644211268884132e-01
2.114365809606219559e-01
2.115087161874237565e-01
2.115808268324499697e-01
2.116529129208139792e-01
2.117249744775863418e-01
2.117970115277950927e-01
2.118690240964256344e-01
2.119410122084210424e-01
2.120129758886819538e-01
2.120849151620668727e-01
2.121568300533921148e-01
2.122287205874320570e-01
2.123005867889190268e-01
2.123724286825436347e-01
2.124442462929546638e-01
2.125160396447594024e-01
2.125878087625234503e-01
2.126595536707710787e-01
2.127312743939852036e-01
2.128029709566074956e-01
2.128746433830384643e-01
2.129462916976376241e-01
2.130179159247234666e-01
2.130895160885737383e-01
2.131610922134253294e-01
2.132326443234745239e-01
2.133041724428770269e-01
2.133756765957481039e-01
2.134471568061625801e-01
2.135186130981550634e-01
2.135900454957199712e-01
2.136614540228116144e-01
2.137328387033442800e-01
2.138041995611923984e-01
2.138755366201905705e-01
2.139468499041336513e-01
2.140181394367769441e-01
2.140894052418361726e-01
2.141606473429875646e-01
2.142318657638681290e-01
2.143030605280754897e-01
2.143742316591681629e-01
2.144453791806656129e-01
2.145165031160482794e-01
2.145876034887576889e-01
2.146586803221966488e-01
2.147297336397291367e-01
2.148007634646806330e-01
2.148717698203379822e-01
2.149427527299495877e-01
2.150137122167255777e-01
2.150846483038377499e-01
2.151555610144197106e-01
2.152264503715669852e-01
2.152973163983371296e-01
2.153681591177497301e-01
2.154389785527865697e-01
2.155097747263917118e-01
2.155805476614715277e-01
2.156512973808948075e-01
2.157220239074928991e-01
2.157927272640597360e-01
2.158634074733519204e-01
2.159340645580888340e-01
2.160046985409527776e-01
2.160753094445888867e-01
2.161458972916054377e-01
2.162164621045737090e-01
2.162870039060282579e-01
2.163575227184669214e-01
2.164280185643508159e-01
2.164984914661046422e-01
2.165689414461164919e-01
2.166393685267381797e-01
2.167097727302851329e-01
2.167801540790366410e-01
2.168505125952357726e-01
2.169208483010895971e-01
2.169911612187692129e-01
2.170614513704097748e-01
2.171317187781106883e-01
2.172019634639355545e-01
2.172721854499123917e-01
2.173423847580336354e-01
2.174125614102561665e-01
2.174827154285015884e-01
2.175528468346560329e-01
2.176229556505704932e-01
2.176930418980607129e-01
2.177631055989074083e-01
2.178331467748562400e-01
2.179031654476179802e-01
2.179731616388684567e-01
2.180431353702488584e-01
2.181130866633655407e-01
2.181830155397903037e-01
2.182529220210604470e-01
2.183228061286787147e-01
2.183926678841135172e-01
2.184625073087989588e-01
2.185323244241348661e-01
2.186021192514869538e-01
2.186718918121868527e-01
2.187416421275321377e-01
2.188113702187864940e-01
2.188810761071797728e-01
2.189507598139080191e-01
2.190204213601335548e-01
2.190900607669851174e-01
2.191596780555578328e-01
2.192292732469134364e-01
2.192988463620801631e-01
2.193683974220529687e-01
2.194379264477935854e-01
2.195074334602304666e-01
2.195769184802590368e-01
2.196463815287416632e-01
2.197158226265077119e-01
2.197852417943537418e-01
2.198546390530434214e-01
2.199240144233076677e-01
2.199933679258448127e-01
2.200626995813204922e-01
2.201320094103678404e-01
2.202012974335875450e-01
2.202705636715479587e-01
2.203398081447849877e-01
2.204090308738024528e-01
2.204782318790718676e-01
2.205474111810327154e-01
2.206165688000924219e-01
2.206857047566264940e-01
2.207548190709784641e-01
2.208239117634601401e-01
2.208929828543514939e-01
2.209620323639008843e-01
2.210310603123250006e-01
2.211000667198090019e-01
2.211690516065066003e-01
2.212380149925400885e-01
2.213069568980003954e-01
2.213758773429472249e-01
2.214447763474090280e-01
2.215136539313831421e-01
2.215825101148358733e-01
2.216513449177024697e-01
2.217201583598873149e-01
2.217889504612638452e-01
2.218577212416747435e-01
2.219264707209320231e-01
2.219951989188169161e-01
2.220639058550801237e-01
2.221325915494418435e-01
2.222012560215917143e-01
2.222698992911890936e-01
2.223385213778629188e-01
2.224071223012118459e-01
2.224757020808044161e-01
2.225442607361789726e-01
2.226127982868437993e-01
2.226813147522771485e-01
2.227498101519273799e-01
2.228182845052129046e-01
2.228867378315223802e-01
2.229551701502147099e-01
2.230235814806190431e-01
2.230919718420349973e-01
2.231603412537325748e-01
2.232286897349522736e-01
2.232970173049051987e-01
2.233653239827730896e-01
2.234336097877082927e-01
2.235018747388340110e-01
2.235701188552441931e-01
2.236383421560037277e-01
2.237065446601484153e-01
2.237747263866850800e-01
2.238428873545915410e-01
2.239110275828168073e-01
2.239791470902811332e-01
2.240472458958758795e-01
2.241153240184638185e-01
2.241833814768791067e-01
2.242514182899272568e-01
2.243194344763853598e-01
2.243874300550019740e-01
2.244554050444973470e-01
2.245233594635633601e-01
2.245912933308636394e-01
2.246592066650336117e-01
2.247270994846805592e-01
2.247949718083836756e-01
2.248628236546940939e-01
2.249306550421350248e-01
2.249984659892017846e-01
2.250662565143617677e-01
2.251340266360546127e-01
2.252017763726922861e-01
2.252695057426589431e-01
2.253372147643112888e-01
2.254049034559783282e-01
2.254725718359616160e-01
2.255402199225353121e-01
2.256078477339461263e-01
2.256754552884134846e-01
2.257430426041294735e-01
2.258106096992590628e-01
2.258781565919399936e-01
2.259456833002829457e-01
2.260131898423715369e-01
2.260806762362624067e-01
2.261481424999852441e-01
2.262155886515428704e-01
2.262830147089113508e-01
2.263504206900399107e-01
2.264178066128510747e-01
2.264851724952407774e-01
2.265525183550782806e-01
2.266198442102063948e-01
2.266871500784413407e-01
2.267544359775729712e-01
2.268217019253647992e-01
2.268889479395539421e-01
2.269561740378513159e-01
2.270233802379415522e-01
2.270905665574831922e-01
2.271577330141086315e-01
2.272248796254242864e-01
2.272920064090104553e-01
2.273591133824216237e-01
2.274262005631863259e-01
2.274932679688072557e-01
2.275603156167613217e-01
2.276273435244997589e-01
2.276943517094480729e-01
2.277613401890061784e-01
2.278283089805483996e-01
2.278952581014235534e-01
2.279621875689549770e-01
2.280290974004406113e-01
2.280959876131530839e-01
2.281628582243395986e-01
2.282297092512222125e-01
2.282965407109977529e-01
2.283633526208378173e-01
2.284301449978890231e-01
2.284969178592728689e-01
2.285636712220858457e-01
2.286304051033995199e-01
2.286971195202605611e-01
2.287638144896907699e-01
2.288304900286872168e-01
2.288971461542221586e-01
2.289637828832431776e-01
2.290304002326732091e-01
2.290969982194106247e-01
2.291635768603292322e-01
2.292301361722783037e-01
2.292966761720827140e-01
2.293631968765429963e-01
2.294296983024352032e-01
2.294961804665112126e-01
2.295626433854985882e-01
2.296290870761007463e-01
2.296955115549968729e-01
2.297619168388421729e-01
2.298283029442676761e-01
2.298946698878805428e-01
2.299610176862638411e-01
2.300273463559768250e-01
2.300936559135548509e-01
2.301599463755095165e-01
2.302262177583285774e-01
2.302924700784761691e-01
2.303587033523926964e-01
2.304249175964949437e-01
2.304911128271761867e-01
2.305572890608060810e-01
2.306234463137309121e-01
2.306895846022734564e-01
2.307557039427331758e-01
2.308218043513861062e-01
2.308878858444850801e-01
2.309539484382596708e-01
2.310199921489162478e-01
2.310860169926379770e-01
2.311520229855850150e-01
2.312180101438944257e-01
2.312839784836802082e-01
2.313499280210335185e-01
2.314158587720224758e-01
2.314817707526923563e-01
2.315476639790656765e-01
2.316135384671420827e-01
2.316793942328985445e-01
2.317452312922892721e-01
2.318110496612459381e-01
2.318768493556775112e-01
2.319426303914704501e-01
2.320083927844886762e-01
2.320741365505737119e-01
2.321398617055445701e-01
2.322055682651979203e-01
2.322712562453081442e-01
2.323369256616272249e-01
2.324025765298850243e-01
2.324682088657890888e-01
2.325338226850249268e-01
2.325994180032558423e-01
2.326649948361230735e-01
2.327305531992458487e-01
2.327960931082214691e-01
2.328616145786251979e-01
2.329271176260104825e-01
2.329926022659088714e-01
2.330580685138300689e-01
2.331235163852621028e-01
2.331889458956712402e-01
2.332543570605019878e-01
2.333197498951773419e-01
2.333851244150986215e-01
2.334504806356455797e-01
2.335158185721765145e-01
2.335811382400281855e-01
2.336464396545159805e-01
2.337117228309338601e-01
2.337769877845544964e-01
2.338422345306291616e-01
2.339074630843879787e-01
2.339726734610397541e-01
2.340378656757721720e-01
2.341030397437517674e-01
2.341681956801239528e-01
2.342333335000131023e-01
2.342984532185226065e-01
2.343635548507348176e-01
2.344286384117112154e-01
2.344937039164923520e-01
2.345587513800979629e-01
2.346237808175268835e-01
2.346887922437572993e-01
2.347537856737465789e-01
2.348187611224314408e-01
2.348837186047279257e-01
2.349486581355314796e-01
2.350135797297169815e-01
2.350784834021387715e-01
2.351433691676307058e-01
2.352082370410061574e-01
2.352730870370581262e-01
2.353379191705592399e-01
2.354027334562617535e-01
2.354675299088976603e-01
2.355323085431786923e-01
2.355970693737963195e-01
2.356618124154219451e-01
2.357265376827067105e-01
2.357912451902817452e-01
2.358559349527580284e-01
2.359206069847266107e-01
2.359852613007585032e-01
2.360498979154047883e-01
2.361145168431966479e-01
2.361791180986453353e-01
2.362437016962423419e-01
2.363082676504593416e-01
2.363728159757482461e-01
2.364373466865412610e-01
2.365018597972508851e-01
2.365663553222699944e-01
2.366308332759718414e-01
2.366952936727101386e-01
2.367597365268190590e-01
2.368241618526132353e-01
2.368885696643879268e-01
2.369529599764189087e-01
2.370173328029625825e-01
2.370816881582560043e-01
2.371460260565169398e-01
2.372103465119438648e-01
2.372746495387160481e-01
2.373389351509934964e-01
2.374032033629170924e-01
2.374674541886086232e-01
2.375316876421706969e-01
2.375959037376869920e-01
2.376601024892220360e-01
2.377242839108214267e-01
2.377884480165118886e-01
2.378525948203011053e-01
2.379167243361779427e-01
2.379808365781124757e-01
2.380449315600559057e-01
2.381090092959406712e-01
2.381730697996805313e-01
2.382371130851704821e-01
2.383011391662868961e-01
2.383651480568874659e-01
2.384291397708113991e-01
2.384931143218791960e-01
2.385570717238929828e-01
2.386210119906362614e-01
2.386849351358741878e-01
2.387488411733534321e-01
2.388127301168023187e-01
2.388766019799307971e-01
2.389404567764304710e-01
2.390042945199747637e-01
2.390681152242187246e-01
2.391319189027992509e-01
2.391957055693351153e-01
2.392594752374268274e-01
2.393232279206568558e-01
2.393869636325895722e-01
2.394506823867713352e-01
2.395143841967304621e-01
2.395780690759772569e-01
2.396417370380041489e-01
2.397053880962856376e-01
2.397690222642782920e-01
2.398326395554209178e-01
2.398962399831344461e-01
2.399598235608220442e-01
2.400233903018691717e-01
2.400869402196435243e-01
2.401504733274951453e-01
2.402139896387563978e-01
2.402774891667421031e-01
2.403409719247494303e-01
2.404044379260580344e-01
2.404678871839300291e-01
2.405313197116100699e-01
2.405947355223253259e-01
2.406581346292855916e-01
2.407215170456832309e-01
2.407848827846932882e-01
2.408482318594734328e-01
2.409115642831640980e-01
2.409748800688884529e-01
2.410381792297523751e-01
2.411014617788445891e-01
2.411647277292366942e-01
2.412279770939830814e-01
2.412912098861210719e-01
2.413544261186709450e-01
2.414176258046358547e-01
2.414808089570020522e-01
2.415439755887387185e-01
2.416071257127981875e-01
2.416702593421157508e-01
2.417333764896099357e-01
2.417964771681823388e-01
2.418595613907177921e-01
2.419226291700842524e-01
2.419856805191329951e-01
2.420487154506985317e-01
2.421117339775986643e-01
2.421747361126345699e-01
2.422377218685906886e-01
2.423006912582349737e-01
2.423636442943187252e-01
2.424265809895766732e-01
2.424895013567271163e-01
2.425524054084717551e-01
2.426152931574959148e-01
2.426781646164684614e-01
2.427410197980418571e-01
2.428038587148521887e-01
2.428666813795192225e-01
2.429294878046464046e-01
2.429922780028209162e-01
2.430550519866136183e-01
2.431178097685792461e-01
2.431805513612562974e-01
2.432432767771670612e-01
2.433059860288177834e-01
2.433686791286985007e-01
2.434313560892832906e-01
2.434940169230300488e-01
2.435566616423807951e-01
2.436192902597614229e-01
2.436819027875819499e-01
2.437444992382364617e-01
2.438070796241031124e-01
2.438696439575441521e-01
2.439321922509060381e-01
2.439947245165193790e-01
2.440572407666990185e-01
2.441197410137440349e-01
2.441822252699377138e-01
2.442446935475476866e-01
2.443071458588259581e-01
2.443695822160087683e-01
2.444320026313168137e-01
2.444944071169551925e-01
2.445567956851134039e-01
2.446191683479654322e-01
2.446815251176697459e-01
2.447438660063693261e-01
2.448061910261917218e-01
2.448685001892490498e-01
2.449307935076379950e-01
2.449930709934398654e-01
2.450553326587207037e-01
2.451175785155311204e-01
2.451798085759065438e-01
2.452420228518670808e-01
2.453042213554175732e-01
2.453664040985477079e-01
2.454285710932319897e-01
2.454907223514297410e-01
2.455528578850851573e-01
2.456149777061273076e-01
2.456770818264702727e-01
2.457391702580130066e-01
2.458012430126394476e-01
2.458633001022185738e-01
2.459253415386043473e-01
2.459873673336358535e-01
2.460493774991371896e-01
2.461113720469176314e-01
2.461733509887714944e-01
2.462353143364783836e-01
2.462972621018029717e-01
2.463591942964952208e-01
2.464211109322903548e-01
2.464830120209087483e-01
2.465448975740562043e-01
2.466067676034237599e-01
2.466686221206877971e-01
2.467304611375101264e-01
2.467922846655379032e-01
2.468540927164037113e-01
2.469158853017255906e-01
2.469776624331070369e-01
2.470394241221370857e-01
2.471011703803902559e-01
2.471629012194266062e-01
2.472246166507917897e-01
2.472863166860170825e-01
2.473480013366193275e-01
2.474096706141010737e-01
2.474713245299504649e-01
2.475329630956414617e-01
2.475945863226336474e-01
2.476561942223723667e-01
2.477177868062887811e-01
2.477793640857998692e-01
2.478409260723083152e-01
2.479024727772027592e-01
2.479640042118577137e-01
2.480255203876334802e-01
2.480870213158764270e-01
2.481485070079187671e-01
2.482099774750787247e-01
2.482714327286604794e-01
2.483328727799542779e-01
2.483942976402363778e-01
2.484557073207691036e-01
2.485171018328009018e-01
2.485784811875663136e-01
2.486398453962859745e-01
2.487011944701667809e-01
2.487625284204017240e-01
2.488238472581700278e-01
2.488851509946372054e-01
2.489464396409549751e-01
2.490077132082613443e-01
2.490689717076806087e-01
2.491302151503234363e-01
2.491914435472868117e-01
2.492526569096540912e-01
2.493138552484951143e-01
2.493750385748659815e-01
2.494362068998094151e-01
2.494973602343544816e-01
2.495584985895167862e-01
2.496196219762984447e-01
2.496807304056881116e-01
2.497418238886610353e-01
2.498029024361789752e-01
2.498639660591903400e-01
2.499250147686302159e-01
2.499860485754202277e-01
2.500470674904687884e-01
2.501080715246710162e-01
2.501690606889085955e-01
2.502300349940501656e-01
2.502909944509509321e-01
2.503519390704530556e-01
2.504128688633853739e-01
2.504737838405636796e-01
2.505346840127905539e-01
2.505955693908554216e-01
2.506564399855347181e-01
2.507172958075916669e-01
2.507781368677765577e-01
2.508389631768265793e-01
2.508997747454659311e-01
2.509605715844058227e-01
2.510213537043444743e-01
2.510821211159672828e-01
2.511428738299464891e-01
2.512036118569416776e-01
2.512643352075993874e-01
2.513250438925533903e-01
2.513857379224245792e-01
2.514464173078210241e-01
2.515070820593380829e-01
2.515677321875582906e-01
2.516283677030513588e-01
2.516889886163743983e-01
2.517495949380716969e-01
2.518101866786750520e-01
2.518707638487033273e-01
2.519313264586630075e-01
2.519918745190477538e-01
2.520524080403386824e-01
2.521129270330044747e-01
2.521734315075010446e-01
2.522339214742718716e-01
2.522943969437479450e-01
2.523548579263477087e-01
2.524153044324772277e-01
2.524757364725299102e-01
2.525361540568869523e-01
2.525965571959170597e-01
2.526569458999765039e-01
2.527173201794092328e-01
2.527776800445468708e-01
2.528380255057086634e-01
2.528983565732015326e-01
2.529586732573202434e-01
2.530189755683470709e-01
2.530792635165522997e-01
2.531395371121938354e-01
2.531997963655173711e-01
2.532600412867564432e-01
2.533202718861324865e-01
2.533804881738547232e-01
2.534406901601202744e-01
2.535008778551141040e-01
2.535610512690092411e-01
2.536212104119664468e-01
2.536813552941346583e-01
2.537414859256505451e-01
2.538016023166390078e-01
2.538617044772128462e-01
2.539217924174728136e-01
2.539818661475079509e-01
2.540419256773951417e-01
2.541019710171995016e-01
2.541620021769742110e-01
2.542220191667606266e-01
2.542820219965882256e-01
2.543420106764746058e-01
2.544019852164257078e-01
2.544619456264355373e-01
2.545218919164863869e-01
2.545818240965488366e-01
2.546417421765816425e-01
2.547016461665320142e-01
2.547615360763353376e-01
2.548214119159153412e-01
2.548812736951840963e-01
2.549411214240420720e-01
2.550009551123781915e-01
2.550607747700696648e-01
2.551205804069822114e-01
2.551803720329698377e-01
2.552401496578752815e-01
2.552999132915295122e-01
2.553596629437521193e-01
2.554193986243512571e-01
2.554791203431234781e-01
2.555388281098539549e-01
2.555985219343165360e-01
2.556582018262734679e-01
2.557178677954757839e-01
2.557775198516630821e-01
2.558371580045635807e-01
2.558967822638941736e-01
2.559563926393605415e-01
2.560159891406569299e-01
2.560755717774663709e-01
2.561351405594606834e-01
2.561946954963003065e-01
2.562542365976346326e-01
2.563137638731017853e-01
2.563732773323286196e-01
2.564327769849309435e-01
2.564922628405133520e-01
2.565517349086692822e-01
2.566111931989811246e-01
2.566706377210202228e-01
2.567300684843466518e-01
2.567894854985096065e-01
2.568488887730471792e-01
2.569082783174864160e-01
2.569676541413434268e-01
2.570270162541232750e-01
2.570863646653200330e-01
2.571456993844168926e-01
2.572050204208860547e-01
2.572643277841888954e-01
2.573236214837757441e-01
2.573829015290861610e-01
2.574421679295487708e-01
2.575014206945814288e-01
2.575606598335911657e-01
2.576198853559740765e-01
2.576790972711155425e-01
2.577382955883902316e-01
2.577974803171619866e-01
2.578566514667838816e-01
2.579158090465982767e-01
2.579749530659368739e-01
2.580340835341206618e-01
2.580932004604599150e-01
2.581523038542543058e-01
2.582113937247929036e-01
2.582704700813540089e-01
2.583295329332054302e-01
2.583885822896044293e-01
2.584476181597975541e-01
2.585066405530208611e-01
2.585656494784999704e-01
2.586246449454498997e-01
2.586836269630750640e-01
2.587425955405695532e-01
2.588015506871169102e-01
2.588604924118901862e-01
2.589194207240521628e-01
2.589783356327549635e-01
2.590372371471404422e-01
2.590961252763401279e-01
2.591550000294750578e-01
2.592138614156558885e-01
2.592727094439831181e-01
2.593315441235467533e-01
2.593903654634265865e-01
2.594491734726920296e-01
2.595079681604023358e-01
2.595667495356064336e-01
2.596255176073430926e-01
2.596842723846406464e-01
2.597430138765174923e-01
2.598017420919817022e-01
2.598604570400311342e-01
2.599191587296535433e-01
2.599778471698265814e-01
2.600365223695176864e-01
2.600951843376841932e-01
2.601538330832734447e-01
2.602124686152226252e-01
2.602710909424588159e-01
2.603297000738991063e-01
2.603882960184505935e-01
2.604468787850103273e-01
2.605054483824651990e-01
2.605640048196924408e-01
2.606225481055590154e-01
2.606810782489221157e-01
2.607395952586288312e-01
2.607980991435165929e-01
2.608565899124126175e-01
2.609150675741344627e-01
2.609735321374896944e-01
2.610319836112760528e-01
2.610904220042814528e-01
2.611488473252839282e-01
2.612072595830517430e-01
2.612656587863433910e-01
2.613240449439074298e-01
2.613824180644829243e-01
2.614407781567988920e-01
2.614991252295748025e-01
2.615574592915203556e-01
2.616157803513354807e-01
2.616740884177105597e-01
2.617323834993261489e-01
2.617906656048532565e-01
2.618489347429531211e-01
2.619071909222774885e-01
2.619654341514683904e-01
2.620236644391583103e-01
2.620818817939701284e-01
2.621400862245170660e-01
2.621982777394030184e-01
2.622564563472220556e-01
2.623146220565589215e-01
2.623727748759888123e-01
2.624309148140773207e-01
2.624890418793806579e-01
2.625471560804455984e-01
2.626052574258093686e-01
2.626633459239998136e-01
2.627214215835352862e-01
2.627794844129248686e-01
2.628375344206680397e-01
2.628955716152551192e-01
2.629535960051669341e-01
2.630116075988749857e-01
2.630696064048414495e-01
2.631275924315191195e-01
2.631855656873515747e-01
2.632435261807730131e-01
2.633014739202084731e-01
2.633594089140735561e-01
2.634173311707747600e-01
2.634752406987092566e-01
2.635331375062651138e-01
2.635910216018210184e-01
2.636488929937465531e-01
2.637067516904021414e-01
2.637645977001390474e-01
2.638224310312993204e-01
2.638802516922159613e-01
2.639380596912127008e-01
2.639958550366042767e-01
2.640536377366963228e-01
2.641114077997854248e-01
2.641691652341589536e-01
2.642269100480953425e-01
2.642846422498639769e-01
2.643423618477252490e-01
2.644000688499303919e-01
2.644577632647218124e-01
2.645154451003328133e-01
2.645731143649877604e-01
2.646307710669021374e-01
2.646884152142823243e-01
2.647460468153259305e-01
2.648036658782215724e-01
2.648612724111489292e-01
2.649188664222789091e-01
2.649764479197733169e-01
2.650340169117854083e-01
2.650915734064593354e-01
2.651491174119305350e-01
2.652066489363255619e-01
2.652641679877621450e-01
2.653216745743494087e-01
2.653791687041874292e-01
2.654366503853676229e-01
2.654941196259726910e-01
2.655515764340766194e-01
2.656090208177445122e-01
2.656664527850328694e-01
2.657238723439895312e-01
2.657812795026535113e-01
2.658386742690552196e-01
2.658960566512164614e-01
2.659534266571503269e-01
2.660107842948611911e-01
2.660681295723449913e-01
2.661254624975888383e-01
2.661827830785714610e-01
2.662400913232628730e-01
2.662973872396245389e-01
2.663546708356092640e-01
2.664119421191615822e-01
2.664692010982172010e-01
2.665264477807033905e-01
2.665836821745390939e-01
2.666409042876344282e-01
2.666981141278914058e-01
2.667553117032032128e-01
2.668124970214547642e-01
2.668696700905225927e-01
2.669268309182746268e-01
2.669839795125705240e-01
2.670411158812613928e-01
2.670982400321900707e-01
2.671553519731909576e-01
2.672124517120900711e-01
2.672695392567051575e-01
2.673266146148454703e-01
2.673836777943121024e-01
2.674407288028977092e-01
2.674977676483866196e-01
2.675547943385550020e-01
2.676118088811706430e-01
2.676688112839930023e-01
2.677258015547734904e-01
2.677827797012549693e-01
2.678397457311724184e-01
2.678966996522523236e-01
2.679536414722130111e-01
2.680105711987647576e-01
2.680674888396094580e-01
2.681243944024410131e-01
2.681812878949450529e-01
2.682381693247990473e-01
2.682950386996724168e-01
2.683518960272264220e-01
2.684087413151141632e-01
2.684655745709806918e-01
2.685223958024630098e-01
2.685792050171899592e-01
2.686360022227822775e-01
2.686927874268528749e-01
2.687495606370063905e-01
2.688063218608394700e-01
2.688630711059409317e-01
2.689198083798913230e-01
2.689765336902634196e-01
2.690332470446218371e-01
2.690899484505234196e-01
2.691466379155168509e-01
2.692033154471429879e-01
2.692599810529346938e-01
2.693166347404170047e-01
2.693732765171070187e-01
2.694299063905137848e-01
2.694865243681386913e-01
2.695431304574751330e-01
2.695997246660085667e-01
2.696563070012167329e-01
2.697128774705695453e-01
2.697694360815289238e-01
2.698259828415491279e-01
2.698825177580764789e-01
2.699390408385496931e-01
2.699955520903994932e-01
2.700520515210489969e-01
2.701085391379134393e-01
2.701650149484003394e-01
2.702214789599095557e-01
2.702779311798331197e-01
2.703343716155554022e-01
2.703908002744530026e-01
2.704472171638949707e-01
2.705036222912425292e-01
2.705600156638492404e-01
2.706163972890611724e-01
2.706727671742165109e-01
2.707291253266459474e-01
2.707854717536725686e-01
2.708418064626117450e-01
2.708981294607712975e-01
2.709544407554514978e-01
2.710107403539449566e-01
2.710670282635367356e-01
2.711233044915043466e-01
2.711795690451178076e-01
2.712358219316394758e-01
2.712920631583243258e-01
2.713482927324196714e-01
2.714045106611654434e-01
2.714607169517939678e-01
2.715169116115302428e-01
2.715730946475916618e-01
2.716292660671881798e-01
2.716854258775223130e-01
2.717415740857891393e-01
2.717977106991763536e-01
2.718538357248641013e-01
2.719099491700253113e-01
2.719660510418253629e-01
2.720221413474222527e-01
2.720782200939667050e-01
2.721342872886020614e-01
2.721903429384641693e-01
2.722463870506816597e-01
2.723024196323758361e-01
2.723584406906606192e-01
2.724144502326427131e-01
2.724704482654213278e-01
2.725264347960886235e-01
2.725824098317292665e-01
2.726383733794208175e-01
2.726943254462334543e-01
2.727502660392301936e-01
2.728061951654667805e-01
2.728621128319917433e-01
2.729180190458463384e-01
2.729739138140646615e-01
2.730297971436736471e-01
2.730856690416929577e-01
2.731415295151350953e-01
2.731973785710055114e-01
2.732532162163023304e-01
2.733090424580166267e-01
2.733648573031323692e-01
2.734206607586263105e-01
2.734764528314681531e-01
2.735322335286204387e-01
2.735880028570386591e-01
2.736437608236712560e-01
2.736995074354595103e-01
2.737552426993377086e-01
2.738109666222329763e-01
2.738666792110655557e-01
2.739223804727485279e-01
2.739780704141879797e-01
2.740337490422830036e-01
2.740894163639256975e-01
2.741450723860011096e-01
2.742007171153874046e-01
2.742563505589555861e-01
2.743119727235699412e-01
2.743675836160875403e-01
2.744231832433587370e-01
2.744787716122268351e-01
2.745343487295281437e-01
2.745899146020923109e-01
2.746454692367417127e-01
2.747010126402921748e-01
2.747565448195524729e-01
2.748120657813244438e-01
2.748675755324031522e-01
2.749230740795768346e-01
2.749785614296267888e-01
2.750340375893274847e-01
2.750895025654467307e-01
2.751449563647452301e-01
2.752003989939770801e-01
2.752558304598895500e-01
2.753112507692230815e-01
2.753666599287113992e-01
2.754220579450812889e-01
2.754774448250530416e-01
2.755328205753398985e-01
2.755881852026486611e-01
2.756435387136791371e-01
2.756988811151245278e-01
2.757542124136713180e-01
2.758095326159993310e-01
2.758648417287816179e-01
2.759201397586845683e-01
2.759754267123678551e-01
2.760307025964846006e-01
2.760859674176811551e-01
2.761412211825973184e-01
2.761964638978661180e-01
2.762516955701140309e-01
2.763069162059609840e-01
2.763621258120201318e-01
2.764173243948981895e-01
2.764725119611952109e-01
2.765276885175045885e-01
2.765828540704132199e-01
2.766380086265015081e-01
2.766931521923431947e-01
2.767482847745054153e-01
2.768034063795489774e-01
2.768585170140279161e-01
2.769136166844899938e-01
2.769687053974762558e-01
2.770237831595213085e-01
2.770788499771533742e-01
2.771339058568940139e-01
2.771889508052584050e-01
2.772439848287553410e-01
2.772990079338870095e-01
2.773540201271491590e-01
2.774090214150312650e-01
2.774640118040162529e-01
2.775189913005805531e-01
2.775739599111943234e-01
2.776289176423212268e-01
2.776838645004186534e-01
2.777388004919374431e-01
2.777937256233222185e-01
2.778486399010110519e-01
2.779035433314358539e-01
2.779584359210220956e-01
2.780133176761888647e-01
2.780681886033489203e-01
2.781230487089088044e-01
2.781778979992686751e-01
2.782327364808223069e-01
2.782875641599573679e-01
2.783423810430549761e-01
2.783971871364902539e-01
2.784519824466318849e-01
2.785067669798422796e-01
2.785615407424776313e-01
2.786163037408879162e-01
2.786710559814168375e-01
2.787257974704018815e-01
2.787805282141743168e-01
2.788352482190592507e-01
2.788899574913754065e-01
2.789446560374355677e-01
2.789993438635461342e-01
2.790540209760073997e-01
2.791086873811135516e-01
2.791633430851524489e-01
2.792179880944059556e-01
2.792726224151498293e-01
2.793272460536534441e-01
2.793818590161802895e-01
2.794364613089876936e-01
2.794910529383267117e-01
2.795456339104425703e-01
2.796002042315741121e-01
2.796547639079543512e-01
2.797093129458100291e-01
2.797638513513619474e-01
2.798183791308248014e-01
2.798728962904071804e-01
2.799274028363116784e-01
2.799818987747349497e-01
2.800363841118674313e-01
2.800908588538936761e-01
2.801453230069921863e-01
2.801997765773354687e-01
2.802542195710900352e-01
2.803086519944164023e-01
2.803630738534690914e-01
2.804174851543966840e-01
2.804718859033418221e-01
2.805262761064411525e-01
2.805806557698253267e-01
2.806350248996192231e-01
2.806893835019416139e-01
2.807437315829054425e-01
2.807980691486177127e-01
2.808523962051794887e-01
2.809067127586860613e-01
2.809610188152266708e-01
2.810153143808847842e-01
2.810695994617379845e-01
2.811238740638578593e-01
2.811781381933103896e-01
2.812323918561555058e-01
2.812866350584473096e-01
2.813408678062341850e-01
2.813950901055585208e-01
2.814493019624570991e-01
2.815035033829606514e-01
2.815576943730943027e-01
2.816118749388773490e-01
2.816660450863231469e-01
2.817202048214395016e-01
2.817743541502282789e-01
2.818284930786855713e-01
2.818826216128019202e-01
2.819367397585618717e-01
2.819908475219443100e-01
2.820449449089225125e-01
2.820990319254638723e-01
2.821531085775301206e-01
2.822071748710773265e-01
2.822612308120557856e-01
2.823152764064100761e-01
2.823693116600792252e-01
2.824233365789964312e-01
2.824773511690892858e-01
2.825313554362797186e-01
2.825853493864840527e-01
2.826393330256128378e-01
2.826933063595710727e-01
2.827472693942580939e-01
2.828012221355676314e-01
2.828551645893878086e-01
2.829090967616010310e-01
2.829630186580843199e-01
2.830169302847088120e-01
2.830708316473402597e-01
2.831247227518388088e-01
2.831786036040589982e-01
2.832324742098497605e-01
2.832863345750545325e-01
2.833401847055111999e-01
2.833940246070520974e-01
2.834478542855038974e-01
2.835016737466879433e-01
2.835554829964199719e-01
2.836092820405101689e-01
2.836630708847632243e-01
2.837168495349783326e-01
2.837706179969493037e-01
2.838243762764642297e-01
2.838781243793059850e-01
2.839318623112517814e-01
2.839855900780733911e-01
2.840393076855372567e-01
2.840930151394042147e-01
2.841467124454297721e-01
2.842003996093639406e-01
2.842540766369513472e-01
2.843077435339311232e-01
2.843614003060370710e-01
2.844150469589974972e-01
2.844686834985354351e-01
2.845223099303683667e-01
2.845759262602085560e-01
2.846295324937627713e-01
2.846831286367323965e-01
2.847367146948135974e-01
2.847902906736969886e-01
2.848438565790679666e-01
2.848974124166065991e-01
2.849509581919875134e-01
2.850044939108800635e-01
2.850580195789482740e-01
2.851115352018509519e-01
2.851650407852413527e-01
2.852185363347676805e-01
2.852720218560727550e-01
2.853254973547941220e-01
2.853789628365639430e-01
2.854324183070092169e-01
2.854858637717516689e-01
2.855392992364078064e-01
2.855927247065886965e-01
2.856461401879004103e-01
2.856995456859435789e-01
2.857529412063137264e-01
2.858063267546011033e-01
2.858597023363907419e-01
2.859130679572624567e-01
2.859664236227908440e-01
2.860197693385453932e-01
2.860731051100902644e-01
2.861264309429845665e-01
2.861797468427820790e-01
2.862330528150316411e-01
2.862863488652766519e-01
2.863396349990555700e-01
2.863929112219016360e-01
2.864461775393428722e-01
2.864994339569021942e-01
2.865526804800975214e-01
2.866059171144414996e-01
2.866591438654417234e-01
2.867123607386006245e-01
2.867655677394155278e-01
2.868187648733787620e-01
2.868719521459774935e-01
2.869251295626938369e-01
2.869782971290047446e-01
2.870314548503821173e-01
2.870846027322929706e-01
2.871377407801989912e-01
2.871908689995570363e-01
2.872439873958188006e-01
2.872970959744309272e-01
2.873501947408351187e-01
2.874032837004679708e-01
2.874563628587610831e-01
2.875094322211411146e-01
2.875624917930296176e-01
2.876155415798432036e-01
2.876685815869934326e-01
2.877216118198869244e-01
2.877746322839253579e-01
2.878276429845053608e-01
2.878806439270186202e-01
2.879336351168519381e-01
2.879866165593869543e-01
2.880395882600006452e-01
2.880925502240648250e-01
2.881455024569464229e-01
2.881984449640075385e-01
2.882513777506051644e-01
2.883043008220916303e-01
2.883572141838141034e-01
2.884101178411150324e-01
2.884630117993318144e-01
2.885158960637970726e-01
2.885687706398385455e-01
2.886216355327789751e-01
2.886744907479363853e-01
2.887273362906238039e-01
2.887801721661495402e-01
2.888329983798168521e-01
2.888858149369243344e-01
2.889386218427656416e-01
2.889914191026296542e-01
2.890442067218003674e-01
2.890969847055569475e-01
2.891497530591738419e-01
2.892025117879205576e-01
2.892552608970619388e-01
2.893080003918578336e-01
2.893607302775635381e-01
2.894134505594294082e-01
2.894661612427009700e-01
2.895188623326191979e-01
2.895715538344200701e-01
2.896242357533349021e-01
2.896769080945902908e-01
2.897295708634080036e-01
2.897822240650050896e-01
2.898348677045939348e-01
2.898875017873820403e-01
2.899401263185723554e-01
2.899927413033630552e-01
2.900453467469474300e-01
2.900979426545143292e-01
2.901505290312477725e-01
2.902031058823270060e-01
2.902556732129267791e-01
2.903082310282170120e-01
2.903607793333629061e-01
2.904133181335252223e-01
2.904658474338597807e-01
2.905183672395179051e-01
2.905708775556462009e-01
2.906233783873867216e-01
2.906758697398767466e-01
2.907283516182490035e-01
2.907808240276315570e-01
2.908332869731479198e-01
2.908857404599167751e-01
2.909381844930524763e-01
2.909906190776646029e-01
2.910430442188581268e-01
2.910954599217335237e-01
2.911478661913865507e-01
2.912002630329085240e-01
2.912526504513860415e-01
2.913050284519012045e-01
2.913573970395315627e-01
2.914097562193500579e-01
2.914621059964250804e-01
2.915144463758205795e-01
2.915667773625957304e-01
2.916190989618054896e-01
2.916714111784999286e-01
2.917237140177248444e-01
2.917760074845214824e-01
2.918282915839264247e-01
2.918805663209719237e-01
2.919328317006856244e-01
2.919850877280906754e-01
2.920373344082057843e-01
2.920895717460451624e-01
2.921417997466184691e-01
2.921940184149309783e-01
2.922462277559834121e-01
2.922984277747721071e-01
2.923506184762889037e-01
2.924027998655212013e-01
2.924549719474519027e-01
2.925071347270594702e-01
2.925592882093180913e-01
2.926114323991972910e-01
2.926635673016622641e-01
2.927156929216738757e-01
2.927678092641884389e-01
2.928199163341579370e-01
2.928720141365298568e-01
2.929241026762474664e-01
2.929761819582494820e-01
2.930282519874702896e-01
2.930803127688398346e-01
2.931323643072837881e-01
2.931844066077233801e-01
2.932364396750755109e-01
2.932884635142526952e-01
2.933404781301631181e-01
2.933924835277105791e-01
2.934444797117944925e-01
2.934964666873101091e-01
2.935484444591481834e-01
2.936004130321951400e-01
2.936523724113331846e-01
2.937043226014401931e-01
2.937562636073896005e-01
2.938081954340506785e-01
2.938601180862883688e-01
2.939120315689632279e-01
2.939639358869315933e-01
2.940158310450455836e-01
2.940677170481528768e-01
2.941195939010970428e-01
2.941714616087172662e-01
2.942233201758484573e-01
2.942751696073214185e-01
2.943270099079625113e-01
2.943788410825939339e-01
2.944306631360337212e-01
2.944824760730955227e-01
2.945342798985888244e-01
2.945860746173188938e-01
2.946378602340867792e-01
2.946896367536893102e-01
2.947414041809190421e-01
2.947931625205643669e-01
2.948449117774095685e-01
2.948966519562346011e-01
2.949483830618152558e-01
2.950001050989231599e-01
2.950518180723257777e-01
2.951035219867864101e-01
2.951552168470640836e-01
2.952069026579137168e-01
2.952585794240861761e-01
2.953102471503280535e-01
2.953619058413817222e-01
2.954135555019856141e-01
2.954651961368738311e-01
2.955168277507764785e-01
2.955684503484194425e-01
2.956200639345245018e-01
2.956716685138093270e-01
2.957232640909874810e-01
2.957748506707684744e-01
2.958264282578575433e-01
2.958779968569559826e-01
2.959295564727609240e-01
2.959811071099654467e-01
2.960326487732585221e-01
2.960841814673249583e-01
2.961357051968457332e-01
2.961872199664974392e-01
2.962387257809528940e-01
2.962902226448805854e-01
2.963417105629451709e-01
2.963931895398071448e-01
2.964446595801230044e-01
2.964961206885451395e-01
2.965475728697219426e-01
2.965990161282978099e-01
2.966504504689130295e-01
2.967018758962040037e-01
2.967532924148029716e-01
2.968047000293382864e-01
2.968560987444341381e-01
2.969074885647109419e-01
2.969588694947848384e-01
2.970102415392682493e-01
2.970616047027693774e-01
2.971129589898926504e-01
2.971643044052383331e-01
2.972156409534029153e-01
2.972669686389786681e-01
2.973182874665541431e-01
2.973695974407138398e-01
2.974208985660382054e-01
2.974721908471039122e-01
2.975234742884835248e-01
2.975747488947458330e-01
2.976260146704555742e-01
2.976772716201736002e-01
2.977285197484567658e-01
2.977797590598582067e-01
2.978309895589268397e-01
2.978822112502079733e-01
2.979334241382428083e-01
2.979846282275687153e-01
2.980358235227191788e-01
2.980870100282237978e-01
2.981381877486081744e-01
2.981893566883942470e-01
2.982405168520998462e-01
2.982916682442390277e-01
2.983428108693220171e-01
2.983939447318551541e-01
2.984450698363408927e-01
2.984961861872778011e-01
2.985472937891607281e-01
2.985983926464805260e-01
2.986494827637242722e-01
2.987005641453752136e-01
2.987516367959127672e-01
2.988027007198125196e-01
2.988537559215462269e-01
2.989048024055818153e-01
2.989558401763833806e-01
2.990068692384113547e-01
2.990578895961221173e-01
2.991089012539684955e-01
2.991599042163993194e-01
2.992108984878598110e-01
2.992618840727911955e-01
2.993128609756311453e-01
2.993638292008133917e-01
2.994147887527679464e-01
2.994657396359211021e-01
2.995166818546953214e-01
2.995676154135092362e-01
2.996185403167779260e-01
2.996694565689125844e-01
2.997203641743206859e-01
2.997712631374059300e-01
2.998221534625682971e-01
2.998730351542041594e-01
2.999239082167058923e-01
2.999747726544624293e-01
3.000256284718588184e-01
3.000764756732764438e-01
3.001273142630929147e-01
3.001781442456823434e-01
3.002289656254147898e-01
3.002797784066569831e-01
3.003305825937717111e-01
3.003813781911181535e-01
3.004321652030518819e-01
3.004829436339245818e-01
3.005337134880845529e-01
3.005844747698761532e-01
3.006352274836401883e-01
3.006859716337138555e-01
3.007367072244306327e-01
3.007874342601203899e-01
3.008381527451092219e-01
3.008888626837196711e-01
3.009395640802707272e-01
3.009902569390775495e-01
3.010409412644518556e-01
3.010916170607015885e-01
3.011422843321311382e-01
3.011929430830412868e-01
3.012435933177290970e-01
3.012942350404882452e-01
3.013448682556085223e-01
3.013954929673763328e-01
3.014461091800743064e-01
3.014967168979816869e-01
3.015473161253739987e-01
3.015979068665231577e-01
3.016484891256975276e-01
3.016990629071619190e-01
3.017496282151775899e-01
3.018001850540021902e-01
3.018507334278898169e-01
3.019012733410909588e-01
3.019518047978526631e-01
3.020023278024182578e-01
3.020528423590277400e-01
3.021033484719173323e-01
3.021538461453198710e-01
3.022043353834646395e-01
3.022548161905773689e-01
3.023052885708802373e-01
3.023557525285919256e-01
3.024062080679275621e-01
3.024566551930988334e-01
3.025070939083138732e-01
3.025575242177773183e-01
3.026079461256902525e-01
3.026583596362503181e-01
3.027087647536516601e-01
3.027591614820849264e-01
3.028095498257372120e-01
3.028599297887922814e-01
3.029103013754302909e-01
3.029606645898279549e-01
3.030110194361584908e-01
3.030613659185917852e-01
3.031117040412940611e-01
3.031620338084282662e-01
3.032123552241537401e-01
3.032626682926264916e-01
3.033129730179990324e-01
3.033632694044204881e-01
3.034135574560363757e-01
3.034638371769889931e-01
3.035141085714170850e-01
3.035643716434559547e-01
3.036146263972376302e-01
3.036648728368905870e-01
3.037151109665398585e-01
3.037653407903072034e-01
3.038155623123108273e-01
3.038657755366656610e-01
3.039159804674831933e-01
3.039661771088714715e-01
3.040163654649352121e-01
3.040665455397756900e-01
3.041167173374908494e-01
3.041668808621752484e-01
3.042170361179200588e-01
3.042671831088130663e-01
3.043173218389386703e-01
3.043674523123780506e-01
3.044175745332087790e-01
3.044676885055053184e-01
3.045177942333386345e-01
3.045678917207763625e-01
3.046179809718828624e-01
3.046680619907190524e-01
3.047181347813426311e-01
3.047681993478078555e-01
3.048182556941657628e-01
3.048683038244638932e-01
3.049183437427467336e-01
3.049683754530551627e-01
3.050183989594268952e-01
3.050684142658964260e-01
3.051184213764947528e-01
3.051684202952496539e-01
3.052184110261856875e-01
3.052683935733239706e-01
3.053183679406824558e-01
3.053683341322757649e-01
3.054182921521151894e-01
3.054682420042088009e-01
3.055181836925613403e-01
3.055681172211743846e-01
3.056180425940461243e-01
3.056679598151715860e-01
3.057178688885424100e-01
3.057677698181471282e-01
3.058176626079708860e-01
3.058675472619956648e-01
3.059174237842001154e-01
3.059672921785598354e-01
3.060171524490469808e-01
3.060670045996304878e-01
3.061168486342762396e-01
3.061666845569466777e-01
3.062165123716011905e-01
3.062663320821957802e-01
3.063161436926834513e-01
3.063659472070137113e-01
3.064157426291331809e-01
3.064655299629850393e-01
3.065153092125093015e-01
3.065650803816428183e-01
3.066148434743193318e-01
3.066645984944692538e-01
3.067143454460198870e-01
3.067640843328953149e-01
3.068138151590164564e-01
3.068635379283010112e-01
3.069132526446636255e-01
3.069629593120156708e-01
3.070126579342653539e-01
3.070623485153177734e-01
3.071120310590748081e-01
3.071617055694352838e-01
3.072113720502947509e-01
3.072610305055457625e-01
3.073106809390774852e-01
3.073603233547762548e-01
3.074099577565250208e-01
3.074595841482036795e-01
3.075092025336890744e-01
3.075588129168548290e-01
3.076084153015714584e-01
3.076580096917063689e-01
3.077075960911238584e-01
3.077571745036851714e-01
3.078067449332482775e-01
3.078563073836682040e-01
3.079058618587968144e-01
3.079554083624829186e-01
3.080049468985721073e-01
3.080544774709070288e-01
3.081040000833271120e-01
3.081535147396688434e-01
3.082030214437654903e-01
3.082525201994473774e-01
3.083020110105416101e-01
3.083514938808723516e-01
3.084009688142606009e-01
3.084504358145243597e-01
3.084998948854785761e-01
3.085493460309350344e-01
3.085987892547026323e-01
3.086482245605870478e-01
3.086976519523910722e-01
3.087470714339143329e-01
3.087964830089534596e-01
3.088458866813020842e-01
3.088952824547506748e-01
3.089446703330869237e-01
3.089940503200951927e-01
3.090434224195570123e-01
3.090927866352508602e-01
3.091421429709521607e-01
3.091914914304333961e-01
3.092408320174639402e-01
3.092901647358102801e-01
3.093394895892357388e-01
3.093888065815008637e-01
3.094381157163629825e-01
3.094874169975765366e-01
3.095367104288930249e-01
3.095859960140608380e-01
3.096352737568254798e-01
3.096845436609295121e-01
3.097338057301123326e-01
3.097830599681106190e-01
3.098323063786578291e-01
3.098815449654846454e-01
3.099307757323187529e-01
3.099799986828847276e-01
3.100292138209044257e-01
3.100784211500965948e-01
3.101276206741770403e-01
3.101768123968586810e-01
3.102259963218514938e-01
3.102751724528624022e-01
3.103243407935954989e-01
3.103735013477519900e-01
3.104226541190300281e-01
3.104717991111248798e-01
3.105209363277289247e-01
3.105700657725316005e-01
3.106191874492194582e-01
3.106683013614760513e-01
3.107174075129821023e-01
3.107665059074154468e-01
3.108155965484508676e-01
3.108646794397604274e-01
3.109137545850131912e-01
3.109628219878753930e-01
3.110118816520102691e-01
3.110609335810782250e-01
3.111099777787368903e-01
3.111590142486408417e-01
3.112080429944418247e-01
3.112570640197888094e-01
3.113060773283277682e-01
3.113550829237018425e-01
3.114040808095513424e-01
3.114530709895137472e-01
3.115020534672235386e-01
3.115510282463124225e-01
3.115999953304093295e-01
3.116489547231402479e-01
3.116979064281283351e-01
3.117468504489938619e-01
3.117957867893543233e-01
3.118447154528244392e-01
3.118936364430158759e-01
3.119425497635376909e-01
3.119914554179960553e-01
3.120403534099941978e-01
3.120892437431326827e-01
3.121381264210091877e-01
3.121870014472186150e-01
3.122358688253528691e-01
3.122847285590013566e-01
3.123335806517504309e-01
3.123824251071836700e-01
3.124312619288820425e-01
3.124800911204234644e-01
3.125289126853832422e-01
3.125777266273337962e-01
3.126265329498447709e-01
3.126753316564830354e-01
3.127241227508127386e-01
3.127729062363951984e-01
3.128216821167888462e-01
3.128704503955495597e-01
3.129192110762302748e-01
3.129679641623812625e-01
3.130167096575499075e-01
3.130654475652810409e-01
3.131141778891164962e-01
3.131629006325954978e-01
3.132116157992544947e-01
3.132603233926271602e-01
3.133090234162444476e-01
3.133577158736345347e-01
3.134064007683229347e-01
3.134550781038323297e-01
3.135037478836827374e-01
3.135524101113913997e-01
3.136010647904728388e-01
3.136497119244389120e-01
3.136983515167985903e-01
3.137469835710583466e-01
3.137956080907218226e-01
3.138442250792898847e-01
3.138928345402608455e-01
3.139414364771301313e-01
3.139900308933906148e-01
3.140386177925323374e-01
3.140871971780428429e-01
3.141357690534067326e-01
3.141843334221060546e-01
3.142328902876201924e-01
3.142814396534256982e-01
3.143299815229966820e-01
3.143785158998042562e-01
3.144270427873171458e-01
3.144755621890012454e-01
3.145240741083197844e-01
3.145725785487334392e-01
3.146210755136999992e-01
3.146695650066748118e-01
3.147180470311103928e-01
3.147665215904568159e-01
3.148149886881612125e-01
3.148634483276683271e-01
3.149119005124200732e-01
3.149603452458558106e-01
3.150087825314121792e-01
3.150572123725233209e-01
3.151056347726206019e-01
3.151540497351327796e-01
3.152024572634859467e-01
3.152508573611037535e-01
3.152992500314069635e-01
3.153476352778138980e-01
3.153960131037402137e-01
3.154443835125989026e-01
3.154927465078003479e-01
3.155411020927523791e-01
3.155894502708601612e-01
3.156377910455263058e-01
3.156861244201507044e-01
3.157344503981308614e-01
3.157827689828614504e-01
3.158310801777346466e-01
3.158793839861400721e-01
3.159276804114646842e-01
3.159759694570929422e-01
3.160242511264066412e-01
3.160725254227849668e-01
3.161207923496046623e-01
3.161690519102397512e-01
3.162173041080618141e-01
3.162655489464396563e-01
3.163137864287398071e-01
3.163620165583259647e-01
3.164102393385593848e-01
3.164584547727987696e-01
3.165066628644002122e-01
3.165548636167173080e-01
3.166030570331010985e-01
3.166512431168999608e-01
3.166994218714599407e-01
3.167475933001243082e-01
3.167957574062339465e-01
3.168439141931271297e-01
3.168920636641396338e-01
3.169402058226046814e-01
3.169883406718529972e-01
3.170364682152126967e-01
3.170845884560094530e-01
3.171327013975664411e-01
3.171808070432041715e-01
3.172289053962407679e-01
3.172769964599918557e-01
3.173250802377703961e-01
3.173731567328870184e-01
3.174212259486497434e-01
3.174692878883640934e-01
3.175173425553331485e-01
3.175653899528574353e-01
3.176134300842349822e-01
3.176614629527613753e-01
3.177094885617296471e-01
3.177575069144303321e-01
3.178055180141516334e-01
3.178535218641790894e-01
3.179015184677958517e-01
3.179495078282825182e-01
3.179974899489173001e-01
3.180454648329759659e-01
3.180934324837316196e-01
3.181413929044551447e-01
3.181893460984147604e-01
3.182372920688763540e-01
3.182852308191033153e-01
3.183331623523565357e-01
3.183810866718945198e-01
3.184290037809733298e-01
3.184769136828464187e-01
3.185248163807649635e-01
3.185727118779776990e-01
3.186206001777308616e-01
3.186684812832681901e-01
3.187163551978310916e-01
3.187642219246584752e-01
3.188120814669868630e-01
3.188599338280503348e-01
3.189077790110805277e-01
3.189556170193066920e-01
3.190034478559556352e-01
3.190512715242516673e-01
3.190990880274168773e-01
3.191468973686707455e-01
3.191946995512304763e-01
3.192424945783107759e-01
3.192902824531239636e-01
3.193380631788800272e-01
3.193858367587864011e-01
3.194336031960483546e-01
3.194813624938685481e-01
3.195291146554473105e-01
3.195768596839826947e-01
3.196245975826701446e-01
3.196723283547029393e-01
3.197200520032718041e-01
3.197677685315652441e-01
3.198154779427692662e-01
3.198631802400674906e-01
3.199108754266412613e-01
3.199585635056695354e-01
3.200062444803288275e-01
3.200539183537932653e-01
3.201015851292348113e-01
3.201492448098228194e-01
3.201968973987244782e-01
3.202445428991044785e-01
3.202921813141252350e-01
3.203398126469468865e-01
3.203874369007269629e-01
3.204350540786209955e-01
3.204826641837818513e-01
3.205302672193602875e-01
3.205778631885046748e-01
3.206254520943608854e-01
3.206730339400726826e-01
3.207206087287813312e-01
3.207681764636259314e-01
3.208157371477430297e-01
3.208632907842671189e-01
3.209108373763301381e-01
3.209583769270618059e-01
3.210059094395895096e-01
3.210534349170384161e-01
3.211009533625311940e-01
3.211484647791883473e-01
3.211959691701279929e-01
3.212434665384660826e-01
3.212909568873160149e-01
3.213384402197891343e-01
3.213859165389943984e-01
3.214333858480383777e-01
3.214808481500255333e-01
3.215283034480578284e-01
3.215757517452351166e-01
3.216231930446548648e-01
3.216706273494122637e-01
3.217180546626002835e-01
3.217654749873096187e-01
3.218128883266285212e-01
3.218602946836431888e-01
3.219076940614374327e-01
3.219550864630927323e-01
3.220024718916885131e-01
3.220498503503017584e-01
3.220972218420071753e-01
3.221445863698773060e-01
3.221919439369824167e-01
3.222392945463904979e-01
3.222866382011672637e-01
3.223339749043762081e-01
3.223813046590786047e-01
3.224286274683333953e-01
3.224759433351973570e-01
3.225232522627250464e-01
3.225705542539686332e-01
3.226178493119782331e-01
3.226651374398016303e-01
3.227124186404843886e-01
3.227596929170697959e-01
3.228069602725990306e-01
3.228542207101109396e-01
3.229014742326422049e-01
3.229487208432272327e-01
3.229959605448982085e-01
3.230431933406852640e-01
3.230904192336160330e-01
3.231376382267162617e-01
3.231848503230091429e-01
3.232320555255159822e-01
3.232792538372556423e-01
3.233264452612449324e-01
3.233736298004983856e-01
3.234208074580283143e-01
3.234679782368449774e-01
3.235151421399562466e-01
3.235622991703678841e-01
3.236094493310835984e-01
3.236565926251046554e-01
3.237037290554303226e-01
3.237508586250575915e-01
3.237979813369813442e-01
3.238450971941942980e-01
3.238922061996868385e-01
3.239393083564473530e-01
3.239864036674619530e-01
3.240334921357146958e-01
3.240805737641872519e-01
3.241276485558594600e-01
3.241747165137086051e-01
3.242217776407101404e-01
3.242688319398372432e-01
3.243158794140608148e-01
3.243629200663498136e-01
3.244099538996708665e-01
3.244569809169886021e-01
3.245040011212653175e-01
3.245510145154614223e-01
3.245980211025348838e-01
3.246450208854417818e-01
3.246920138671359202e-01
3.247390000505689933e-01
3.247859794386906418e-01
3.248329520344481747e-01
3.248799178407869581e-01
3.249268768606501934e-01
3.249738290969789167e-01
3.250207745527119996e-01
3.250677132307863149e-01
3.251146451341365706e-01
3.251615702656952545e-01
3.252084886283928555e-01
3.252554002251577536e-01
3.253023050589161080e-01
3.253492031325921352e-01
3.253960944491077201e-01
3.254429790113829157e-01
3.254898568223354438e-01
3.255367278848810275e-01
3.255835922019332251e-01
3.256304497764036521e-01
3.256773006112017033e-01
3.257241447092346642e-01
3.257709820734078221e-01
3.258178127066242435e-01
3.258646366117851079e-01
3.259114537917893184e-01
3.259582642495337801e-01
3.260050679879133440e-01
3.260518650098207516e-01
3.260986553181466907e-01
3.261454389157796840e-01
3.261922158056063670e-01
3.262389859905110989e-01
3.262857494733763519e-01
3.263325062570823776e-01
3.263792563445074291e-01
3.264259997385278167e-01
3.264727364420176303e-01
3.265194664578489059e-01
3.265661897888917919e-01
3.266129064380141056e-01
3.266596164080819431e-01
3.267063197019591247e-01
3.267530163225074724e-01
3.267997062725867541e-01
3.268463895550547949e-01
3.268930661727672549e-01
3.269397361285778514e-01
3.269863994253381367e-01
3.270330560658978314e-01
3.270797060531043798e-01
3.271263493898034502e-01
3.271729860788384903e-01
3.272196161230510048e-01
3.272662395252804446e-01
3.273128562883642623e-01
3.273594664151379119e-01
3.274060699084347381e-01
3.274526667710861427e-01
3.274992570059215291e-01
3.275458406157683022e-01
3.275924176034517021e-01
3.276389879717951925e-01
3.276855517236200721e-01
3.277321088617456413e-01
3.277786593889893130e-01
3.278252033081663908e-01
3.278717406220901798e-01
3.279182713335720423e-01
3.279647954454213976e-01
3.280113129604455002e-01
3.280578238814497727e-01
3.281043282112375836e-01
3.281508259526103033e-01
3.281973171083674146e-01
3.282438016813062909e-01
3.282902796742224183e-01
3.283367510899092290e-01
3.283832159311582677e-01
3.284296742007589698e-01
3.284761259014989943e-01
3.285225710361638352e-01
3.285690096075371547e-01
3.286154416184005611e-01
3.286618670715337198e-01
3.287082859697144088e-01
3.287546983157184077e-01
3.288011041123193867e-01
3.288475033622893506e-01
3.288938960683980284e-01
3.289402822334134835e-01
3.289866618601016701e-01
3.290330349512265440e-01
3.290794015095502845e-01
3.291257615378330170e-01
3.291721150388329242e-01
3.292184620153062458e-01
3.292648024700073339e-01
3.293111364056885981e-01
3.293574638251004494e-01
3.294037847309914113e-01
3.294500991261080647e-01
3.294964070131950473e-01
3.295427083949950542e-01
3.295890032742490039e-01
3.296352916536956501e-01
3.296815735360719701e-01
3.297278489241130539e-01
3.297741178205519375e-01
3.298203802281198804e-01
3.298666361495461996e-01
3.299128855875581579e-01
3.299591285448812417e-01
3.300053650242390502e-01
3.300515950283532396e-01
3.300978185599434678e-01
3.301440356217276717e-01
3.301902462164216789e-01
3.302364503467395407e-01
3.302826480153934763e-01
3.303288392250936512e-01
3.303750239785484544e-01
3.304212022784643321e-01
3.304673741275457877e-01
3.305135395284956035e-01
3.305596984840144525e-01
3.306058509968012871e-01
3.306519970695531718e-01
3.306981367049651732e-01
3.307442699057305813e-01
3.307903966745407986e-01
3.308365170140853406e-01
3.308826309270517796e-01
3.309287384161259116e-01
3.309748394839916452e-01
3.310209341333309463e-01
3.310670223668240597e-01
3.311131041871491765e-01
3.311591795969828222e-01
3.312052485989994688e-01
3.312513111958718670e-01
3.312973673902708804e-01
3.313434171848655407e-01
3.313894605823228812e-01
3.314354975853082697e-01
3.314815281964850757e-01
3.315275524185150036e-01
3.315735702540577035e-01
3.316195817057711048e-01
3.316655867763112497e-01
3.317115854683323484e-01
3.317575777844867790e-01
3.318035637274251437e-01
3.318495432997960459e-01
3.318955165042464239e-01
3.319414833434212175e-01
3.319874438199637567e-01
3.320333979365153176e-01
3.320793456957155110e-01
3.321252871002020046e-01
3.321712221526107456e-01
3.322171508555757935e-01
3.322630732117294317e-01
3.323089892237020559e-01
3.323548988941222859e-01
3.324008022256169648e-01
3.324466992208110483e-01
3.324925898823277715e-01
3.325384742127884818e-01
3.325843522148126952e-01
3.326302238910182618e-01
3.326760892440210893e-01
3.327219482764353642e-01
3.327678009908733858e-01
3.328136473899457881e-01
3.328594874762612066e-01
3.329053212524267225e-01
3.329511487210474741e-01
3.329969698847267678e-01
3.330427847460662449e-01
3.330885933076657146e-01
3.331343955721231542e-01
3.331801915420348204e-01
3.332259812199951376e-01
3.332717646085966989e-01
3.333175417104305427e-01
3.333633125280855980e-01
3.334090770641492951e-01
3.334548353212071214e-01
3.335005873018428990e-01
3.335463330086386180e-01
3.335920724441744922e-01
3.336378056110290147e-01
3.336835325117788464e-01
3.337292531489989833e-01
3.337749675252625892e-01
3.338206756431409961e-01
3.338663775052039262e-01
3.339120731140192699e-01
3.339577624721531413e-01
3.340034455821699333e-01
3.340491224466322628e-01
3.340947930681010258e-01
3.341404574491353419e-01
3.341861155922926097e-01
3.342317675001283961e-01
3.342774131751966582e-01
3.343230526200495212e-01
3.343686858372374449e-01
3.344143128293090017e-01
3.344599335988111544e-01
3.345055481482890891e-01
3.345511564802863269e-01
3.345967585973445013e-01
3.346423545020036361e-01
3.346879441968020341e-01
3.347335276842761664e-01
3.347791049669608943e-01
3.348246760473892469e-01
3.348702409280926440e-01
3.349157996116007285e-01
3.349613521004413674e-01
3.350068983971407621e-01
3.350524385042234488e-01
3.350979724242121871e-01
3.351435001596279606e-01
3.351890217129902538e-01
3.352345370868165531e-01
3.352800462836229012e-01
3.353255493059233983e-01
3.353710461562307010e-01
3.354165368370555234e-01
3.354620213509069693e-01
3.355074997002925330e-01
3.355529718877178214e-01
3.355984379156869424e-01
3.356438977867021167e-01
3.356893515032640662e-01
3.357347990678716809e-01
3.357802404830221854e-01
3.358256757512111390e-01
3.358711048749323802e-01
3.359165278566781931e-01
3.359619446989389746e-01
3.360073554042035116e-01
3.360527599749590366e-01
3.360981584136909506e-01
3.361435507228829889e-01
3.361889369050173326e-01
3.362343169625743311e-01
3.362796908980327792e-01
3.363250587138697512e-01
3.363704204125606556e-01
3.364157759965791805e-01
3.364611254683974040e-01
3.365064688304858498e-01
3.365518060853130988e-01
3.365971372353463442e-01
3.366424622830510027e-01
3.366877812308907703e-01
3.367330940813278439e-01
3.367784008368225890e-01
3.368237014998338164e-01
3.368689960728187271e-01
3.369142845582327461e-01
3.369595669585296882e-01
3.370048432761618695e-01
3.370501135135797188e-01
3.370953776732321661e-01
3.371406357575665313e-01
3.371858877690283585e-01
3.372311337100616369e-01
3.372763735831086906e-01
3.373216073906102896e-01
3.373668351350054273e-01
3.374120568187315428e-01
3.374572724442245208e-01
3.375024820139183590e-01
3.375476855302457224e-01
3.375928829956374999e-01
3.376380744125229705e-01
3.376832597833297478e-01
3.377284391104838912e-01
3.377736123964097947e-01
3.378187796435302981e-01
3.378639408542665201e-01
3.379090960310380809e-01
3.379542451762628241e-01
3.379993882923571502e-01
3.380445253817357387e-01
3.380896564468117149e-01
3.381347814899964832e-01
3.381799005137000602e-01
3.382250135203306307e-01
3.382701205122948807e-01
3.383152214919978307e-01
3.383603164618430026e-01
3.384054054242323084e-01
3.384504883815658838e-01
3.384955653362424766e-01
3.385406362906591138e-01
3.385857012472112682e-01
3.386307602082928581e-01
3.386758131762961921e-01
3.387208601536118580e-01
3.387659011426290556e-01
3.388109361457352642e-01
3.388559651653164639e-01
3.389009882037569699e-01
3.389460052634395426e-01
3.389910163467453330e-01
3.390360214560540486e-01
3.390810205937436206e-01
3.391260137621905368e-01
3.391710009637696754e-01
3.392159822008543046e-01
3.392609574758161939e-01
3.393059267910254473e-01
3.393508901488506702e-01
3.393958475516589135e-01
3.394407990018155630e-01
3.394857445016845610e-01
3.395306840536281845e-01
3.395756176600072118e-01
3.396205453231808113e-01
3.396654670455066527e-01
3.397103828293407957e-01
3.397552926770377457e-01
3.398001965909505095e-01
3.398450945734304285e-01
3.398899866268274006e-01
3.399348727534897696e-01
3.399797529557642140e-01
3.400246272359960242e-01
3.400694955965288258e-01
3.401143580397046895e-01
3.401592145678642432e-01
3.402040651833465046e-01
3.402489098884889374e-01
3.402937486856275617e-01
3.403385815770967326e-01
3.403834085652293062e-01
3.404282296523566398e-01
3.404730448408085364e-01
3.405178541329133002e-01
3.405626575309975701e-01
3.406074550373867083e-01
3.406522466544043004e-01
3.406970323843724890e-01
3.407418122296119734e-01
3.407865861924417872e-01
3.408313542751795766e-01
3.408761164801413224e-01
3.409208728096416174e-01
3.409656232659935005e-01
3.410103678515084558e-01
3.410551065684964689e-01
3.410998394192660266e-01
3.411445664061240612e-01
3.411892875313760065e-01
3.412340027973259082e-01
3.412787122062760914e-01
3.413234157605274932e-01
3.413681134623795521e-01
3.414128053141302077e-01
3.414574913180757898e-01
3.415021714765112959e-01
3.415468457917301137e-01
3.415915142660240766e-01
3.416361769016836303e-01
3.416808337009977770e-01
3.417254846662537981e-01
3.417701297997376986e-01
3.418147691037338731e-01
3.418594025805252734e-01
3.419040302323933522e-01
3.419486520616180636e-01
3.419932680704779182e-01
3.420378782612498725e-01
3.420824826362094395e-01
3.421270811976306336e-01
3.421716739477859703e-01
3.422162608889465774e-01
3.422608420233819726e-01
3.423054173533603417e-01
3.423499868811482050e-01
3.423945506090108060e-01
3.424391085392117229e-01
3.424836606740133127e-01
3.425282070156761560e-01
3.425727475664596122e-01
3.426172823286214864e-01
3.426618113044180847e-01
3.427063344961042146e-01
3.427508519059334069e-01
3.427953635361575269e-01
3.428398693890270521e-01
3.428843694667909614e-01
3.429288637716969568e-01
3.429733523059909639e-01
3.430178350719177427e-01
3.430623120717204988e-01
3.431067833076408835e-01
3.431512487819192159e-01
3.431957084967943716e-01
3.432401624545036722e-01
3.432846106572831069e-01
3.433290531073671659e-01
3.433734898069888408e-01
3.434179207583797910e-01
3.434623459637701215e-01
3.435067654253886049e-01
3.435511791454624597e-01
3.435955871262175720e-01
3.436399893698782737e-01
3.436843858786676198e-01
3.437287766548071111e-01
3.437731617005167495e-01
3.438175410180153158e-01
3.438619146095199253e-01
3.439062824772465277e-01
3.439506446234093517e-01
3.439950010502213495e-01
3.440393517598941409e-01
3.440836967546377356e-01
3.441280360366608115e-01
3.441723696081706585e-01
3.442166974713730676e-01
3.442610196284724422e-01
3.443053360816717423e-01
3.443496468331725957e-01
3.443939518851750758e-01
3.444382512398780349e-01
3.444825448994787154e-01
3.445268328661730828e-01
3.445711151421555485e-01
3.446153917296193026e-01
3.446596626307559808e-01
3.447039278477558866e-01
3.447481873828078802e-01
3.447924412380994341e-01
3.448366894158165774e-01
3.448809319181440070e-01
3.449251687472649763e-01
3.449693999053614069e-01
3.450136253946136655e-01
3.450578452172008426e-01
3.451020593753006405e-01
3.451462678710893739e-01
3.451904707067418587e-01
3.452346678844315786e-01
3.452788594063306848e-01
3.453230452746098300e-01
3.453672254914384454e-01
3.454114000589843525e-01
3.454555689794141515e-01
3.454997322548930550e-01
3.455438898875847209e-01
3.455880418796516973e-01
3.456321882332549222e-01
3.456763289505540016e-01
3.457204640337073198e-01
3.457645934848716518e-01
3.458087173062025510e-01
3.458528354998541832e-01
3.458969480679792152e-01
3.459410550127291484e-01
3.459851563362539295e-01
3.460292520407022288e-01
3.460733421282213285e-01
3.461174266009571787e-01
3.461615054610542863e-01
3.462055787106557703e-01
3.462496463519035839e-01
3.462937083869381261e-01
3.463377648178984636e-01
3.463818156469223308e-01
3.464258608761461855e-01
3.464699005077049310e-01
3.465139345437323048e-01
3.465579629863606015e-01
3.466019858377207830e-01
3.466460030999424236e-01
3.466900147751538208e-01
3.467340208654818290e-01
3.467780213730519701e-01
3.468220162999885448e-01
3.468660056484142995e-01
3.469099894204508150e-01
3.469539676182182841e-01
3.469979402438354010e-01
3.470419072994198051e-01
3.470858687870875259e-01
3.471298247089533717e-01
3.471737750671308742e-01
3.472177198637320661e-01
3.472616591008678144e-01
3.473055927806474874e-01
3.473495209051793431e-01
3.473934434765700296e-01
3.474373604969250851e-01
3.474812719683485485e-01
3.475251778929433488e-01
3.475690782728108608e-01
3.476129731100512377e-01
3.476568624067633007e-01
3.477007461650445941e-01
3.477446243869912190e-01
3.477884970746980553e-01
3.478323642302585950e-01
3.478762258557651088e-01
3.479200819533084799e-01
3.479639325249782034e-01
3.480077775728626088e-01
3.480516170990485825e-01
3.480954511056218448e-01
3.481392795946666174e-01
3.481831025682659009e-01
3.482269200285014743e-01
3.482707319774536181e-01
3.483145384172015024e-01
3.483583393498228542e-01
3.484021347773941235e-01
3.484459247019904837e-01
3.484897091256857760e-01
3.485334880505525645e-01
3.485772614786621371e-01
3.486210294120843378e-01
3.486647918528879564e-01
3.487085488031402836e-01
3.487523002649073334e-01
3.487960462402539541e-01
3.488397867312435507e-01
3.488835217399383071e-01
3.489272512683991301e-01
3.489709753186856500e-01
3.490146938928560538e-01
3.490584069929674738e-01
3.491021146210755988e-01
3.491458167792348410e-01
3.491895134694983915e-01
3.492332046939181089e-01
3.492768904545445752e-01
3.493205707534270954e-01
3.493642455926136980e-01
3.494079149741511348e-01
3.494515789000848804e-01
3.494952373724590777e-01
3.495388903933167035e-01
3.495825379646994024e-01
3.496261800886474869e-01
3.496698167672000479e-01
3.497134480023949554e-01
3.497570737962687470e-01
3.498006941508566836e-01
3.498443090681927492e-01
3.498879185503097067e-01
3.499315225992390976e-01
3.499751212170110759e-01
3.500187144056545741e-01
3.500623021671973034e-01
3.501058845036656986e-01
3.501494614170849173e-01
3.501930329094788408e-01
3.502365989828701287e-01
3.502801596392801642e-01
3.503237148807290535e-01
3.503672647092357373e-01
3.504108091268178238e-01
3.504543481354915890e-01
3.504978817372723099e-01
3.505414099341737089e-01
3.505849327282084538e-01
3.506284501213878801e-01
3.506719621157222133e-01
3.507154687132201798e-01
3.507589699158895069e-01
3.508024657257365342e-01
3.508459561447664354e-01
3.508894411749831077e-01
3.509329208183891158e-01
3.509763950769860252e-01
3.510198639527739028e-01
3.510633274477517052e-01
3.511067855639171120e-01
3.511502383032666930e-01
3.511936856677955743e-01
3.512371276594977720e-01
3.512805642803661366e-01
3.513239955323920749e-01
3.513674214175659394e-01
3.514108419378768611e-01
3.514542570953126388e-01
3.514976668918598501e-01
3.515410713295039069e-01
3.515844704102290552e-01
3.516278641360181534e-01
3.516712525088529495e-01
3.517146355307139149e-01
3.517580132035803553e-01
3.518013855294302994e-01
3.518447525102406104e-01
3.518881141479869301e-01
3.519314704446436237e-01
3.519748214021838906e-01
3.520181670225796533e-01
3.520615073078017798e-01
3.521048422598197503e-01
3.521481718806018790e-01
3.521914961721153148e-01
3.522348151363259849e-01
3.522781287751985402e-01
3.523214370906965764e-01
3.523647400847823019e-01
3.524080377594168700e-01
3.524513301165601020e-01
3.524946171581707643e-01
3.525378988862062357e-01
3.525811753026227846e-01
3.526244464093756248e-01
3.526677122084185267e-01
3.527109727017041507e-01
3.527542278911840468e-01
3.527974777788084881e-01
3.528407223665265824e-01
3.528839616562861603e-01
3.529271956500339980e-01
3.529704243497155391e-01
3.530136477572751730e-01
3.530568658746560118e-01
3.531000787037999467e-01
3.531432862466478140e-01
3.531864885051391734e-01
3.532296854812123632e-01
3.532728771768046117e-01
3.533160635938519256e-01
3.533592447342890908e-01
3.534024206000498380e-01
3.534455911930666216e-01
3.534887565152706745e-01
3.535319165685921750e-01
3.535750713549600244e-01
3.536182208763019585e-01
3.536613651345446030e-01
3.537045041316133620e-01
3.537476378694324186e-01
3.537907663499249011e-01
3.538338895750126611e-01
3.538770075466163845e-01
3.539201202666556467e-01
3.539632277370488578e-01
3.540063299597132618e-01
3.540494269365647706e-01
3.540925186695183524e-01
3.541356051604877542e-01
3.541786864113854461e-01
3.542217624241228435e-01
3.542648332006102518e-01
3.543078987427565885e-01
3.543509590524698827e-01
3.543940141316568315e-01
3.544370639822230218e-01
3.544801086060729300e-01
3.545231480051098116e-01
3.545661821812357561e-01
3.546092111363517430e-01
3.546522348723575857e-01
3.546952533911519878e-01
3.547382666946324314e-01
3.547812747846952885e-01
3.548242776632357653e-01
3.548672753321479578e-01
3.549102677933247407e-01
3.549532550486578786e-01
3.549962371000380257e-01
3.550392139493546706e-01
3.550821855984961362e-01
3.551251520493496350e-01
3.551681133038012694e-01
3.552110693637358652e-01
3.552540202310372486e-01
3.552969659075880249e-01
3.553399063952697445e-01
3.553828416959627368e-01
3.554257718115462761e-01
3.554686967438984158e-01
3.555116164948960988e-01
3.555545310664152137e-01
3.555974404603304273e-01
3.556403446785153522e-01
3.556832437228423238e-01
3.557261375951827898e-01
3.557690262974068096e-01
3.558119098313834439e-01
3.558547881989806982e-01
3.558976614020653573e-01
3.559405294425030397e-01
3.559833923221583651e-01
3.560262500428947874e-01
3.560691026065745390e-01
3.561119500150588535e-01
3.561547922702077984e-01
3.561976293738803312e-01
3.562404613279343546e-01
3.562832881342264946e-01
3.563261097946123779e-01
3.563689263109465211e-01
3.564117376850823304e-01
3.564545439188719911e-01
3.564973450141667444e-01
3.565401409728165549e-01
3.565829317966704437e-01
3.566257174875761549e-01
3.566684980473804334e-01
3.567112734779288585e-01
3.567540437810660103e-01
3.567968089586351921e-01
3.568395690124788189e-01
3.568823239444379181e-01
3.569250737563527398e-01
3.569678184500622020e-01
3.570105580274041124e-01
3.570532924902153904e-01
3.570960218403316788e-01
3.571387460795875102e-01
3.571814652098164178e-01
3.572241792328508248e-01
3.572668881505219884e-01
3.573095919646601670e-01
3.573522906770943974e-01
3.573949842896527729e-01
3.574376728041621654e-01
3.574803562224485032e-01
3.575230345463364379e-01
3.575657077776496773e-01
3.576083759182107635e-01
3.576510389698412395e-01
3.576936969343614825e-01
3.577363498135908149e-01
3.577789976093473934e-01
3.578216403234484866e-01
3.578642779577100863e-01
3.579069105139471851e-01
3.579495379939736655e-01
3.579921603996024104e-01
3.580347777326451375e-01
3.580773899949125094e-01
3.581199971882141342e-01
3.581625993143584541e-01
3.582051963751530232e-01
3.582477883724041190e-01
3.582903753079170750e-01
3.583329571834961147e-01
3.583755340009443513e-01
3.584181057620638988e-01
3.584606724686557611e-01
3.585032341225198316e-01
3.585457907254550602e-01
3.585883422792591757e-01
3.586308887857289074e-01
3.586734302466599855e-01
3.587159666638470301e-01
3.587584980390834954e-01
3.588010243741619476e-01
3.588435456708737870e-01
3.588860619310093591e-01
3.589285731563579551e-01
3.589710793487078111e-01
3.590135805098461086e-01
3.590560766415589744e-01
3.590985677456315361e-01
3.591410538238477002e-01
3.591835348779904846e-01
3.592260109098417975e-01
3.592684819211824365e-01
3.593109479137922557e-01
3.593534088894499989e-01
3.593958648499332997e-01
3.594383157970188480e-01
3.594807617324822235e-01
3.595232026580980067e-01
3.595656385756397233e-01
3.596080694868797334e-01
3.596504953935895088e-01
3.596929162975394112e-01
3.597353322004987475e-01
3.597777431042358254e-01
3.598201490105178979e-01
3.598625499211110523e-01
3.599049458377805988e-01
3.599473367622905151e-01
3.599897226964040020e-01
3.600321036418830389e-01
3.600744796004886061e-01
3.601168505739807402e-01
3.601592165641183119e-01
3.602015775726593039e-01
3.602439336013604776e-01
3.602862846519777063e-01
3.603286307262658639e-01
3.603709718259786032e-01
3.604133079528688000e-01
3.604556391086880529e-01
3.604979652951870728e-01
3.605402865141155710e-01
3.605826027672221490e-01
3.606249140562543531e-01
3.606672203829588419e-01
3.607095217490811634e-01
3.607518181563658666e-01
3.607941096065563902e-01
3.608363961013952848e-01
3.608786776426239906e-01
3.609209542319829489e-01
3.609632258712116015e-01
3.610054925620483912e-01
3.610477543062307060e-01
3.610900111054949346e-01
3.611322629615763558e-01
3.611745098762094153e-01
3.612167518511273934e-01
3.612589888880626265e-01
3.613012209887463966e-01
3.613434481549090971e-01
3.613856703882799004e-01
3.614278876905871463e-01
3.614701000635581196e-01
3.615123075089189952e-01
3.615545100283951152e-01
3.615967076237107114e-01
3.616389002965889610e-01
3.616810880487521529e-01
3.617232708819215214e-01
3.617654487978173017e-01
3.618076217981586740e-01
3.618497898846638750e-01
3.618919530590501976e-01
3.619341113230337692e-01
3.619762646783298843e-01
3.620184131266527272e-01
3.620605566697155386e-01
3.621026953092305600e-01
3.621448290469090336e-01
3.621869578844612025e-01
3.622290818235962551e-01
3.622712008660225469e-01
3.623133150134472125e-01
3.623554242675766646e-01
3.623975286301160392e-01
3.624396281027697508e-01
3.624817226872409925e-01
3.625238123852321803e-01
3.625658971984445089e-01
3.626079771285784514e-01
3.626500521773332597e-01
3.626921223464072974e-01
3.627341876374979845e-01
3.627762480523016864e-01
3.628183035925138800e-01
3.628603542598288767e-01
3.629024000559402108e-01
3.629444409825403617e-01
3.629864770413207542e-01
3.630285082339719804e-01
3.630705345621834668e-01
3.631125560276438069e-01
3.631545726320406509e-01
3.631965843770604829e-01
3.632385912643890102e-01
3.632805932957108297e-01
3.633225904727097055e-01
3.633645827970682363e-01
3.634065702704681877e-01
3.634485528945903821e-01
3.634905306711145312e-01
3.635325036017194589e-01
3.635744716880831007e-01
3.636164349318822819e-01
3.636583933347928843e-01
3.637003468984899568e-01
3.637422956246474381e-01
3.637842395149382679e-01
3.638261785710346641e-01
3.638681127946075677e-01
3.639100421873271984e-01
3.639519667508626655e-01
3.639938864868822455e-01
3.640358013970531603e-01
3.640777114830416883e-01
3.641196167465131639e-01
3.641615171891319225e-01
3.642034128125614112e-01
3.642453036184640780e-01
3.642871896085014827e-01
3.643290707843341303e-01
3.643709471476215822e-01
3.644128187000224561e-01
3.644546854431945926e-01
3.644965473787945553e-01
3.645384045084781865e-01
3.645802568339003846e-01
3.646221043567149378e-01
3.646639470785748571e-01
3.647057850011320990e-01
3.647476181260377315e-01
3.647894464549418236e-01
3.648312699894935007e-01
3.648730887313409998e-01
3.649149026821316144e-01
3.649567118435115831e-01
3.649985162171263120e-01
3.650403158046202634e-01
3.650821106076369005e-01
3.651239006278187982e-01
3.651656858668075323e-01
3.652074663262437904e-01
3.652492420077673163e-01
3.652910129130169103e-01
3.653327790436304290e-01
3.653745404012447850e-01
3.654162969874960032e-01
3.654580488040190533e-01
3.654997958524481283e-01
3.655415381344164216e-01
3.655832756515561832e-01
3.656250084054986638e-01
3.656667363978743923e-01
3.657084596303126767e-01
3.657501781044422140e-01
3.657918918218904802e-01
3.658336007842842297e-01
3.658753049932491619e-01
3.659170044504101993e-01
3.659586991573910986e-01
3.660003891158149503e-01
3.660420743273037902e-01
3.660837547934786551e-01
3.661254305159599154e-01
3.661671014963666648e-01
3.662087677363174421e-01
3.662504292374295645e-01
3.662920860013196278e-01
3.663337380296031731e-01
3.663753853238949643e-01
3.664170278858087104e-01
3.664586657169572881e-01
3.665002988189526856e-01
3.665419271934057810e-01
3.665835508419268418e-01
3.666251697661249143e-01
3.666667839676084339e-01
3.667083934479846152e-01
3.667499982088600063e-01
3.667915982518401563e-01
3.668331935785296705e-01
3.668747841905322660e-01
3.669163700894508273e-01
3.669579512768871288e-01
3.669995277544423340e-01
3.670410995237163854e-01
3.670826665863086147e-01
3.671242289438171880e-01
3.671657865978395496e-01
3.672073395499722004e-01
3.672488878018106417e-01
3.672904313549495425e-01
3.673319702109827389e-01
3.673735043715031234e-01
3.674150338381025338e-01
3.674565586123721417e-01
3.674980786959021195e-01
3.675395940902816960e-01
3.675811047970992673e-01
3.676226108179422858e-01
3.676641121543973711e-01
3.677056088080501994e-01
3.677471007804856140e-01
3.677885880732874035e-01
3.678300706880386906e-01
3.678715486263214873e-01
3.679130218897170845e-01
3.679544904798058291e-01
3.679959543981671244e-01
3.680374136463794854e-01
3.680788682260206501e-01
3.681203181386674128e-01
3.681617633858955685e-01
3.682032039692801906e-01
3.682446398903953533e-01
3.682860711508142981e-01
3.683274977521093785e-01
3.683689196958520595e-01
3.684103369836129183e-01
3.684517496169616435e-01
3.684931575974670914e-01
3.685345609266971190e-01
3.685759596062188614e-01
3.686173536375984550e-01
3.686587430224011475e-01
3.687001277621914652e-01
3.687415078585328243e-01
3.687828833129879746e-01
3.688242541271186670e-01
3.688656203024857638e-01
3.689069818406494061e-01
3.689483387431686801e-01
3.689896910116018947e-01
3.690310386475064708e-01
3.690723816524389411e-01
3.691137200279549502e-01
3.691550537756093098e-01
3.691963828969559991e-01
3.692377073935480536e-01
3.692790272669376206e-01
3.693203425186760702e-01
3.693616531503138845e-01
3.694029591634005460e-01
3.694442605594848716e-01
3.694855573401147342e-01
3.695268495068370629e-01
3.695681370611979544e-01
3.696094200047427836e-01
3.696506983390158707e-01
3.696919720655608144e-01
3.697332411859202694e-01
3.697745057016360581e-01
3.698157656142491145e-01
3.698570209252995400e-01
3.698982716363266032e-01
3.699395177488686848e-01
3.699807592644633325e-01
3.700219961846471506e-01
3.700632285109560216e-01
3.701044562449248843e-01
3.701456793880877894e-01
3.701868979419780659e-01
3.702281119081280436e-01
3.702693212880693308e-01
3.703105260833325363e-01
3.703517262954476030e-01
3.703929219259434191e-01
3.704341129763482066e-01
3.704752994481892436e-01
3.705164813429929205e-01
3.705576586622848501e-01
3.705988314075898127e-01
3.706399995804317005e-01
3.706811631823335174e-01
3.707223222148175457e-01
3.707634766794050685e-01
3.708046265776167028e-01
3.708457719109720663e-01
3.708869126809899996e-01
3.709280488891884553e-01
3.709691805370846640e-01
3.710103076261948574e-01
3.710514301580346008e-01
3.710925481341184051e-01
3.711336615559601704e-01
3.711747704250727975e-01
3.712158747429684102e-01
3.712569745111582997e-01
3.712980697311528688e-01
3.713391604044617433e-01
3.713802465325937163e-01
3.714213281170567482e-01
3.714624051593578558e-01
3.715034776610033895e-01
3.715445456234988120e-01
3.715856090483485863e-01
3.716266679370566761e-01
3.716677222911258793e-01
3.717087721120583832e-01
3.717498174013554313e-01
3.717908581605175455e-01
3.718318943910443042e-01
3.718729260944345638e-01
3.719139532721862373e-01
3.719549759257965160e-01
3.719959940567617029e-01
3.720370076665773240e-01
3.720780167567380170e-01
3.721190213287376980e-01
3.721600213840693394e-01
3.722010169242251920e-01
3.722420079506966184e-01
3.722829944649742040e-01
3.723239764685476461e-01
3.723649539629059202e-01
3.724059269495371138e-01
3.724468954299285928e-01
3.724878594055666681e-01
3.725288188779371512e-01
3.725697738485247990e-01
3.726107243188136464e-01
3.726516702902869516e-01
3.726926117644270287e-01
3.727335487427154703e-01
3.727744812266330920e-01
3.728154092176597656e-01
3.728563327172747521e-01
3.728972517269562581e-01
3.729381662481819348e-01
3.729790762824283235e-01
3.730199818311714655e-01
3.730608828958864032e-01
3.731017794780474017e-01
3.731426715791279491e-01
3.731835592006007007e-01
3.732244423439375347e-01
3.732653210106094965e-01
3.733061952020867991e-01
3.733470649198389890e-01
3.733879301653346139e-01
3.734287909400415550e-01
3.734696472454268057e-01
3.735104990829566374e-01
3.735513464540964890e-01
3.735921893603109667e-01
3.736330278030638996e-01
3.736738617838183396e-01
3.737146913040364504e-01
3.737555163651797296e-01
3.737963369687088422e-01
3.738371531160835648e-01
3.738779648087629526e-01
3.739187720482052835e-01
3.739595748358679472e-01
3.740003731732076120e-01
3.740411670616801687e-01
3.740819565027406757e-01
3.741227414978434140e-01
3.741635220484418323e-01
3.742042981559886572e-01
3.742450698219357275e-01
3.742858370477342156e-01
3.743265998348344059e-01
3.743673581846858611e-01
3.744081120987373112e-01
3.744488615784366536e-01
3.744896066252311195e-01
3.745303472405670520e-01
3.745710834258900723e-01
3.746118151826449139e-01
3.746525425122756991e-01
3.746932654162256071e-01
3.747339838959370395e-01
3.747746979528517319e-01
3.748154075884105874e-01
3.748561128040536761e-01
3.748968136012202912e-01
3.749375099813490042e-01
3.749782019458775539e-01
3.750188894962429575e-01
3.750595726338813996e-01
3.751002513602282873e-01
3.751409256767182510e-01
3.751815955847852546e-01
3.752222610858622631e-01
3.752629221813816307e-01
3.753035788727749344e-01
3.753442311614728633e-01
3.753848790489054954e-01
3.754255225365020210e-01
3.754661616256907974e-01
3.755067963178996271e-01
3.755474266145552575e-01
3.755880525170839368e-01
3.756286740269109692e-01
3.756692911454609374e-01
3.757099038741576469e-01
3.757505122144241816e-01
3.757911161676827372e-01
3.758317157353548987e-01
3.758723109188614186e-01
3.759129017196221612e-01
3.759534881390564354e-01
3.759940701785826622e-01
3.760346478396184300e-01
3.760752211235807718e-01
3.761157900318858327e-01
3.761563545659488694e-01
3.761969147271846392e-01
3.762374705170069000e-01
3.762780219368287993e-01
3.763185689880626517e-01
3.763591116721200502e-01
3.763996499904118109e-01
3.764401839443479725e-01
3.764807135353378520e-01
3.765212387647899339e-01
3.765617596341120921e-01
3.766022761447112566e-01
3.766427882979937469e-01
3.766832960953650500e-01
3.767237995382299309e-01
3.767642986279923778e-01
3.768047933660556570e-01
3.768452837538222577e-01
3.768857697926938921e-01
3.769262514840716061e-01
3.769667288293555574e-01
3.770072018299452932e-01
3.770476704872395279e-01
3.770881348026361990e-01
3.771285947775325775e-01
3.771690504133251576e-01
3.772095017114096560e-01
3.772499486731810125e-01
3.772903913000335563e-01
3.773308295933607281e-01
3.773712635545552474e-01
3.774116931850091672e-01
3.774521184861137080e-01
3.774925394592594241e-01
3.775329561058359817e-01
3.775733684272324919e-01
3.776137764248372330e-01
3.776541801000377063e-01
3.776945794542206913e-01
3.777349744887722460e-01
3.777753652050777067e-01
3.778157516045216324e-01
3.778561336884878608e-01
3.778965114583595075e-01
3.779368849155188559e-01
3.779772540613475784e-01
3.780176188972265150e-01
3.780579794245358394e-01
3.780983356446549482e-01
3.781386875589625163e-01
3.781790351688364415e-01
3.782193784756539556e-01
3.782597174807915130e-01
3.783000521856248466e-01
3.783403825915289120e-01
3.783807086998780544e-01
3.784210305120457307e-01
3.784613480294048427e-01
3.785016612533273483e-01
3.785419701851846508e-01
3.785822748263473203e-01
3.786225751781852611e-01
3.786628712420676557e-01
3.787031630193628540e-01
3.787434505114385952e-01
3.787837337196618970e-01
3.788240126453988887e-01
3.788642872900152003e-01
3.789045576548755179e-01
3.789448237413440279e-01
3.789850855507839733e-01
3.790253430845579863e-01
3.790655963440279774e-01
3.791058453305551357e-01
3.791460900454998728e-01
3.791863304902219345e-01
3.792265666660803447e-01
3.792667985744334058e-01
3.793070262166385875e-01
3.793472495940528044e-01
3.793874687080321939e-01
3.794276835599321163e-01
3.794678941511072656e-01
3.795081004829116700e-01
3.795483025566985247e-01
3.795885003738204144e-01
3.796286939356291468e-01
3.796688832434758631e-01
3.797090682987108723e-01
3.797492491026838723e-01
3.797894256567438953e-01
3.798295979622391405e-01
3.798697660205171411e-01
3.799099298329247643e-01
3.799500894008080443e-01
3.799902447255125160e-01
3.800303958083827149e-01
3.800705426507627882e-01
3.801106852539958836e-01
3.801508236194245938e-01
3.801909577483907898e-01
3.802310876422356212e-01
3.802712133022995711e-01
3.803113347299222902e-01
3.803514519264428184e-01
3.803915648931995297e-01
3.804316736315300207e-01
3.804717781427711665e-01
3.805118784282592315e-01
3.805519744893296474e-01
3.805920663273172910e-01
3.806321539435562062e-01
3.806722373393797709e-01
3.807123165161207523e-01
3.807523914751110850e-01
3.807924622176820928e-01
3.808325287451643226e-01
3.808725910588876551e-01
3.809126491601813602e-01
3.809527030503738754e-01
3.809927527307929718e-01
3.810327982027658100e-01
3.810728394676187736e-01
3.811128765266775242e-01
3.811529093812671687e-01
3.811929380327118699e-01
3.812329624823353469e-01
3.812729827314604858e-01
3.813129987814095623e-01
3.813530106335040193e-01
3.813930182890648002e-01
3.814330217494120157e-01
3.814730210158650547e-01
3.815130160897428069e-01
3.815530069723632178e-01
3.815929936650437893e-01
3.816329761691011346e-01
3.816729544858513123e-01
3.817129286166096036e-01
3.817528985626906235e-01
3.817928643254083210e-01
3.818328259060759788e-01
3.818727833060061583e-01
3.819127365265106988e-01
3.819526855689008293e-01
3.819926304344870571e-01
3.820325711245791678e-01
3.820725076404862808e-01
3.821124399835169050e-01
3.821523681549788276e-01
3.821922921561790587e-01
3.822322119884240532e-01
3.822721276530195444e-01
3.823120391512705440e-01
3.823519464844813975e-01
3.823918496539558398e-01
3.824317486609968286e-01
3.824716435069067111e-01
3.825115341929871127e-01
3.825514207205389927e-01
3.825913030908626444e-01
3.826311813052576949e-01
3.826710553650230495e-01
3.827109252714569476e-01
3.827507910258569623e-01
3.827906526295200562e-01
3.828305100837424146e-01
3.828703633898195569e-01
3.829102125490464470e-01
3.829500575627172165e-01
3.829898984321254418e-01
3.830297351585639776e-01
3.830695677433249569e-01
3.831093961877000131e-01
3.831492204929798362e-01
3.831890406604547272e-01
3.832288566914141548e-01
3.832686685871469767e-01
3.833084763489412738e-01
3.833482799780846273e-01
3.833880794758637856e-01
3.834278748435649975e-01
3.834676660824737349e-01
3.835074531938747477e-01
3.835472361790523421e-01
3.835870150392898803e-01
3.836267897758702250e-01
3.836665603900756283e-01
3.837063268831874541e-01
3.837460892564866222e-01
3.837858475112533307e-01
3.838256016487670008e-01
3.838653516703065538e-01
3.839050975771501339e-01
3.839448393705753304e-01
3.839845770518588997e-01
3.840243106222771541e-01
3.840640400831055734e-01
3.841037654356190822e-01
3.841434866810918836e-01
3.841832038207975142e-01
3.842229168560089558e-01
3.842626257879984131e-01
3.843023306180374243e-01
3.843420313473970840e-01
3.843817279773474871e-01
3.844214205091583958e-01
3.844611089440987395e-01
3.845007932834368369e-01
3.845404735284403408e-01
3.845801496803762376e-01
3.846198217405109032e-01
3.846594897101099919e-01
3.846991535904386583e-01
3.847388133827612244e-01
3.847784690883414571e-01
3.848181207084424571e-01
3.848577682443266035e-01
3.848974116972557757e-01
3.849370510684910762e-01
3.849766863592930521e-01
3.850163175709214736e-01
3.850559447046355555e-01
3.850955677616939021e-01
3.851351867433543408e-01
3.851748016508741990e-01
3.852144124855100271e-01
3.852540192485178205e-01
3.852936219411529084e-01
3.853332205646699538e-01
3.853728151203230090e-01
3.854124056093654049e-01
3.854519920330499172e-01
3.854915743926286553e-01
3.855311526893530627e-01
3.855707269244739721e-01
3.856102970992414947e-01
3.856498632149052419e-01
3.856894252727140482e-01
3.857289832739161928e-01
3.857685372197592888e-01
3.858080871114903387e-01
3.858476329503555680e-01
3.858871747376007577e-01
3.859267124744709676e-01
3.859662461622105911e-01
3.860057758020633556e-01
3.860453013952725443e-01
3.860848229430804968e-01
3.861243404467292195e-01
3.861638539074599419e-01
3.862033633265131716e-01
3.862428687051289167e-01
3.862823700445465747e-01
3.863218673460047659e-01
3.863613606107416110e-01
3.864008498399945091e-01
3.864403350350003041e-01
3.864798161969951185e-01
3.865192933272145193e-01
3.865587664268934076e-01
3.865982354972660739e-01
3.866377005395661981e-01
3.866771615550267382e-01
3.867166185448801530e-01
3.867560715103581237e-01
3.867955204526918878e-01
3.868349653731118498e-01
3.868744062728479149e-01
3.869138431531294331e-01
3.869532760151849216e-01
3.869927048602423980e-01
3.870321296895292695e-01
3.870715505042722770e-01
3.871109673056974954e-01
3.871503800950305552e-01
3.871897888734961990e-01
3.872291936423187808e-01
3.872685944027218774e-01
3.873079911559285105e-01
3.873473839031610910e-01
3.873867726456413640e-01
3.874261573845905193e-01
3.874655381212290250e-01
3.875049148567767943e-01
3.875442875924531849e-01
3.875836563294767778e-01
3.876230210690656541e-01
3.876623818124372289e-01
3.877017385608083622e-01
3.877410913153951921e-01
3.877804400774133575e-01
3.878197848480778309e-01
3.878591256286028632e-01
3.878984624202022058e-01
3.879377952240890548e-01
3.879771240414758848e-01
3.880164488735745598e-01
3.880557697215962776e-01
3.880950865867518473e-01
3.881343994702512457e-01
3.881737083733038385e-01
3.882130132971185477e-01
3.882523142429035734e-01
3.882916112118664498e-01
3.883309042052142113e-01
3.883701932241532262e-01
3.884094782698892523e-01
3.884487593436274366e-01
3.884880364465723712e-01
3.885273095799279264e-01
3.885665787448975284e-01
3.886058439426837707e-01
3.886451051744889140e-01
3.886843624415143861e-01
3.887236157449611151e-01
3.887628650860293633e-01
3.888021104659188376e-01
3.888413518858286344e-01
3.888805893469572394e-01
3.889198228505024724e-01
3.889590523976617087e-01
3.889982779896315468e-01
3.890374996276080299e-01
3.890767173127867018e-01
3.891159310463623844e-01
3.891551408295292891e-01
3.891943466634811277e-01
3.892335485494109459e-01
3.892727464885111788e-01
3.893119404819737062e-01
3.893511305309897974e-01
3.893903166367500557e-01
3.894294988004445845e-01
3.894686770232628215e-01
3.895078513063936487e-01
3.895470216510253381e-01
3.895861880583454950e-01
3.896253505295412256e-01
3.896645090657990251e-01
3.897036636683047228e-01
3.897428143382436483e-01
3.897819610768004650e-01
3.898211038851592813e-01
3.898602427645035395e-01
3.898993777160162377e-01
3.899385087408795969e-01
3.899776358402753940e-01
3.900167590153846842e-01
3.900558782673880787e-01
3.900949935974655225e-01
3.901341050067962390e-01
3.901732124965591186e-01
3.902123160679323299e-01
3.902514157220933755e-01
3.902905114602192582e-01
3.903296032834863705e-01
3.903686911930705494e-01
3.904077751901470217e-01
3.904468552758904587e-01
3.904859314514748103e-01
3.905250037180735823e-01
3.905640720768596141e-01
3.906031365290052459e-01
3.906421970756822071e-01
3.906812537180615053e-01
3.907203064573137041e-01
3.907593552946087567e-01
3.907984002311160610e-01
3.908374412680043486e-01
3.908764784064418518e-01
3.909155116475960812e-01
3.909545409926341586e-01
3.909935664427225399e-01
3.910325879990270148e-01
3.910716056627128734e-01
3.911106194349449061e-01
3.911496293168870708e-01
3.911886353097030478e-01
3.912276374145557400e-01
3.912666356326075512e-01
3.913056299650202186e-01
3.913446204129550354e-01
3.913836069775726290e-01
3.914225896600330157e-01
3.914615684614957125e-01
3.915005433831196813e-01
3.915395144260631621e-01
3.915784815914839512e-01
3.916174448805392894e-01
3.916564042943856960e-01
3.916953598341792464e-01
3.917343115010753496e-01
3.917732592962289706e-01
3.918122032207943528e-01
3.918511432759252400e-01
3.918900794627748208e-01
3.919290117824956732e-01
3.919679402362398202e-01
3.920068648251586740e-01
3.920457855504031475e-01
3.920847024131235425e-01
3.921236154144695507e-01
3.921625245555903638e-01
3.922014298376345076e-01
3.922403312617501192e-01
3.922792288290846141e-01
3.923181225407848527e-01
3.923570123979971402e-01
3.923958984018672269e-01
3.924347805535403078e-01
3.924736588541610227e-01
3.925125333048734011e-01
3.925514039068209171e-01
3.925902706611464343e-01
3.926291335689923723e-01
3.926679926315005398e-01
3.927068478498120241e-01
3.927456992250676349e-01
3.927845467584073491e-01
3.928233904509707552e-01
3.928622303038968311e-01
3.929010663183238883e-01
3.929398984953898499e-01
3.929787268362319730e-01
3.930175513419869593e-01
3.930563720137910111e-01
3.930951888527796645e-01
3.931340018600879005e-01
3.931728110368503115e-01
3.932116163842007683e-01
3.932504179032725866e-01
3.932892155951985824e-01
3.933280094611110167e-01
3.933667995021415398e-01
3.934055857194213024e-01
3.934443681140808446e-01
3.934831466872500960e-01
3.935219214400586529e-01
3.935606923736353346e-01
3.935994594891084608e-01
3.936382227876057960e-01
3.936769822702546606e-01
3.937157379381815980e-01
3.937544897925128740e-01
3.937932378343739215e-01
3.938319820648897851e-01
3.938707224851849542e-01
3.939094590963833076e-01
3.939481918996082244e-01
3.939869208959824731e-01
3.940256460866283228e-01
3.940643674726674317e-01
3.941030850552209586e-01
3.941417988354095625e-01
3.941805088143531810e-01
3.942192149931713629e-01
3.942579173729831021e-01
3.942966159549067262e-01
3.943353107400601187e-01
3.943740017295605527e-01
3.944126889245248013e-01
3.944513723260690274e-01
3.944900519353089496e-01
3.945287277533596204e-01
3.945673997813356482e-01
3.946060680203510307e-01
3.946447324715192662e-01
3.946833931359532421e-01
3.947220500147653466e-01
3.947607031090674679e-01
3.947993524199708282e-01
3.948379979485862057e-01
3.948766396960238234e-01
3.949152776633933493e-01
3.949539118518038405e-01
3.949925422623639659e-01
3.950311688961817280e-01
3.950697917543645743e-01
3.951084108380195081e-01
3.951470261482529223e-01
3.951856376861707099e-01
3.952242454528781535e-01
3.952628494494800915e-01
3.953014496770808073e-01
3.953400461367839180e-01
3.953786388296927079e-01
3.954172277569097393e-01
3.954558129195371308e-01
3.954943943186765010e-01
3.955329719554287471e-01
3.955715458308944887e-01
3.956101159461736239e-01
3.956486823023655508e-01
3.956872449005691683e-01
3.957258037418828200e-01
3.957643588274042945e-01
3.958029101582309361e-01
3.958414577354594233e-01
3.958800015601859901e-01
3.959185416335062602e-01
3.959570779565154686e-01
3.959956105303081286e-01
3.960341393559784207e-01
3.960726644346198033e-01
3.961111857673252912e-01
3.961497033551873992e-01
3.961882171992980317e-01
3.962267273007487045e-01
3.962652336606302117e-01
3.963037362800329588e-01
3.963422351600467963e-01
3.963807303017609640e-01
3.964192217062642576e-01
3.964577093746449177e-01
3.964961933079906853e-01
3.965346735073886908e-01
3.965731499739256760e-01
3.966116227086877166e-01
3.966500917127604442e-01
3.966885569872289907e-01
3.967270185331777665e-01
3.967654763516909600e-01
3.968039304438519266e-01
3.968423808107438000e-01
3.968808274534489366e-01
3.969192703730492489e-01
3.969577095706262049e-01
3.969961450472607178e-01
3.970345768040330348e-01
3.970730048420231251e-01
3.971114291623101811e-01
3.971498497659730620e-01
3.971882666540900719e-01
3.972266798277388489e-01
3.972650892879967532e-01
3.973034950359404238e-01
3.973418970726460553e-01
3.973802953991892872e-01
3.974186900166453706e-01
3.974570809260888349e-01
3.974954681285938207e-01
3.975338516252339138e-01
3.975722314170822558e-01
3.976106075052113220e-01
3.976489798906931439e-01
3.976873485745993086e-01
3.977257135580008485e-01
3.977640748419681294e-01
3.978024324275712398e-01
3.978407863158795466e-01
3.978791365079620834e-01
3.979174830048872180e-01
3.979558258077228738e-01
3.979941649175364748e-01
3.980325003353948898e-01
3.980708320623644880e-01
3.981091600995110835e-01
3.981474844479001018e-01
3.981858051085963579e-01
3.982241220826641115e-01
3.982624353711672338e-01
3.983007449751689855e-01
3.983390508957321829e-01
3.983773531339190876e-01
3.984156516907914058e-01
3.984539465674105108e-01
3.984922377648370539e-01
3.985305252841312984e-01
3.985688091263530075e-01
3.986070892925613340e-01
3.986453657838150422e-01
3.986836386011722855e-01
3.987219077456907734e-01
3.987601732184276604e-01
3.987984350204397122e-01
3.988366931527830284e-01
3.988749476165133201e-01
3.989131984126856878e-01
3.989514455423548434e-01
3.989896890065748880e-01
3.990279288063995344e-01
3.990661649428818292e-01
3.991043974170744302e-01
3.991426262300295513e-01
3.991808513827986848e-01
3.992190728764330454e-01
3.992572907119832371e-01
3.992955048904994197e-01
3.993337154130310873e-01
3.993719222806274560e-01
3.994101254943371315e-01
3.994483250552081643e-01
3.994865209642882165e-01
3.995247132226243947e-01
3.995629018312633063e-01
3.996010867912510034e-01
3.996392681036331496e-01
3.996774457694548532e-01
3.997156197897606678e-01
3.997537901655948134e-01
3.997919568980007887e-01
3.998301199880218149e-01
3.998682794367003912e-01
3.999064352450787396e-01
3.999445874141984714e-01
3.999827359451006425e-01
4.000208808388259207e-01
4.000590220964144739e-01
4.000971597189059148e-01
4.001352937073394123e-01
4.001734240627535244e-01
4.002115507861865318e-01
4.002496738786759933e-01
4.002877933412590794e-01
4.003259091749725718e-01
4.003640213808525306e-01
4.004021299599346828e-01
4.004402349132542005e-01
4.004783362418458115e-01
4.005164339467437440e-01
4.005545280289816712e-01
4.005926184895928222e-01
4.006307053296099818e-01
4.006687885500653246e-01
4.007068681519906361e-01
4.007449441364171472e-01
4.007830165043756998e-01
4.008210852568965255e-01
4.008591503950094670e-01
4.008972119197437567e-01
4.009352698321282937e-01
4.009733241331913112e-01
4.010113748239607645e-01
4.010494219054638876e-01
4.010874653787276367e-01
4.011255052447783576e-01
4.011635415046419517e-01
4.012015741593438212e-01
4.012396032099088683e-01
4.012776286573616069e-01
4.013156505027258847e-01
4.013536687470252162e-01
4.013916833912826165e-01
4.014296944365205455e-01
4.014677018837609634e-01
4.015057057340254976e-01
4.015437059883351645e-01
4.015817026477104812e-01
4.016196957131715761e-01
4.016576851857380226e-01
4.016956710664289498e-01
4.017336533562630430e-01
4.017716320562583210e-01
4.018096071674325809e-01
4.018475786908029534e-01
4.018855466273861810e-01
4.019235109781985060e-01
4.019614717442556162e-01
4.019994289265728660e-01
4.020373825261649436e-01
4.020753325440462600e-01
4.021132789812305597e-01
4.021512218387313098e-01
4.021891611175613113e-01
4.022270968187329765e-01
4.022650289432582738e-01
4.023029574921486162e-01
4.023408824664149175e-01
4.023788038670678135e-01
4.024167216951171633e-01
4.024546359515726035e-01
4.024925466374432159e-01
4.025304537537375271e-01
4.025683573014636751e-01
4.026062572816293539e-01
4.026441536952417022e-01
4.026820465433073593e-01
4.027199358268326312e-01
4.027578215468232137e-01
4.027957037042844135e-01
4.028335823002209826e-01
4.028714573356373396e-01
4.029093288115372373e-01
4.029471967289241507e-01
4.029850610888009443e-01
4.030229218921700940e-01
4.030607791400335760e-01
4.030986328333928670e-01
4.031364829732490551e-01
4.031743295606026178e-01
4.032121725964536996e-01
4.032500120818018896e-01
4.032878480176463887e-01
4.033256804049858979e-01
4.033635092448186188e-01
4.034013345381422533e-01
4.034391562859541702e-01
4.034769744892511278e-01
4.035147891490294958e-01
4.035526002662851441e-01
4.035904078420134988e-01
4.036282118772095417e-01
4.036660123728676997e-01
4.037038093299820107e-01
4.037416027495460136e-01
4.037793926325528582e-01
4.038171789799951394e-01
4.038549617928650082e-01
4.038927410721541711e-01
4.039305168188538353e-01
4.039682890339548194e-01
4.040060577184473867e-01
4.040438228733213566e-01
4.040815844995662154e-01
4.041193425981707832e-01
4.041570971701235471e-01
4.041948482164124945e-01
4.042325957380252244e-01
4.042703397359487250e-01
4.043080802111696515e-01
4.043458171646741039e-01
4.043835505974478495e-01
4.044212805104760999e-01
4.044590069047436232e-01
4.044967297812347429e-01
4.045344491409332832e-01
4.045721649848226797e-01
4.046098773138858129e-01
4.046475861291052301e-01
4.046852914314629235e-01
4.047229932219404969e-01
4.047606915015189988e-01
4.047983862711791447e-01
4.048360775319010396e-01
4.048737652846645108e-01
4.049114495304487749e-01
4.049491302702327711e-01
4.049868075049947169e-01
4.050244812357126634e-01
4.050621514633639952e-01
4.050998181889257643e-01
4.051374814133745228e-01
4.051751411376863232e-01
4.052127973628368851e-01
4.052504500898013728e-01
4.052880993195544512e-01
4.053257450530705630e-01
4.053633872913234293e-01
4.054010260352864936e-01
4.054386612859325889e-01
4.054762930442343261e-01
4.055139213111637053e-01
4.055515460876922273e-01
4.055891673747911153e-01
4.056267851734310370e-01
4.056643994845821055e-01
4.057020103092142671e-01
4.057396176482967465e-01
4.057772215027984353e-01
4.058148218736878365e-01
4.058524187619328427e-01
4.058900121685010132e-01
4.059276020943594632e-01
4.059651885404748084e-01
4.060027715078132760e-01
4.060403509973405378e-01
4.060779270100219884e-01
4.061154995468224116e-01
4.061530686087062580e-01
4.061906341966374789e-01
4.062281963115795258e-01
4.062657549544955726e-01
4.063033101263481273e-01
4.063408618280994755e-01
4.063784100607112926e-01
4.064159548251449205e-01
4.064534961223611464e-01
4.064910339533204242e-01
4.065285683189826527e-01
4.065660992203073976e-01
4.066036266582537251e-01
4.066411506337802573e-01
4.066786711478451721e-01
4.067161882014062591e-01
4.067537017954208078e-01
4.067912119308457197e-01
4.068287186086372853e-01
4.068662218297516842e-01
4.069037215951442632e-01
4.069412179057702583e-01
4.069787107625842948e-01
4.070162001665406093e-01
4.070536861185929389e-01
4.070911686196946877e-01
4.071286476707987045e-01
4.071661232728575608e-01
4.072035954268231062e-01
4.072410641336471349e-01
4.072785293942806639e-01
4.073159912096744328e-01
4.073534495807787370e-01
4.073909045085434832e-01
4.074283559939179677e-01
4.074658040378512092e-01
4.075032486412917820e-01
4.075406898051877058e-01
4.075781275304867224e-01
4.076155618181359630e-01
4.076529926690823369e-01
4.076904200842721426e-01
4.077278440646512903e-01
4.077652646111653012e-01
4.078026817247592528e-01
4.078400954063776673e-01
4.078775056569648449e-01
4.079149124774645307e-01
4.079523158688199702e-01
4.079897158319741313e-01
4.080271123678694822e-01
4.080645054774479918e-01
4.081018951616512958e-01
4.081392814214205855e-01
4.081766642576964976e-01
4.082140436714194465e-01
4.082514196635292358e-01
4.082887922349653920e-01
4.083261613866668305e-01
4.083635271195721894e-01
4.084008894346196072e-01
4.084382483327468338e-01
4.084756038148911750e-01
4.085129558819894369e-01
4.085503045349780926e-01
4.085876497747932268e-01
4.086249916023703133e-01
4.086623300186446039e-01
4.086996650245507401e-01
4.087369966210230854e-01
4.087743248089955594e-01
4.088116495894014712e-01
4.088489709631740188e-01
4.088862889312456783e-01
4.089236034945487042e-01
4.089609146540147955e-01
4.089982224105752628e-01
4.090355267651610838e-01
4.090728277187026252e-01
4.091101252721300319e-01
4.091474194263728936e-01
4.091847101823604116e-01
4.092219975410213983e-01
4.092592815032841669e-01
4.092965620700766971e-01
4.093338392423264693e-01
4.093711130209605753e-01
4.094083834069057182e-01
4.094456504010881015e-01
4.094829140044335403e-01
4.095201742178675164e-01
4.095574310423149567e-01
4.095946844787003993e-01
4.096319345279480495e-01
4.096691811909815573e-01
4.097064244687242951e-01
4.097436643620991359e-01
4.097809008720285640e-01
4.098181339994345085e-01
4.098553637452387322e-01
4.098925901103623870e-01
4.099298130957262365e-01
4.099670327022507110e-01
4.100042489308557414e-01
4.100414617824608143e-01
4.100786712579851390e-01
4.101158773583473693e-01
4.101530800844657709e-01
4.101902794372582206e-01
4.102274754176422067e-01
4.102646680265347734e-01
4.103018572648525208e-01
4.103390431335116606e-01
4.103762256334279601e-01
4.104134047655167983e-01
4.104505805306931654e-01
4.104877529298716632e-01
4.105249219639662828e-01
4.105620876338909042e-01
4.105992499405587415e-01
4.106364088848826754e-01
4.106735644677752539e-01
4.107107166901485251e-01
4.107478655529140932e-01
4.107850110569832847e-01
4.108221532032668710e-01
4.108592919926752907e-01
4.108964274261185934e-01
4.109335595045062739e-01
4.109706882287476604e-01
4.110078135997514148e-01
4.110449356184259773e-01
4.110820542856792881e-01
4.111191696024188436e-01
4.111562815695518625e-01
4.111933901879849529e-01
4.112304954586246120e-01
4.112675973823765596e-01
4.113046959601464603e-01
4.113417911928393123e-01
4.113788830813598363e-01
4.114159716266122535e-01
4.114530568295005075e-01
4.114901386909280423e-01
4.115272172117979133e-01
4.115642923930127872e-01
4.116013642354748314e-01
4.116384327400859910e-01
4.116754979077476007e-01
4.117125597393607728e-01
4.117496182358260648e-01
4.117866733980437011e-01
4.118237252269135173e-01
4.118607737233349053e-01
4.118978188882068681e-01
4.119348607224279646e-01
4.119718992268964763e-01
4.120089344025101297e-01
4.120459662501663178e-01
4.120829947707620455e-01
4.121200199651938734e-01
4.121570418343579734e-01
4.121940603791501290e-01
4.122310756004657351e-01
4.122680874991997424e-01
4.123050960762467132e-01
4.123421013325008211e-01
4.123791032688557956e-01
4.124161018862050887e-01
4.124530971854416528e-01
4.124900891674579961e-01
4.125270778331462940e-01
4.125640631833983329e-01
4.126010452191054556e-01
4.126380239411587270e-01
4.126749993504485459e-01
4.127119714478652002e-01
4.127489402342984781e-01
4.127859057106376683e-01
4.128228678777717819e-01
4.128598267365893859e-01
4.128967822879786587e-01
4.129337345328273901e-01
4.129706834720229813e-01
4.130076291064524452e-01
4.130445714370022392e-01
4.130815104645587099e-01
4.131184461900075933e-01
4.131553786142342366e-01
4.131923077381237652e-01
4.132292335625606938e-01
4.132661560884292595e-01
4.133030753166133109e-01
4.133399912479962524e-01
4.133769038834611553e-01
4.134138132238905916e-01
4.134507192701668554e-01
4.134876220231717414e-01
4.135245214837867667e-01
4.135614176528930042e-01
4.135983105313710828e-01
4.136352001201012429e-01
4.136720864199635028e-01
4.137089694318372146e-01
4.137458491566015639e-01
4.137827255951352368e-01
4.138195987483165306e-01
4.138564686170234097e-01
4.138933352021334500e-01
4.139301985045236720e-01
4.139670585250709300e-01
4.140039152646515785e-01
4.140407687241415835e-01
4.140776189044165223e-01
4.141144658063515838e-01
4.141513094308215681e-01
4.141881497787009425e-01
4.142249868508637300e-01
4.142618206481835097e-01
4.142986511715335829e-01
4.143354784217868070e-01
4.143723023998156507e-01
4.144091231064921943e-01
4.144459405426881848e-01
4.144827547092748699e-01
4.145195656071232193e-01
4.145563732371038146e-01
4.145931776000867375e-01
4.146299786969417922e-01
4.146667765285383389e-01
4.147035710957454047e-01
4.147403623994315724e-01
4.147771504404650922e-01
4.148139352197138252e-01
4.148507167380451888e-01
4.148874949963262670e-01
4.149242699954237001e-01
4.149610417362039061e-01
4.149978102195327478e-01
4.150345754462757553e-01
4.150713374172980696e-01
4.151080961334644992e-01
4.151448515956393526e-01
4.151816038046867718e-01
4.152183527614702885e-01
4.152550984668531564e-01
4.152918409216982409e-01
4.153285801268680189e-01
4.153653160832245783e-01
4.154020487916296744e-01
4.154387782529445627e-01
4.154755044680302767e-01
4.155122274377474056e-01
4.155489471629560394e-01
4.155856636445161012e-01
4.156223768832869592e-01
4.156590868801277039e-01
4.156957936358969818e-01
4.157324971514530509e-01
4.157691974276539471e-01
4.158058944653571509e-01
4.158425882654197547e-01
4.158792788286986841e-01
4.159159661560501986e-01
4.159526502483303911e-01
4.159893311063949661e-01
4.160260087310990729e-01
4.160626831232977496e-01
4.160993542838453685e-01
4.161360222135961906e-01
4.161726869134039219e-01
4.162093483841219910e-01
4.162460066266033820e-01
4.162826616417007464e-01
4.163193134302663467e-01
4.163559619931520572e-01
4.163926073312094744e-01
4.164292494452895843e-01
4.164658883362433173e-01
4.165025240049209376e-01
4.165391564521725432e-01
4.165757856788477320e-01
4.166124116857958248e-01
4.166490344738656981e-01
4.166856540439057843e-01
4.167222703967644049e-01
4.167588835332892150e-01
4.167954934543276480e-01
4.168321001607267484e-01
4.168687036533332280e-01
4.169053039329932986e-01
4.169419010005528947e-01
4.169784948568576177e-01
4.170150855027525694e-01
4.170516729390826294e-01
4.170882571666922334e-01
4.171248381864253729e-01
4.171614159991258175e-01
4.171979906056368370e-01
4.172345620068014793e-01
4.172711302034622372e-01
4.173076951964613257e-01
4.173442569866406826e-01
4.173808155748417459e-01
4.174173709619056205e-01
4.174539231486730229e-01
4.174904721359843918e-01
4.175270179246797220e-01
4.175635605155986196e-01
4.176000999095804134e-01
4.176366361074639322e-01
4.176731691100877830e-01
4.177096989182901288e-01
4.177462255329087437e-01
4.177827489547811246e-01
4.178192691847443241e-01
4.178557862236350062e-01
4.178923000722895575e-01
4.179288107315439760e-01
4.179653182022338709e-01
4.180018224851944630e-01
4.180383235812606402e-01
4.180748214912669014e-01
4.181113162160474683e-01
4.181478077564361184e-01
4.181842961132662406e-01
4.182207812873708908e-01
4.182572632795828471e-01
4.182937420907343329e-01
4.183302177216574602e-01
4.183666901731837306e-01
4.184031594461444792e-01
4.184396255413705412e-01
4.184760884596924746e-01
4.185125482019403931e-01
4.185490047689441329e-01
4.185854581615331416e-01
4.186219083805365337e-01
4.186583554267829244e-01
4.186947993011008173e-01
4.187312400043181060e-01
4.187676775372624616e-01
4.188041119007611668e-01
4.188405430956411157e-01
4.188769711227288695e-01
4.189133959828507114e-01
4.189498176768323701e-01
4.189862362054994072e-01
4.190226515696769405e-01
4.190590637701896992e-01
4.190954728078620795e-01
4.191318786835181998e-01
4.191682813979816791e-01
4.192046809520759143e-01
4.192410773466238583e-01
4.192774705824480752e-01
4.193138606603709073e-01
4.193502475812142527e-01
4.193866313457996209e-01
4.194230119549482438e-01
4.194593894094809094e-01
4.194957637102181836e-01
4.195321348579800769e-01
4.195685028535864336e-01
4.196048676978567094e-01
4.196412293916098601e-01
4.196775879356646755e-01
4.197139433308394452e-01
4.197502955779522371e-01
4.197866446778206195e-01
4.198229906312619386e-01
4.198593334390930965e-01
4.198956731021307176e-01
4.199320096211909825e-01
4.199683429970897941e-01
4.200046732306426112e-01
4.200410003226647260e-01
4.200773242739708757e-01
4.201136450853755200e-01
4.201499627576927853e-01
4.201862772917364652e-01
4.202225886883199646e-01
4.202588969482562997e-01
4.202952020723582094e-01
4.203315040614380438e-01
4.203678029163078200e-01
4.204040986377791667e-01
4.204403912266633792e-01
4.204766806837715309e-01
4.205129670099140848e-01
4.205492502059013371e-01
4.205855302725431955e-01
4.206218072106492900e-01
4.206580810210287513e-01
4.206943517044904324e-01
4.207306192618429086e-01
4.207668836938942558e-01
4.208031450014523833e-01
4.208394031853247008e-01
4.208756582463183404e-01
4.209119101852400457e-01
4.209481590028963383e-01
4.209844047000931289e-01
4.210206472776363285e-01
4.210568867363311818e-01
4.210931230769828226e-01
4.211293563003958851e-01
4.211655864073746702e-01
4.212018133987233126e-01
4.212380372752453361e-01
4.212742580377441537e-01
4.213104756870226231e-01
4.213466902238834910e-01
4.213829016491288937e-01
4.214191099635608007e-01
4.214553151679808485e-01
4.214915172631902296e-01
4.215277162499899144e-01
4.215639121291803182e-01
4.216001049015617452e-01
4.216362945679340557e-01
4.216724811290967212e-01
4.217086645858489913e-01
4.217448449389896714e-01
4.217810221893172340e-01
4.218171963376298184e-01
4.218533673847253418e-01
4.218895353314011110e-01
4.219257001784543770e-01
4.219618619266818360e-01
4.219980205768800174e-01
4.220341761298449512e-01
4.220703285863724452e-01
4.221064779472578632e-01
4.221426242132963469e-01
4.221787673852825939e-01
4.222149074640110800e-01
4.222510444502757254e-01
4.222871783448703398e-01
4.223233091485883439e-01
4.223594368622226591e-01
4.223955614865660957e-01
4.224316830224109642e-01
4.224678014705492979e-01
4.225039168317727967e-01
4.225400291068727721e-01
4.225761382966402580e-01
4.226122444018659552e-01
4.226483474233401760e-01
4.226844473618528442e-01
4.227205442181937167e-01
4.227566379931521068e-01
4.227927286875169388e-01
4.228288163020769153e-01
4.228649008376203500e-01
4.229009822949351682e-01
4.229370606748090733e-01
4.229731359780293243e-01
4.230092082053829028e-01
4.230452773576564574e-01
4.230813434356362479e-01
4.231174064401082568e-01
4.231534663718581335e-01
4.231895232316711386e-01
4.232255770203322554e-01
4.232616277386260784e-01
4.232976753873369802e-01
4.233337199672487783e-01
4.233697614791452346e-01
4.234057999238095560e-01
4.234418353020247272e-01
4.234778676145733445e-01
4.235138968622377265e-01
4.235499230457998587e-01
4.235859461660412828e-01
4.236219662237433736e-01
4.236579832196870621e-01
4.236939971546529460e-01
4.237300080294214011e-01
4.237660158447723036e-01
4.238020206014853630e-01
4.238380223003398450e-01
4.238740209421146821e-01
4.239100165275885845e-01
4.239460090575398743e-01
4.239819985327464846e-01
4.240179849539860157e-01
4.240539683220359568e-01
4.240899486376731309e-01
4.241259259016743055e-01
4.241619001148157486e-01
4.241978712778735061e-01
4.242338393916232353e-01
4.242698044568402604e-01
4.243057664742996837e-01
4.243417254447761078e-01
4.243776813690439131e-01
4.244136342478771473e-01
4.244495840820494692e-01
4.244855308723343712e-01
4.245214746195047906e-01
4.245574153243334981e-01
4.245933529875928758e-01
4.246292876100549729e-01
4.246652191924916164e-01
4.247011477356741338e-01
4.247370732403736859e-01
4.247729957073609897e-01
4.248089151374064842e-01
4.248448315312802759e-01
4.248807448897521932e-01
4.249166552135916763e-01
4.249525625035678877e-01
4.249884667604495458e-01
4.250243679850052581e-01
4.250602661780031322e-01
4.250961613402110539e-01
4.251320534723964650e-01
4.251679425753265851e-01
4.252038286497682451e-01
4.252397116964881096e-01
4.252755917162522881e-01
4.253114687098266677e-01
4.253473426779769140e-01
4.253832136214682480e-01
4.254190815410655579e-01
4.254549464375335099e-01
4.254908083116363260e-01
4.255266671641380061e-01
4.255625229958021616e-01
4.255983758073921264e-01
4.256342255996709567e-01
4.256700723734012648e-01
4.257059161293453853e-01
4.257417568682654307e-01
4.257775945909230697e-01
4.258134292980796931e-01
4.258492609904963588e-01
4.258850896689339027e-01
4.259209153341526610e-01
4.259567379869128034e-01
4.259925576279740556e-01
4.260283742580959765e-01
4.260641878780377367e-01
4.260999984885580627e-01
4.261358060904155698e-01
4.261716106843684293e-01
4.262074122711744795e-01
4.262432108515913365e-01
4.262790064263762835e-01
4.263147989962861595e-01
4.263505885620775815e-01
4.263863751245068889e-01
4.264221586843300327e-01
4.264579392423026860e-01
4.264937167991801892e-01
4.265294913557175494e-01
4.265652629126694961e-01
4.266010314707903706e-01
4.266367970308342916e-01
4.266725595935550452e-01
4.267083191597060288e-01
4.267440757300403620e-01
4.267798293053108871e-01
4.268155798862700578e-01
4.268513274736701057e-01
4.268870720682629294e-01
4.269228136707999832e-01
4.269585522820325552e-01
4.269942879027116001e-01
4.270300205335876842e-01
4.270657501754110963e-01
4.271014768289318475e-01
4.271372004948995604e-01
4.271729211740636356e-01
4.272086388671731405e-01
4.272443535749767540e-01
4.272800652982228775e-01
4.273157740376596903e-01
4.273514797940349275e-01
4.273871825680960468e-01
4.274228823605902283e-01
4.274585791722643746e-01
4.274942730038649996e-01
4.275299638561382842e-01
4.275656517298302428e-01
4.276013366256863901e-01
4.276370185444520744e-01
4.276726974868723108e-01
4.277083734536917259e-01
4.277440464456546687e-01
4.277797164635052662e-01
4.278153835079871459e-01
4.278510475798438795e-01
4.278867086798185393e-01
4.279223668086539201e-01
4.279580219670925390e-01
4.279936741558765800e-01
4.280293233757479499e-01
4.280649696274482219e-01
4.281006129117186920e-01
4.281362532293002676e-01
4.281718905809336895e-01
4.282075249673591988e-01
4.282431563893168702e-01
4.282787848475465009e-01
4.283144103427873883e-01
4.283500328757787745e-01
4.283856524472594018e-01
4.284212690579677352e-01
4.284568827086420728e-01
4.284924934000202135e-01
4.285281011328397893e-01
4.285637059078380440e-01
4.285993077257518880e-01
4.286349065873181208e-01
4.286705024932729868e-01
4.287060954443526195e-01
4.287416854412927081e-01
4.287772724848286643e-01
4.288128565756956778e-01
4.288484377146286053e-01
4.288840159023619147e-01
4.289195911396297967e-01
4.289551634271662195e-01
4.289907327657048186e-01
4.290262991559788963e-01
4.290618625987213663e-01
4.290974230946650314e-01
4.291329806445422501e-01
4.291685352490851035e-01
4.292040869090254507e-01
4.292396356250946510e-01
4.292751813980240083e-01
4.293107242285443270e-01
4.293462641173862449e-01
4.293818010652800110e-01
4.294173350729555971e-01
4.294528661411426973e-01
4.294883942705706170e-01
4.295239194619685508e-01
4.295594417160651379e-01
4.295949610335889068e-01
4.296304774152679973e-01
4.296659908618303270e-01
4.297015013740034250e-01
4.297370089525145986e-01
4.297725135980907107e-01
4.298080153114585134e-01
4.298435140933443144e-01
4.298790099444742552e-01
4.299145028655739775e-01
4.299499928573690677e-01
4.299854799205846678e-01
4.300209640559455315e-01
4.300564452641764124e-01
4.300919235460013978e-01
4.301273989021445754e-01
4.301628713333295884e-01
4.301983408402797471e-01
4.302338074237181953e-01
4.302692710843677437e-01
4.303047318229507590e-01
4.303401896401895521e-01
4.303756445368058792e-01
4.304110965135213851e-01
4.304465455710573818e-01
4.304819917101348481e-01
4.305174349314744853e-01
4.305528752357966615e-01
4.305883126238214675e-01
4.306237470962687719e-01
4.306591786538581101e-01
4.306946072973085737e-01
4.307300330273391431e-01
4.307654558446684656e-01
4.308008757500149111e-01
4.308362927440964052e-01
4.308717068276307072e-01
4.309071180013352986e-01
4.309425262659273281e-01
4.309779316221236667e-01
4.310133340706407967e-01
4.310487336121950896e-01
4.310841302475024173e-01
4.311195239772784848e-01
4.311549148022387201e-01
4.311903027230982177e-01
4.312256877405716837e-01
4.312610698553736577e-01
4.312964490682184016e-01
4.313318253798198443e-01
4.313671987908915262e-01
4.314025693021468211e-01
4.314379369142987697e-01
4.314733016280601352e-01
4.315086634441433477e-01
4.315440223632606154e-01
4.315793783861237576e-01
4.316147315134443718e-01
4.316500817459337225e-01
4.316854290843029074e-01
4.317207735292625248e-01
4.317561150815230619e-01
4.317914537417945620e-01
4.318267895107869569e-01
4.318621223892097349e-01
4.318974523777721619e-01
4.319327794771832263e-01
4.319681036881515834e-01
4.320034250113856111e-01
4.320387434475934096e-01
4.320740589974828016e-01
4.321093716617612768e-01
4.321446814411361026e-01
4.321799883363141581e-01
4.322152923480022113e-01
4.322505934769064750e-01
4.322858917237331067e-01
4.323211870891879305e-01
4.323564795739763267e-01
4.323917691788036199e-01
4.324270559043746354e-01
4.324623397513941425e-01
4.324976207205663559e-01
4.325328988125953789e-01
4.325681740281849819e-01
4.326034463680387132e-01
4.326387158328596771e-01
4.326739824233508669e-01
4.327092461402148316e-01
4.327445069841540093e-01
4.327797649558703386e-01
4.328150200560657024e-01
4.328502722854415397e-01
4.328855216446989562e-01
4.329207681345390024e-01
4.329560117556622845e-01
4.329912525087690756e-01
4.330264903945594268e-01
4.330617254137332228e-01
4.330969575669897931e-01
4.331321868550285226e-01
4.331674132785481302e-01
4.332026368382474457e-01
4.332378575348246885e-01
4.332730753689779668e-01
4.333082903414050557e-01
4.333435024528034529e-01
4.333787117038703784e-01
4.334139180953028303e-01
4.334491216277973624e-01
4.334843223020503622e-01
4.335195201187579395e-01
4.335547150786159265e-01
4.335899071823197670e-01
4.336250964305647382e-01
4.336602828240458396e-01
4.336954663634576823e-01
4.337306470494946553e-01
4.337658248828509255e-01
4.338009998642202714e-01
4.338361719942963046e-01
4.338713412737721931e-01
4.339065077033409934e-01
4.339416712836954293e-01
4.339768320155278913e-01
4.340119898995304926e-01
4.340471449363951240e-01
4.340822971268134545e-01
4.341174464714766534e-01
4.341525929710757792e-01
4.341877366263016680e-01
4.342228774378446565e-01
4.342580154063950260e-01
4.342931505326426689e-01
4.343282828172772003e-01
4.343634122609879578e-01
4.343985388644640011e-01
4.344336626283941127e-01
4.344687835534669085e-01
4.345039016403705046e-01
4.345390168897929062e-01
4.345741293024217855e-01
4.346092388789445926e-01
4.346443456200483335e-01
4.346794495264200142e-01
4.347145505987460856e-01
4.347496488377128321e-01
4.347847442440063714e-01
4.348198368183123774e-01
4.348549265613163017e-01
4.348900134737033740e-01
4.349250975561584909e-01
4.349601788093662158e-01
4.349952572340110013e-01
4.350303328307769113e-01
4.350654056003476766e-01
4.351004755434069171e-01
4.351355426606378640e-01
4.351706069527234710e-01
4.352056684203464143e-01
4.352407270641892589e-01
4.352757828849340149e-01
4.353108358832625813e-01
4.353458860598566349e-01
4.353809334153974642e-01
4.354159779505661354e-01
4.354510196660434374e-01
4.354860585625098812e-01
4.355210946406456451e-01
4.355561279011307962e-01
4.355911583446449575e-01
4.356261859718675300e-01
4.356612107834776926e-01
4.356962327801542911e-01
4.357312519625758940e-01
4.357662683314209029e-01
4.358012818873673866e-01
4.358362926310929697e-01
4.358713005632753323e-01
4.359063056845915995e-01
4.359413079957187853e-01
4.359763074973335706e-01
4.360113041901124142e-01
4.360462980747313866e-01
4.360812891518663914e-01
4.361162774221930549e-01
4.361512628863867258e-01
4.361862455451224752e-01
4.362212253990750410e-01
4.362562024489189394e-01
4.362911766953285198e-01
4.363261481389776875e-01
4.363611167805401814e-01
4.363960826206894628e-01
4.364310456600986599e-01
4.364660058994407343e-01
4.365009633393882593e-01
4.365359179806136414e-01
4.365708698237889540e-01
4.366058188695860487e-01
4.366407651186764438e-01
4.366757085717314912e-01
4.367106492294221542e-01
4.367455870924192296e-01
4.367805221613931810e-01
4.368154544370141945e-01
4.368503839199522898e-01
4.368853106108770978e-01
4.369202345104580831e-01
4.369551556193643216e-01
4.369900739382647226e-01
4.370249894678279179e-01
4.370599022087222063e-01
4.370948121616157200e-01
4.371297193271762027e-01
4.371646237060712870e-01
4.371995252989681613e-01
4.372344241065339032e-01
4.372693201294352572e-01
4.373042133683386901e-01
4.373391038239103912e-01
4.373739914968163278e-01
4.374088763877221342e-01
4.374437584972933335e-01
4.374786378261950048e-01
4.375135143750920608e-01
4.375483881446490808e-01
4.375832591355304779e-01
4.376181273484003320e-01
4.376529927839224454e-01
4.376878554427603985e-01
4.377227153255774939e-01
4.377575724330368123e-01
4.377924267658010460e-01
4.378272783245327204e-01
4.378621271098940837e-01
4.378969731225471618e-01
4.379318163631536476e-01
4.379666568323749565e-01
4.380014945308723373e-01
4.380363294593066503e-01
4.380711616183386448e-01
4.381059910086286813e-01
4.381408176308368985e-01
4.381756414856231574e-01
4.382104625736471526e-01
4.382452808955681345e-01
4.382800964520452980e-01
4.383149092437373939e-01
4.383497192713030066e-01
4.383845265354004428e-01
4.384193310366877872e-01
4.384541327758227913e-01
4.384889317534630404e-01
4.385237279702656754e-01
4.385585214268878373e-01
4.385933121239861676e-01
4.386281000622171966e-01
4.386628852422371216e-01
4.386976676647019735e-01
4.387324473302673389e-01
4.387672242395887490e-01
4.388019983933213464e-01
4.388367697921200516e-01
4.388715384366395633e-01
4.389063043275342468e-01
4.389410674654582456e-01
4.389758278510655365e-01
4.390105854850095968e-01
4.390453403679439037e-01
4.390800925005215460e-01
4.391148418833953904e-01
4.391495885172179703e-01
4.391843324026416528e-01
4.392190735403185275e-01
4.392538119309004618e-01
4.392885475750389346e-01
4.393232804733852581e-01
4.393580106265905227e-01
4.393927380353054857e-01
4.394274627001806821e-01
4.394621846218664252e-01
4.394969038010126949e-01
4.395316202382692494e-01
4.395663339342856801e-01
4.396010448897110789e-01
4.396357531051945933e-01
4.396704585813848709e-01
4.397051613189303931e-01
4.397398613184794747e-01
4.397745585806799862e-01
4.398092531061796873e-01
4.398439448956260045e-01
4.398786339496661424e-01
4.399133202689471389e-01
4.399480038541155880e-01
4.399826847058179169e-01
4.400173628247003865e-01
4.400520382114089246e-01
4.400867108665891259e-01
4.401213807908864739e-01
4.401560479849461194e-01
4.401907124494129908e-01
4.402253741849317392e-01
4.402600331921467380e-01
4.402946894717021387e-01
4.403293430242419260e-01
4.403639938504096407e-01
4.403986419508487127e-01
4.404332873262022940e-01
4.404679299771132595e-01
4.405025699042242615e-01
4.405372071081776197e-01
4.405718415896155427e-01
4.406064733491798502e-01
4.406411023875121957e-01
4.406757287052539551e-01
4.407103523030461711e-01
4.407449731815298311e-01
4.407795913413454225e-01
4.408142067831334332e-01
4.408488195075339067e-01
4.408834295151867200e-01
4.409180368067315281e-01
4.409526413828075975e-01
4.409872432440540835e-01
4.410218423911098640e-01
4.410564388246135392e-01
4.410910325452034320e-01
4.411256235535176984e-01
4.411602118501941616e-01
4.411947974358704783e-01
4.412293803111839163e-01
4.412639604767716883e-01
4.412985379332705627e-01
4.413331126813171967e-01
4.413676847215479704e-01
4.414022540545989304e-01
4.414368206811059570e-01
4.414713846017047083e-01
4.415059458170305096e-01
4.415405043277184638e-01
4.415750601344034521e-01
4.416096132377201333e-01
4.416441636383028335e-01
4.416787113367856565e-01
4.417132563338024842e-01
4.417477986299870318e-01
4.417823382259725151e-01
4.418168751223922608e-01
4.418514093198789849e-01
4.418859408190654037e-01
4.419204696205838445e-01
4.419549957250665795e-01
4.419895191331453810e-01
4.420240398454519104e-01
4.420585578626176626e-01
4.420930731852736884e-01
4.421275858140509274e-01
4.421620957495800419e-01
4.421966029924915276e-01
4.422311075434154359e-01
4.422656094029817631e-01
4.423001085718201719e-01
4.423346050505601035e-01
4.423690988398307211e-01
4.424035899402609662e-01
4.424380783524796135e-01
4.424725640771150492e-01
4.425070471147954931e-01
4.425415274661488874e-01
4.425760051318030075e-01
4.426104801123852961e-01
4.426449524085229736e-01
4.426794220208430386e-01
4.427138889499722674e-01
4.427483531965371033e-01
4.427828147611638232e-01
4.428172736444784263e-01
4.428517298471066899e-01
4.428861833696741690e-01
4.429206342128061413e-01
4.429550823771276069e-01
4.429895278632633437e-01
4.430239706718379633e-01
4.430584108034757995e-01
4.430928482588007977e-01
4.431272830384369033e-01
4.431617151430076729e-01
4.431961445731363858e-01
4.432305713294461547e-01
4.432649954125599256e-01
4.432994168231002008e-01
4.433338355616894266e-01
4.433682516289497166e-01
4.434026650255029622e-01
4.434370757519707773e-01
4.434714838089746092e-01
4.435058891971356276e-01
4.435402919170747249e-01
4.435746919694126267e-01
4.436090893547697256e-01
4.436434840737662477e-01
4.436778761270221971e-01
4.437122655151572448e-01
4.437466522387908952e-01
4.437810362985424306e-01
4.438154176950308005e-01
4.438497964288747322e-01
4.438841725006928418e-01
4.439185459111033571e-01
4.439529166607243393e-01
4.439872847501736275e-01
4.440216501800687277e-01
4.440560129510269793e-01
4.440903730636655000e-01
4.441247305186011296e-01
4.441590853164505415e-01
4.441934374578299649e-01
4.442277869433556847e-01
4.442621337736434861e-01
4.442964779493090988e-01
4.443308194709679748e-01
4.443651583392351778e-01
4.443994945547257713e-01
4.444338281180543748e-01
4.444681590298354967e-01
4.445024872906834235e-01
4.445368129012121083e-01
4.445711358620352827e-01
4.446054561737664557e-01
4.446397738370190256e-01
4.446740888524059465e-01
4.447084012205400616e-01
4.447427109420339364e-01
4.447770180174999144e-01
4.448113224475501171e-01
4.448456242327963883e-01
4.448799233738503500e-01
4.449142198713234575e-01
4.449485137258268885e-01
4.449828049379714323e-01
4.450170935083679336e-01
4.450513794376267374e-01
4.450856627263581333e-01
4.451199433751720780e-01
4.451542213846783613e-01
4.451884967554864403e-01
4.452227694882056053e-01
4.452570395834449246e-01
4.452913070418132446e-01
4.453255718639190786e-01
4.453598340503707731e-01
4.453940936017765084e-01
4.454283505187441317e-01
4.454626048018812678e-01
4.454968564517953200e-01
4.455311054690934691e-01
4.455653518543826741e-01
4.455995956082696163e-01
4.456338367313608106e-01
4.456680752242624943e-01
4.457023110875806826e-01
4.457365443219211132e-01
4.457707749278894127e-01
4.458050029060907637e-01
4.458392282571304044e-01
4.458734509816130176e-01
4.459076710801433974e-01
4.459418885533257826e-01
4.459761034017644121e-01
4.460103156260631363e-01
4.460445252268256944e-01
4.460787322046556036e-01
4.461129365601559371e-01
4.461471382939298236e-01
4.461813374065800031e-01
4.462155338987089381e-01
4.462497277709190358e-01
4.462839190238123144e-01
4.463181076579905704e-01
4.463522936740554892e-01
4.463864770726084230e-01
4.464206578542505577e-01
4.464548360195827459e-01
4.464890115692057293e-01
4.465231845037199720e-01
4.465573548237256607e-01
4.465915225298228153e-01
4.466256876226112338e-01
4.466598501026904366e-01
4.466940099706597778e-01
4.467281672271182780e-01
4.467623218726648471e-01
4.467964739078980618e-01
4.468306233334163879e-01
4.468647701498179026e-01
4.468989143577006273e-01
4.469330559576622508e-01
4.469671949503002395e-01
4.470013313362118934e-01
4.470354651159941795e-01
4.470695962902439535e-01
4.471037248595577385e-01
4.471378508245319461e-01
4.471719741857626551e-01
4.472060949438457222e-01
4.472402130993768932e-01
4.472743286529515250e-01
4.473084416051648082e-01
4.473425519566118225e-01
4.473766597078872587e-01
4.474107648595856968e-01
4.474448674123013836e-01
4.474789673666283996e-01
4.475130647231606029e-01
4.475471594824916299e-01
4.475812516452148948e-01
4.476153412119235342e-01
4.476494281832105182e-01
4.476835125596685394e-01
4.477175943418900683e-01
4.477516735304674644e-01
4.477857501259926987e-01
4.478198241290576309e-01
4.478538955402537880e-01
4.478879643601726412e-01
4.479220305894052179e-01
4.479560942285425451e-01
4.479901552781752061e-01
4.480242137388937840e-01
4.480582696112884733e-01
4.480923228959492466e-01
4.481263735934659653e-01
4.481604217044282135e-01
4.481944672294252974e-01
4.482285101690463569e-01
4.482625505238802543e-01
4.482965882945157410e-01
4.483306234815412350e-01
4.483646560855449881e-01
4.483986861071149188e-01
4.484327135468389458e-01
4.484667384053045436e-01
4.485007606830990756e-01
4.485347803808096834e-01
4.485687974990232307e-01
4.486028120383263595e-01
4.486368239993056006e-01
4.486708333825470962e-01
4.487048401886369331e-01
4.487388444181608094e-01
4.487728460717043122e-01
4.488068451498528066e-01
4.488408416531914358e-01
4.488748355823050651e-01
4.489088269377782825e-01
4.489428157201956759e-01
4.489768019301414448e-01
4.490107855681995663e-01
4.490447666349537958e-01
4.490787451309877776e-01
4.491127210568848782e-01
4.491466944132281314e-01
4.491806652006005152e-01
4.492146334195846746e-01
4.492485990707630883e-01
4.492825621547180681e-01
4.493165226720315375e-01
4.493504806232853643e-01
4.493844360090610834e-01
4.494183888299401741e-01
4.494523390865036716e-01
4.494862867793325556e-01
4.495202319090074727e-01
4.495541744761090142e-01
4.495881144812173824e-01
4.496220519249126690e-01
4.496559868077746880e-01
4.496899191303830312e-01
4.497238488933171241e-01
4.497577760971561700e-01
4.497917007424790392e-01
4.498256228298645465e-01
4.498595423598912291e-01
4.498934593331373466e-01
4.499273737501809367e-01
4.499612856115999815e-01
4.499951949179720745e-01
4.500291016698746427e-01
4.500630058678848910e-01
4.500969075125798580e-01
4.501308066045363043e-01
4.501647031443308244e-01
4.501985971325396796e-01
4.502324885697390755e-01
4.502663774565049404e-01
4.503002637934129249e-01
4.503341475810385131e-01
4.503680288199569670e-01
4.504019075107433823e-01
4.504357836539725213e-01
4.504696572502190355e-01
4.505035283000573543e-01
4.505373968040615740e-01
4.505712627628057909e-01
4.506051261768636018e-01
4.506389870468086589e-01
4.506728453732142814e-01
4.507067011566535109e-01
4.507405543976992779e-01
4.507744050969242355e-01
4.508082532549008703e-01
4.508420988722013911e-01
4.508759419493978959e-01
4.509097824870621496e-01
4.509436204857657504e-01
4.509774559460801302e-01
4.510112888685763877e-01
4.510451192538255660e-01
4.510789471023983199e-01
4.511127724148653040e-01
4.511465951917966732e-01
4.511804154337626938e-01
4.512142331413331875e-01
4.512480483150777544e-01
4.512818609555659943e-01
4.513156710633670632e-01
4.513494786390500613e-01
4.513832836831837003e-01
4.514170861963367476e-01
4.514508861790774708e-01
4.514846836319741374e-01
4.515184785555946823e-01
4.515522709505068732e-01
4.515860608172782009e-01
4.516198481564761003e-01
4.516536329686676732e-01
4.516874152544197996e-01
4.517211950142991372e-01
4.517549722488722885e-01
4.517887469587054117e-01
4.518225191443646094e-01
4.518562888064157623e-01
4.518900559454245291e-01
4.519238205619562909e-01
4.519575826565762622e-01
4.519913422298494909e-01
4.520250992823407477e-01
4.520588538146145807e-01
4.520926058272354831e-01
4.521263553207675034e-01
4.521601022957746352e-01
4.521938467528206496e-01
4.522275886924690402e-01
4.522613281152831344e-01
4.522950650218260371e-01
4.523287994126606870e-01
4.523625312883497451e-01
4.523962606494557614e-01
4.524299874965408974e-01
4.524637118301673144e-01
4.524974336508968409e-01
4.525311529592910831e-01
4.525648697559115363e-01
4.525985840413193628e-01
4.526322958160756693e-01
4.526660050807411739e-01
4.526997118358765393e-01
4.527334160820420950e-01
4.527671178197981150e-01
4.528008170497045404e-01
4.528345137723210900e-01
4.528682079882073164e-01
4.529018996979226608e-01
4.529355889020262316e-01
4.529692756010769150e-01
4.530029597956334864e-01
4.530366414862544433e-01
4.530703206734981170e-01
4.531039973579225610e-01
4.531376715400857735e-01
4.531713432205453085e-01
4.532050123998587754e-01
4.532386790785833952e-01
4.532723432572762223e-01
4.533060049364940891e-01
4.533396641167937724e-01
4.533733207987316050e-01
4.534069749828638640e-01
4.534406266697465493e-01
4.534742758599356049e-01
4.535079225539865311e-01
4.535415667524548278e-01
4.535752084558956621e-01
4.536088476648640344e-01
4.536424843799147233e-01
4.536761186016023961e-01
4.537097503304814428e-01
4.537433795671059755e-01
4.537770063120299957e-01
4.538106305658072825e-01
4.538442523289913932e-01
4.538778716021357185e-01
4.539114883857934268e-01
4.539451026805174094e-01
4.539787144868605018e-01
4.540123238053751509e-01
4.540459306366137482e-01
4.540795349811284076e-01
4.541131368394710766e-01
4.541467362121935358e-01
4.541803330998471777e-01
4.542139275029834500e-01
4.542475194221534118e-01
4.542811088579079559e-01
4.543146958107978084e-01
4.543482802813734733e-01
4.543818622701852328e-01
4.544154417777832022e-01
4.544490188047173307e-01
4.544825933515372340e-01
4.545161654187923617e-01
4.545497350070321074e-01
4.545833021168055321e-01
4.546168667486614745e-01
4.546504289031486068e-01
4.546839885808153792e-01
4.547175457822101863e-01
4.547511005078809787e-01
4.547846527583756515e-01
4.548182025342419332e-01
4.548517498360272193e-01
4.548852946642787387e-01
4.549188370195436648e-01
4.549523769023687825e-01
4.549859143133007100e-01
4.550194492528860102e-01
4.550529817216708572e-01
4.550865117202013699e-01
4.551200392490233337e-01
4.551535643086824234e-01
4.551870868997240915e-01
4.552206070226935686e-01
4.552541246781359741e-01
4.552876398665960944e-01
4.553211525886185496e-01
4.553546628447478484e-01
4.553881706355282222e-01
4.554216759615036803e-01
4.554551788232181209e-01
4.554886792212151647e-01
4.555221771560382660e-01
4.555556726282307123e-01
4.555891656383354582e-01
4.556226561868954028e-01
4.556561442744532231e-01
4.556896299015513185e-01
4.557231130687319776e-01
4.557565937765372666e-01
4.557900720255089189e-01
4.558235478161887233e-01
4.558570211491181357e-01
4.558904920248382786e-01
4.559239604438903304e-01
4.559574264068150806e-01
4.559908899141532634e-01
4.560243509664452799e-01
4.560578095642313645e-01
4.560912657080516963e-01
4.561247193984460102e-01
4.561581706359540966e-01
4.561916194211153019e-01
4.562250657544690280e-01
4.562585096365542325e-01
4.562919510679099289e-01
4.563253900490746306e-01
4.563588265805869626e-01
4.563922606629851608e-01
4.564256922968072949e-01
4.564591214825912679e-01
4.564925482208748164e-01
4.565259725121953438e-01
4.565593943570902535e-01
4.565928137560966160e-01
4.566262307097513351e-01
4.566596452185910926e-01
4.566930572831524593e-01
4.567264669039717284e-01
4.567598740815850267e-01
4.567932788165282587e-01
4.568266811093372182e-01
4.568600809605473656e-01
4.568934783706941061e-01
4.569268733403125671e-01
4.569602658699376541e-01
4.569936559601041615e-01
4.570270436113466062e-01
4.570604288241994495e-01
4.570938115991967643e-01
4.571271919368725678e-01
4.571605698377605997e-01
4.571939453023944888e-01
4.572273183313075862e-01
4.572606889250331319e-01
4.572940570841040886e-01
4.573274228090532523e-01
4.573607861004133079e-01
4.573941469587165520e-01
4.574275053844953365e-01
4.574608613782815691e-01
4.574942149406072134e-01
4.575275660720037885e-01
4.575609147730028137e-01
4.575942610441354752e-01
4.576276048859329593e-01
4.576609462989260080e-01
4.576942852836453079e-01
4.577276218406214348e-01
4.577609559703845754e-01
4.577942876734649169e-01
4.578276169503922577e-01
4.578609438016963407e-01
4.578942682279067422e-01
4.579275902295527056e-01
4.579609098071634188e-01
4.579942269612677919e-01
4.580275416923945686e-01
4.580608540010723262e-01
4.580941638878293642e-01
4.581274713531939269e-01
4.581607763976939252e-01
4.581940790218572146e-01
4.582273792262113732e-01
4.582606770112837569e-01
4.582939723776016105e-01
4.583272653256919571e-01
4.583605558560815973e-01
4.583938439692972211e-01
4.584271296658651851e-01
4.584604129463118460e-01
4.584936938111631721e-01
4.585269722609450760e-01
4.585602482961833037e-01
4.585935219174032129e-01
4.586267931251302166e-01
4.586600619198893947e-01
4.586933283022056607e-01
4.587265922726037615e-01
4.587598538316081664e-01
4.587931129797432894e-01
4.588263697175332667e-01
4.588596240455020681e-01
4.588928759641734967e-01
4.589261254740711338e-01
4.589593725757183940e-01
4.589926172696384143e-01
4.590258595563542765e-01
4.590590994363888400e-01
4.590923369102646312e-01
4.591255719785042322e-01
4.591588046416298918e-01
4.591920349001635815e-01
4.592252627546272725e-01
4.592584882055426587e-01
4.592917112534312118e-01
4.593249318988142926e-01
4.593581501422130398e-01
4.593913659841483699e-01
4.594245794251410331e-01
4.594577904657115575e-01
4.594909991063804156e-01
4.595242053476677468e-01
4.595574091900935798e-01
4.595906106341777209e-01
4.596238096804397544e-01
4.596570063293991537e-01
4.596902005815751702e-01
4.597233924374868885e-01
4.597565818976531715e-01
4.597897689625927153e-01
4.598229536328239941e-01
4.598561359088653155e-01
4.598893157912348761e-01
4.599224932804505950e-01
4.599556683770302246e-01
4.599888410814912953e-01
4.600220113943512268e-01
4.600551793161271608e-01
4.600883448473362392e-01
4.601215079884951042e-01
4.601546687401205649e-01
4.601878271027289857e-01
4.602209830768366206e-01
4.602541366629595565e-01
4.602872878616137142e-01
4.603204366733147923e-01
4.603535830985783228e-01
4.603867271379196158e-01
4.604198687918538146e-01
4.604530080608959519e-01
4.604861449455607270e-01
4.605192794463627837e-01
4.605524115638164884e-01
4.605855412984360964e-01
4.606186686507356409e-01
4.606517936212290443e-01
4.606849162104298401e-01
4.607180364188516730e-01
4.607511542470076882e-01
4.607842696954110862e-01
4.608173827645748455e-01
4.608504934550116117e-01
4.608836017672340302e-01
4.609167077017544134e-01
4.609498112590850183e-01
4.609829124397378242e-01
4.610160112442246994e-01
4.610491076730572346e-01
4.610822017267469097e-01
4.611152934058049824e-01
4.611483827107425992e-01
4.611814696420706849e-01
4.612145542002998866e-01
4.612476363859407957e-01
4.612807161995037819e-01
4.613137936414989926e-01
4.613468687124364642e-01
4.613799414128260112e-01
4.614130117431772260e-01
4.614460797039995343e-01
4.614791452958023066e-01
4.615122085190945245e-01
4.615452693743851142e-01
4.615783278621828356e-01
4.616113839829962262e-01
4.616444377373335461e-01
4.616774891257030555e-01
4.617105381486127369e-01
4.617435848065704063e-01
4.617766291000836576e-01
4.618096710296599183e-01
4.618427105958065049e-01
4.618757477990305116e-01
4.619087826398387553e-01
4.619418151187380528e-01
4.619748452362348878e-01
4.620078729928356331e-01
4.620408983890464394e-01
4.620739214253733462e-01
4.621069421023221713e-01
4.621399604203985101e-01
4.621729763801078472e-01
4.622059899819554452e-01
4.622390012264463999e-01
4.622720101140855853e-01
4.623050166453778198e-01
4.623380208208275888e-01
4.623710226409393220e-01
4.624040221062171718e-01
4.624370192171651239e-01
4.624700139742871086e-01
4.625030063780866674e-01
4.625359964290672865e-01
4.625689841277323966e-01
4.626019694745849287e-01
4.626349524701279248e-01
4.626679331148641494e-01
4.627009114092961450e-01
4.627338873539262876e-01
4.627668609492568419e-01
4.627998321957898509e-01
4.628328010940271353e-01
4.628657676444704605e-01
4.628987318476212032e-01
4.629316937039807955e-01
4.629646532140503368e-01
4.629976103783308150e-01
4.630305651973229963e-01
4.630635176715275358e-01
4.630964678014448110e-01
4.631294155875751439e-01
4.631623610304185790e-01
4.631953041304749941e-01
4.632282448882441561e-01
4.632611833042255545e-01
4.632941193789186785e-01
4.633270531128225733e-01
4.633599845064363398e-01
4.633929135602588012e-01
4.634258402747885586e-01
4.634587646505241576e-01
4.634916866879639219e-01
4.635246063876059530e-01
4.635575237499481305e-01
4.635904387754883338e-01
4.636233514647241094e-01
4.636562618181528928e-01
4.636891698362718972e-01
4.637220755195782251e-01
4.637549788685688124e-01
4.637878798837402616e-01
4.638207785655891757e-01
4.638536749146119353e-01
4.638865689313046992e-01
4.639194606161635148e-01
4.639523499696842079e-01
4.639852369923623820e-01
4.640181216846935297e-01
4.640510040471730324e-01
4.640838840802959941e-01
4.641167617845573523e-01
4.641496371604519333e-01
4.641825102084742860e-01
4.642153809291188482e-01
4.642482493228799467e-01
4.642811153902515753e-01
4.643139791317277276e-01
4.643468405478020644e-01
4.643796996389681908e-01
4.644125564057194344e-01
4.644454108485490673e-01
4.644782629679500841e-01
4.645111127644154236e-01
4.645439602384376920e-01
4.645768053905093842e-01
4.646096482211228840e-01
4.646424887307703533e-01
4.646753269199437875e-01
4.647081627891350153e-01
4.647409963388356435e-01
4.647738275695371679e-01
4.648066564817308621e-01
4.648394830759078333e-01
4.648723073525590777e-01
4.649051293121753692e-01
4.649379489552472600e-01
4.649707662822652465e-01
4.650035812937195479e-01
4.650363939901002164e-01
4.650692043718972490e-01
4.651020124396003097e-01
4.651348181936989512e-01
4.651676216346826154e-01
4.652004227630405220e-01
4.652332215792617243e-01
4.652660180838350534e-01
4.652988122772492852e-01
4.653316041599928621e-01
4.653643937325541713e-01
4.653971809954214334e-01
4.654299659490826468e-01
4.654627485940255882e-01
4.654955289307380895e-01
4.655283069597074830e-01
4.655610826814212122e-01
4.655938560963663320e-01
4.656266272050299526e-01
4.656593960078987959e-01
4.656921625054594727e-01
4.657249266981985936e-01
4.657576885866023253e-01
4.657904481711568900e-01
4.658232054523481769e-01
4.658559604306619639e-01
4.658887131065839737e-01
4.659214634805995403e-01
4.659542115531939976e-01
4.659869573248524577e-01
4.660197007960598103e-01
4.660524419673008345e-01
4.660851808390601425e-01
4.661179174118221802e-01
4.661506516860711713e-01
4.661833836622911731e-01
4.662161133409661318e-01
4.662488407225798270e-01
4.662815658076157610e-01
4.663142885965573803e-01
4.663470090898879095e-01
4.663797272880904066e-01
4.664124431916478186e-01
4.664451568010428151e-01
4.664778681167580099e-01
4.665105771392757394e-01
4.665432838690782291e-01
4.665759883066475378e-01
4.666086904524655576e-01
4.666413903070140146e-01
4.666740878707744122e-01
4.667067831442281434e-01
4.667394761278564896e-01
4.667721668221403442e-01
4.668048552275607110e-01
4.668375413445982058e-01
4.668702251737333886e-01
4.669029067154466528e-01
4.669355859702181144e-01
4.669682629385279449e-01
4.670009376208558716e-01
4.670336100176816774e-01
4.670662801294848121e-01
4.670989479567446701e-01
4.671316134999404790e-01
4.671642767595512447e-01
4.671969377360557507e-01
4.672295964299327808e-01
4.672622528416607857e-01
4.672949069717182158e-01
4.673275588205831332e-01
4.673602083887336556e-01
4.673928556766475673e-01
4.674255006848025973e-01
4.674581434136762526e-01
4.674907838637458735e-01
4.675234220354886894e-01
4.675560579293817076e-01
4.675886915459017690e-01
4.676213228855254922e-01
4.676539519487295515e-01
4.676865787359901772e-01
4.677192032477835437e-01
4.677518254845857704e-01
4.677844454468726987e-01
4.678170631351199482e-01
4.678496785498030830e-01
4.678822916913975005e-01
4.679149025603783207e-01
4.679475111572206636e-01
4.679801174823992604e-01
4.680127215363889537e-01
4.680453233196641416e-01
4.680779228326993335e-01
4.681105200759685947e-01
4.681431150499460458e-01
4.681757077551054747e-01
4.682082981919207243e-01
4.682408863608652494e-01
4.682734722624123935e-01
4.683060558970354448e-01
4.683386372652074137e-01
4.683712163674011442e-01
4.684037932040894803e-01
4.684363677757448219e-01
4.684689400828396799e-01
4.685015101258462322e-01
4.685340779052364901e-01
4.685666434214824649e-01
4.685992066750557794e-01
4.686317676664281118e-01
4.686643263960707517e-01
4.686968828644550444e-01
4.687294370720520020e-01
4.687619890193325811e-01
4.687945387067675163e-01
4.688270861348273755e-01
4.688596313039826158e-01
4.688921742147034721e-01
4.689247148674601240e-01
4.689572532627223622e-01
4.689897894009600887e-01
4.690223232826428723e-01
4.690548549082401153e-01
4.690873842782211645e-01
4.691199113930551445e-01
4.691524362532109582e-01
4.691849588591573972e-01
4.692174792113631976e-01
4.692499973102967070e-01
4.692825131564263286e-01
4.693150267502201878e-01
4.693475380921462436e-01
4.693800471826722887e-01
4.694125540222661153e-01
4.694450586113950719e-01
4.694775609505265623e-01
4.695100610401277685e-01
4.695425588806657058e-01
4.695750544726072229e-01
4.696075478164190020e-01
4.696400389125675590e-01
4.696725277615192984e-01
4.697050143637404029e-01
4.697374987196968887e-01
4.697699808298547164e-01
4.698024606946795689e-01
4.698349383146370184e-01
4.698674136901924148e-01
4.698998868218111080e-01
4.699323577099580596e-01
4.699648263550982863e-01
4.699972927576964721e-01
4.700297569182173008e-01
4.700622188371251231e-01
4.700946785148842344e-01
4.701271359519588189e-01
4.701595911488127832e-01
4.701920441059098676e-01
4.702244948237138678e-01
4.702569433026880796e-01
4.702893895432959659e-01
4.703218335460006005e-01
4.703542753112650021e-01
4.703867148395520781e-01
4.704191521313243474e-01
4.704515871870444954e-01
4.704840200071748191e-01
4.705164505921775042e-01
4.705488789425145701e-01
4.705813050586479807e-01
4.706137289410393665e-01
4.706461505901503584e-01
4.706785700064423650e-01
4.707109871903765730e-01
4.707434021424141135e-01
4.707758148630159512e-01
4.708082253526427730e-01
4.708406336117552660e-01
4.708730396408137842e-01
4.709054434402787370e-01
4.709378450106102565e-01
4.709702443522681969e-01
4.710026414657125238e-01
4.710350363514028138e-01
4.710674290097985883e-01
4.710998194413592022e-01
4.711322076465438435e-01
4.711645936258115896e-01
4.711969773796211847e-01
4.712293589084314838e-01
4.712617382127009535e-01
4.712941152928880606e-01
4.713264901494509385e-01
4.713588627828478317e-01
4.713912331935365407e-01
4.714236013819749216e-01
4.714559673486204971e-01
4.714883310939307903e-01
4.715206926183631020e-01
4.715530519223745665e-01
4.715854090064221515e-01
4.716177638709626585e-01
4.716501165164528331e-01
4.716824669433491990e-01
4.717148151521080024e-01
4.717471611431855449e-01
4.717795049170379063e-01
4.718118464741208329e-01
4.718441858148902379e-01
4.718765229398015348e-01
4.719088578493102482e-01
4.719411905438716248e-01
4.719735210239407452e-01
4.720058492899725788e-01
4.720381753424219839e-01
4.720704991817434859e-01
4.721028208083916655e-01
4.721351402228208261e-01
4.721674574254851597e-01
4.721997724168386923e-01
4.722320851973352274e-01
4.722643957674285131e-01
4.722967041275721312e-01
4.723290102782194966e-01
4.723613142198238024e-01
4.723936159528381307e-01
4.724259154777154524e-01
4.724582127949085719e-01
4.724905079048700163e-01
4.725228008080523678e-01
4.725550915049079315e-01
4.725873799958887900e-01
4.726196662814470262e-01
4.726519503620344453e-01
4.726842322381027972e-01
4.727165119101035540e-01
4.727487893784881878e-01
4.727810646437078934e-01
4.728133377062137543e-01
4.728456085664567432e-01
4.728778772248875550e-01
4.729101436819568294e-01
4.729424079381150947e-01
4.729746699938126575e-01
4.730069298494996022e-01
4.730391875056260131e-01
4.730714429626416972e-01
4.731036962209964059e-01
4.731359472811396127e-01
4.731681961435207362e-01
4.732004428085890835e-01
4.732326872767936843e-01
4.732649295485834573e-01
4.732971696244072657e-01
4.733294075047136396e-01
4.733616431899510535e-01
4.733938766805679266e-01
4.734261079770124003e-01
4.734583370797324497e-01
4.734905639891759943e-01
4.735227887057906759e-01
4.735550112300240810e-01
4.735872315623236850e-01
4.736194497031366857e-01
4.736516656529102254e-01
4.736838794120911689e-01
4.737160909811264364e-01
4.737483003604626153e-01
4.737805075505461816e-01
4.738127125518235006e-01
4.738449153647408263e-01
4.738771159897441354e-01
4.739093144272792935e-01
4.739415106777921105e-01
4.739737047417281190e-01
4.740058966195328516e-01
4.740380863116514520e-01
4.740702738185291754e-01
4.741024591406109434e-01
4.741346422783415671e-01
4.741668232321658016e-01
4.741990020025281249e-01
4.742311785898729593e-01
4.742633529946445048e-01
4.742955252172868508e-01
4.743276952582438644e-01
4.743598631179594127e-01
4.743920287968770855e-01
4.744241922954404167e-01
4.744563536140926074e-01
4.744885127532769142e-01
4.745206697134363716e-01
4.745528244950138475e-01
4.745849770984520433e-01
4.746171275241935494e-01
4.746492757726807898e-01
4.746814218443560218e-01
4.747135657396614472e-01
4.747457074590389903e-01
4.747778470029304643e-01
4.748099843717775159e-01
4.748421195660217919e-01
4.748742525861045505e-01
4.749063834324671052e-01
4.749385121055504921e-01
4.749706386057956919e-01
4.750027629336434076e-01
4.750348850895343422e-01
4.750670050739089212e-01
4.750991228872075145e-01
4.751312385298703256e-01
4.751633520023373913e-01
4.751954633050485821e-01
4.752275724384436018e-01
4.752596794029620986e-01
4.752917841990435543e-01
4.753238868271271733e-01
4.753559872876521042e-01
4.753880855810574402e-01
4.754201817077819414e-01
4.754522756682643680e-01
4.754843674629432582e-01
4.755164570922569833e-01
4.755485445566438596e-01
4.755806298565419254e-01
4.756127129923892194e-01
4.756447939646235579e-01
4.756768727736825353e-01
4.757089494200036905e-01
4.757410239040245070e-01
4.757730962261820240e-01
4.758051663869135028e-01
4.758372343866557608e-01
4.758693002258456151e-01
4.759013639049197164e-01
4.759334254243145490e-01
4.759654847844663750e-01
4.759975419858115120e-01
4.760295970287860001e-01
4.760616499138256574e-01
4.760937006413663020e-01
4.761257492118434742e-01
4.761577956256927147e-01
4.761898398833493418e-01
4.762218819852484519e-01
4.762539219318251416e-01
4.762859597235142295e-01
4.763179953607505346e-01
4.763500288439685426e-01
4.763820601736026839e-01
4.764140893500873331e-01
4.764461163738566429e-01
4.764781412453445442e-01
4.765101639649848564e-01
4.765421845332114548e-01
4.765742029504577149e-01
4.766062192171571787e-01
4.766382333337430555e-01
4.766702453006485540e-01
4.767022551183065504e-01
4.767342627871499205e-01
4.767662683076113739e-01
4.767982716801234533e-01
4.768302729051185351e-01
4.768622719830288847e-01
4.768942689142866564e-01
4.769262636993237270e-01
4.769582563385720286e-01
4.769902468324631606e-01
4.770222351814286110e-01
4.770542213858998681e-01
4.770862054463081425e-01
4.771181873630844783e-01
4.771501671366599195e-01
4.771821447674651773e-01
4.772141202559310180e-01
4.772460936024878753e-01
4.772780648075661269e-01
4.773100338715960955e-01
4.773420007950077704e-01
4.773739655782311408e-01
4.774059282216959743e-01
4.774378887258319826e-01
4.774698470910686554e-01
4.775018033178353161e-01
4.775337574065612323e-01
4.775657093576755052e-01
4.775976591716070141e-01
4.776296068487845825e-01
4.776615523896369231e-01
4.776934957945924154e-01
4.777254370640795500e-01
4.777573761985264289e-01
4.777893131983612651e-01
4.778212480640118831e-01
4.778531807959061073e-01
4.778851113944715956e-01
4.779170398601358394e-01
4.779489661933262745e-01
4.779808903944700038e-01
4.780128124639941856e-01
4.780447324023257005e-01
4.780766502098914295e-01
4.781085658871179755e-01
4.781404794344317755e-01
4.781723908522593214e-01
4.782043001410267169e-01
4.782362073011601766e-01
4.782681123330855266e-01
4.783000152372285929e-01
4.783319160140150905e-01
4.783638146638704569e-01
4.783957111872201295e-01
4.784276055844892683e-01
4.784594978561029777e-01
4.784913880024862509e-01
4.785232760240638594e-01
4.785551619212605190e-01
4.785870456945006679e-01
4.786189273442086889e-01
4.786508068708089092e-01
4.786826842747253785e-01
4.787145595563820355e-01
4.787464327162027633e-01
4.787783037546111120e-01
4.788101726720307427e-01
4.788420394688849835e-01
4.788739041455971068e-01
4.789057667025902187e-01
4.789376271402872587e-01
4.789694854591111106e-01
4.790013416594844364e-01
4.790331957418298425e-01
4.790650477065696022e-01
4.790968975541260999e-01
4.791287452849214423e-01
4.791605908993776253e-01
4.791924343979164225e-01
4.792242757809596077e-01
4.792561150489287880e-01
4.792879522022452932e-01
4.793197872413304528e-01
4.793516201666054299e-01
4.793834509784912212e-01
4.794152796774087122e-01
4.794471062637785663e-01
4.794789307380214471e-01
4.795107531005577961e-01
4.795425733518078881e-01
4.795743914921918871e-01
4.796062075221298460e-01
4.796380214420417065e-01
4.796698332523471331e-01
4.797016429534657900e-01
4.797334505458171194e-01
4.797652560298204527e-01
4.797970594058950655e-01
4.798288606744599560e-01
4.798606598359340114e-01
4.798924568907360633e-01
4.799242518392847212e-01
4.799560446819985393e-01
4.799878354192957941e-01
4.800196240515947621e-01
4.800514105793135533e-01
4.800831950028701112e-01
4.801149773226822126e-01
4.801467575391675235e-01
4.801785356527435988e-01
4.802103116638278824e-01
4.802420855728375404e-01
4.802738573801897393e-01
4.803056270863014787e-01
4.803373946915895365e-01
4.803691601964706903e-01
4.804009236013614959e-01
4.804326849066783423e-01
4.804644441128375632e-01
4.804962012202552701e-01
4.805279562293475748e-01
4.805597091405302557e-01
4.805914599542190913e-01
4.806232086708296936e-01
4.806549552907775080e-01
4.806866998144779246e-01
4.807184422423460557e-01
4.807501825747970137e-01
4.807819208122457444e-01
4.808136569551069717e-01
4.808453910037953638e-01
4.808771229587254226e-01
4.809088528203115387e-01
4.809405805889679364e-01
4.809723062651087289e-01
4.810040298491478628e-01
4.810357513414991737e-01
4.810674707425763308e-01
4.810991880527928921e-01
4.811309032725623602e-01
4.811626164022979046e-01
4.811943274424126948e-01
4.812260363933197893e-01
4.812577432554320245e-01
4.812894480291621813e-01
4.813211507149227630e-01
4.813528513131263287e-01
4.813845498241851595e-01
4.814162462485114813e-01
4.814479405865173534e-01
4.814796328386146684e-01
4.815113230052152082e-01
4.815430110867306435e-01
4.815746970835725338e-01
4.816063809961521613e-01
4.816380628248808637e-01
4.816697425701697011e-01
4.817014202324296779e-01
4.817330958120716322e-01
4.817647693095062356e-01
4.817964407251441039e-01
4.818281100593955757e-01
4.818597773126711004e-01
4.818914424853807388e-01
4.819231055779345518e-01
4.819547665907424894e-01
4.819864255242141682e-01
4.820180823787593716e-01
4.820497371547874943e-01
4.820813898527079311e-01
4.821130404729299102e-01
4.821446890158625487e-01
4.821763354819147418e-01
4.822079798714953291e-01
4.822396221850129838e-01
4.822712624228762679e-01
4.823029005854936879e-01
4.823345366732733619e-01
4.823661706866236298e-01
4.823978026259523322e-01
4.824294324916674759e-01
4.824610602841767348e-01
4.824926860038877829e-01
4.825243096512080720e-01
4.825559312265449985e-01
4.825875507303056811e-01
4.826191681628972940e-01
4.826507835247267342e-01
4.826823968162008427e-01
4.827140080377262943e-01
4.827456171897096526e-01
4.827772242725573149e-01
4.828088292866755671e-01
4.828404322324705844e-01
4.828720331103483754e-01
4.829036319207147820e-01
4.829352286639755909e-01
4.829668233405364219e-01
4.829984159508027841e-01
4.830300064951800199e-01
4.830615949740733051e-01
4.830931813878877601e-01
4.831247657370283943e-01
4.831563480218999396e-01
4.831879282429071276e-01
4.832195064004545793e-01
4.832510824949466377e-01
4.832826565267875907e-01
4.833142284963817259e-01
4.833457984041329425e-01
4.833773662504451396e-01
4.834089320357222164e-01
4.834404957603676833e-01
4.834720574247851066e-01
4.835036170293778301e-01
4.835351745745491425e-01
4.835667300607020547e-01
4.835982834882396886e-01
4.836298348575647776e-01
4.836613841690800553e-01
4.836929314231881438e-01
4.837244766202914437e-01
4.837560197607922996e-01
4.837875608450929454e-01
4.838190998735953929e-01
4.838506368467015983e-01
4.838821717648133514e-01
4.839137046283322752e-01
4.839452354376599930e-01
4.839767641931977948e-01
4.840082908953470819e-01
4.840398155445089223e-01
4.840713381410843286e-01
4.841028586854742022e-01
4.841343771780792782e-01
4.841658936193002361e-01
4.841974080095374777e-01
4.842289203491914051e-01
4.842604306386623092e-01
4.842919388783502033e-01
4.843234450686550452e-01
4.843549492099767928e-01
4.843864513027150709e-01
4.844179513472694487e-01
4.844494493440393845e-01
4.844809452934242811e-01
4.845124391958232080e-01
4.845439310516352904e-01
4.845754208612594871e-01
4.846069086250945346e-01
4.846383943435391695e-01
4.846698780169918508e-01
4.847013596458510931e-01
4.847328392305151334e-01
4.847643167713820977e-01
4.847957922688500565e-01
4.848272657233168581e-01
4.848587371351803510e-01
4.848902065048381060e-01
4.849216738326876386e-01
4.849531391191263530e-01
4.849846023645514870e-01
4.850160635693602229e-01
4.850475227339494100e-01
4.850789798587160639e-01
4.851104349440568120e-01
4.851418879903683923e-01
4.851733389980470990e-01
4.852047879674894482e-01
4.852362348990916230e-01
4.852676797932496400e-01
4.852991226503595712e-01
4.853305634708172112e-01
4.853620022550182433e-01
4.853934390033582402e-01
4.854248737162327187e-01
4.854563063940369738e-01
4.854877370371661893e-01
4.855191656460154381e-01
4.855505922209796821e-01
4.855820167624537720e-01
4.856134392708322811e-01
4.856448597465098937e-01
4.856762781898809056e-01
4.857076946013397234e-01
4.857391089812805318e-01
4.857705213300973490e-01
4.858019316481840266e-01
4.858333399359344718e-01
4.858647461937422585e-01
4.858961504220010164e-01
4.859275526211040974e-01
4.859589527914447982e-01
4.859903509334163041e-01
4.860217470474115786e-01
4.860531411338235852e-01
4.860845331930451207e-01
4.861159232254687601e-01
4.861473112314870781e-01
4.861786972114924832e-01
4.862100811658771615e-01
4.862414630950334105e-01
4.862728429993530832e-01
4.863042208792281995e-01
4.863355967350504461e-01
4.863669705672114540e-01
4.863983423761027991e-01
4.864297121621158904e-01
4.864610799256418594e-01
4.864924456670719488e-01
4.865238093867970681e-01
4.865551710852082379e-01
4.865865307626960901e-01
4.866178884196513121e-01
4.866492440564644251e-01
4.866805976735257833e-01
4.867119492712255746e-01
4.867432988499540425e-01
4.867746464101010972e-01
4.868059919520566492e-01
4.868373354762104976e-01
4.868686769829521643e-01
4.869000164726712265e-01
4.869313539457570394e-01
4.869626894025988473e-01
4.869940228435857832e-01
4.870253542691068138e-01
4.870566836795508503e-01
4.870880110753066372e-01
4.871193364567627526e-01
4.871506598243077746e-01
4.871819811783300036e-01
4.872133005192176847e-01
4.872446178473590073e-01
4.872759331631419388e-01
4.873072464669543358e-01
4.873385577591839990e-01
4.873698670402185074e-01
4.874011743104453287e-01
4.874324795702519308e-01
4.874637828200255041e-01
4.874950840601531832e-01
4.875263832910219919e-01
4.875576805130187874e-01
4.875889757265303714e-01
4.876202689319433237e-01
4.876515601296441682e-01
4.876828493200192627e-01
4.877141365034549092e-01
4.877454216803372433e-01
4.877767048510522341e-01
4.878079860159857950e-01
4.878392651755237286e-01
4.878705423300516153e-01
4.879018174799549801e-01
4.879330906256192368e-01
4.879643617674296330e-01
4.879956309057713604e-01
4.880268980410293889e-01
4.880581631735886883e-01
4.880894263038339509e-01
4.881206874321498690e-01
4.881519465589209683e-01
4.881832036845316636e-01
4.882144588093662585e-01
4.882457119338088902e-01
4.882769630582435849e-01
4.883082121830542577e-01
4.883394593086247681e-01
4.883707044353386983e-01
4.884019475635796304e-01
4.884331886937309797e-01
4.884644278261761063e-01
4.884956649612980928e-01
4.885269000994800770e-01
4.885581332411049194e-01
4.885893643865554803e-01
4.886205935362145092e-01
4.886518206904644224e-01
4.886830458496878027e-01
4.887142690142668999e-01
4.887454901845839639e-01
4.887767093610210223e-01
4.888079265439601029e-01
4.888391417337829559e-01
4.888703549308713314e-01
4.889015661356068132e-01
4.889327753483708738e-01
4.889639825695449304e-01
4.889951877995100671e-01
4.890263910386475343e-01
4.890575922873381942e-01
4.890887915459630197e-01
4.891199888149026509e-01
4.891511840945377831e-01
4.891823773852488899e-01
4.892135686874162781e-01
4.892447580014203101e-01
4.892759453276410708e-01
4.893071306664585896e-01
4.893383140182527291e-01
4.893694953834032968e-01
4.894006747622898779e-01
4.894318521552920576e-01
4.894630275627892546e-01
4.894942009851607212e-01
4.895253724227855985e-01
4.895565418760430276e-01
4.895877093453118167e-01
4.896188748309708849e-01
4.896500383333988182e-01
4.896811998529742582e-01
4.897123593900755689e-01
4.897435169450811698e-01
4.897746725183691474e-01
4.898058261103176991e-01
4.898369777213046894e-01
4.898681273517080381e-01
4.898992750019053877e-01
4.899304206722744359e-01
4.899615643631926032e-01
4.899927060750372543e-01
4.900238458081855875e-01
4.900549835630148565e-01
4.900861193399019267e-01
4.901172531392237741e-01
4.901483849613570976e-01
4.901795148066785957e-01
4.902106426755647450e-01
4.902417685683919113e-01
4.902728924855365156e-01
4.903040144273745904e-01
4.903351343942822793e-01
4.903662523866354483e-01
4.903973684048099080e-01
4.904284824491813577e-01
4.904595945201253859e-01
4.904907046180174146e-01
4.905218127432327546e-01
4.905529188961467169e-01
4.905840230771342791e-01
4.906151252865704748e-01
4.906462255248301152e-01
4.906773237922879560e-01
4.907084200893186976e-01
4.907395144162967071e-01
4.907706067735964628e-01
4.908016971615921653e-01
4.908327855806579598e-01
4.908638720311679360e-01
4.908949565134959614e-01
4.909260390280157926e-01
4.909571195751011308e-01
4.909881981551255659e-01
4.910192747684624104e-01
4.910503494154851434e-01
4.910814220965667998e-01
4.911124928120805810e-01
4.911435615623994111e-01
4.911746283478961028e-01
4.912056931689434136e-01
4.912367560259139898e-01
4.912678169191802002e-01
4.912988758491145247e-01
4.913299328160891655e-01
4.913609878204763248e-01
4.913920408626479275e-01
4.914230919429759536e-01
4.914541410618321060e-01
4.914851882195881427e-01
4.915162334166156000e-01
4.915472766532858473e-01
4.915783179299701988e-01
4.916093572470399686e-01
4.916403946048660822e-01
4.916714300038196317e-01
4.917024634442713760e-01
4.917334949265920740e-01
4.917645244511523739e-01
4.917955520183227014e-01
4.918265776284735380e-01
4.918576012819750320e-01
4.918886229791973874e-01
4.919196427205106414e-01
4.919506605062846649e-01
4.919816763368892731e-01
4.920126902126941149e-01
4.920437021340688388e-01
4.920747121013828163e-01
4.921057201150054183e-01
4.921367261753058497e-01
4.921677302826531486e-01
4.921987324374163530e-01
4.922297326399643347e-01
4.922607308906657986e-01
4.922917271898894498e-01
4.923227215380037158e-01
4.923537139353770242e-01
4.923847043823776914e-01
4.924156928793739230e-01
4.924466794267336467e-01
4.924776640248249016e-01
4.925086466740154489e-01
4.925396273746730502e-01
4.925706061271652447e-01
4.926015829318595163e-01
4.926325577891232932e-01
4.926635306993236707e-01
4.926945016628279661e-01
4.927254706800029971e-01
4.927564377512158034e-01
4.927874028768331471e-01
4.928183660572216240e-01
4.928493272927478852e-01
4.928802865837782488e-01
4.929112439306791438e-01
4.929421993338167218e-01
4.929731527935570790e-01
4.930041043102662002e-01
4.930350538843099040e-01
4.930660015160540088e-01
4.930969472058641667e-01
4.931278909541058075e-01
4.931588327611443612e-01
4.931897726273451465e-01
4.932207105530733160e-01
4.932516465386939108e-01
4.932825805845719169e-01
4.933135126910721535e-01
4.933444428585592734e-01
4.933753710873979847e-01
4.934062973779527184e-01
4.934372217305878494e-01
4.934681441456676421e-01
4.934990646235561940e-01
4.935299831646176028e-01
4.935608997692157995e-01
4.935918144377144934e-01
4.936227271704775044e-01
4.936536379678682640e-01
4.936845468302503703e-01
4.937154537579870328e-01
4.937463587514416274e-01
4.937772618109771416e-01
4.938081629369566738e-01
4.938390621297431005e-01
4.938699593896991868e-01
4.939008547171875874e-01
4.939317481125709008e-01
4.939626395762115041e-01
4.939935291084717739e-01
4.940244167097139205e-01
4.940553023802999877e-01
4.940861861205920191e-01
4.941170679309518921e-01
4.941479478117413171e-01
4.941788257633220049e-01
4.942097017860553887e-01
4.942405758803030125e-01
4.942714480464261428e-01
4.943023182847859354e-01
4.943331865957434901e-01
4.943640529796598515e-01
4.943949174368957311e-01
4.944257799678120069e-01
4.944566405727692793e-01
4.944874992521280377e-01
4.945183560062486605e-01
4.945492108354915262e-01
4.945800637402167910e-01
4.946109147207845003e-01
4.946417637775545884e-01
4.946726109108869895e-01
4.947034561211413606e-01
4.947342994086773582e-01
4.947651407738544727e-01
4.947959802170321386e-01
4.948268177385695687e-01
4.948576533388260312e-01
4.948884870181605167e-01
4.949193187769319602e-01
4.949501486154992969e-01
4.949809765342211842e-01
4.950118025334562244e-01
4.950426266135629638e-01
4.950734487748997825e-01
4.951042690178249495e-01
4.951350873426966781e-01
4.951659037498729043e-01
4.951967182397117306e-01
4.952275308125708708e-01
4.952583414688080943e-01
4.952891502087810038e-01
4.953199570328471468e-01
4.953507619413638485e-01
4.953815649346884342e-01
4.954123660131780071e-01
4.954431651771897260e-01
4.954739624270804166e-01
4.955047577632070155e-01
4.955355511859261819e-01
4.955663426955945750e-01
4.955971322925686873e-01
4.956279199772049004e-01
4.956587057498594850e-01
4.956894896108886006e-01
4.957202715606483512e-01
4.957510515994946187e-01
4.957818297277833408e-01
4.958126059458701773e-01
4.958433802541107327e-01
4.958741526528605559e-01
4.959049231424750293e-01
4.959356917233094242e-01
4.959664583957189565e-01
4.959972231600586756e-01
4.960279860166835197e-01
4.960587469659483162e-01
4.960895060082078922e-01
4.961202631438167421e-01
4.961510183731295265e-01
4.961817716965005176e-01
4.962125231142841542e-01
4.962432726268344862e-01
4.962740202345056750e-01
4.963047659376516596e-01
4.963355097366263236e-01
4.963662516317833284e-01
4.963969916234764468e-01
4.964277297120591181e-01
4.964584658978847820e-01
4.964892001813068223e-01
4.965199325626782900e-01
4.965506630423524026e-01
4.965813916206820999e-01
4.966121182980202109e-01
4.966428430747196199e-01
4.966735659511328782e-01
4.967042869276125372e-01
4.967350060045110927e-01
4.967657231821808739e-01
4.967964384609740436e-01
4.968271518412427090e-01
4.968578633233389219e-01
4.968885729076145674e-01
4.969192805944214197e-01
4.969499863841111420e-01
4.969806902770353418e-01
4.970113922735454048e-01
4.970420923739927721e-01
4.970727905787286072e-01
4.971034868881041291e-01
4.971341813024702794e-01
4.971648738221779995e-01
4.971955644475781200e-01
4.972262531790213047e-01
4.972569400168581621e-01
4.972876249614392452e-01
4.973183080131148293e-01
4.973489891722351897e-01
4.973796684391505463e-01
4.974103458142108969e-01
4.974410212977662393e-01
4.974716948901663494e-01
4.975023665917610582e-01
4.975330364028998087e-01
4.975637043239323209e-01
4.975943703552078157e-01
4.976250344970757356e-01
4.976556967498851347e-01
4.976863571139852338e-01
4.977170155897249204e-01
4.977476721774530266e-01
4.977783268775184400e-01
4.978089796902697151e-01
4.978396306160554063e-01
4.978702796552240128e-01
4.979009268081238115e-01
4.979315720751030239e-01
4.979622154565097603e-01
4.979928569526920756e-01
4.980234965639978029e-01
4.980541342907748303e-01
4.980847701333707689e-01
4.981154040921332293e-01
4.981460361674096560e-01
4.981766663595474931e-01
4.982072946688939075e-01
4.982379210957961213e-01
4.982685456406011348e-01
4.982991683036559483e-01
4.983297890853073397e-01
4.983604079859020874e-01
4.983910250057867475e-01
4.984216401453078760e-01
4.984522534048119180e-01
4.984828647846450966e-01
4.985134742851536349e-01
4.985440819066836449e-01
4.985746876495811275e-01
4.986052915141918618e-01
4.986358935008617377e-01
4.986664936099363676e-01
4.986970918417613086e-01
4.987276881966820063e-01
4.987582826750438514e-01
4.987888752771920120e-01
4.988194660034717121e-01
4.988500548542278978e-01
4.988806418298055712e-01
4.989112269305494562e-01
4.989418101568043329e-01
4.989723915089148143e-01
4.990029709872253472e-01
4.990335485920804337e-01
4.990641243238241875e-01
4.990946981828009998e-01
4.991252701693547622e-01
4.991558402838295883e-01
4.991864085265692585e-01
4.992169748979176092e-01
4.992475393982181986e-01
4.992781020278146964e-01
4.993086627870504390e-01
4.993392216762688740e-01
4.993697786958131712e-01
4.994003338460265007e-01
4.994308871272518657e-01
4.994614385398322143e-01
4.994919880841103277e-01
4.995225357604289318e-01
4.995530815691306414e-01
4.995836255105579604e-01
4.996141675850532815e-01
4.996447077929589420e-01
4.996752461346170571e-01
4.997057826103697420e-01
4.997363172205590010e-01
4.997668499655267271e-01
4.997973808456146472e-01
4.998279098611644322e-01
4.998584370125176979e-01
4.998889623000157822e-01
4.999194857240001899e-01
4.999500072848120924e-01
4.999805269827926058e-01
5.000110448182623069e-01
5.000415607915463800e-01
5.000720749030218570e-01
5.001025871530295763e-01
5.001330975419100433e-01
5.001636060700038744e-01
5.001941127376515750e-01
5.002246175451933174e-01
5.002551204929692741e-01
5.002856215813197283e-01
5.003161208105845192e-01
5.003466181811035973e-01
5.003771136932168018e-01
5.004076073472638608e-01
5.004380991435842807e-01
5.004685890825175676e-01
5.004990771644031167e-01
5.005295633895801011e-01
5.005600477583879160e-01
5.005905302711655125e-01
5.006210109282518417e-01
5.006514897299857436e-01
5.006819666767060584e-01
5.007124417687514040e-01
5.007429150064603984e-01
5.007733863901714377e-01
5.008038559202229179e-01
5.008343235969530127e-01
5.008647894206998963e-01
5.008952533918016314e-01
5.009257155105961701e-01
5.009561757774213531e-01
5.009866341926149103e-01
5.010170907565143494e-01
5.010475454694574005e-01
5.010779983317814601e-01
5.011084493438237031e-01
5.011388985059214152e-01
5.011693458184117711e-01
5.011997912816318346e-01
5.012302348959183362e-01
5.012606766616083398e-01
5.012911165790382428e-01
5.013215546485449980e-01
5.013519908704647809e-01
5.013824252451342112e-01
5.014128577728895753e-01
5.014432884540670488e-01
5.014737172890026962e-01
5.015041442780324710e-01
5.015345694214923267e-01
5.015649927197181057e-01
5.015954141730454285e-01
5.016258337818099156e-01
5.016562515463469651e-01
5.016866674669920867e-01
5.017170815440805676e-01
5.017474937779474731e-01
5.017779041689279795e-01
5.018083127173570412e-01
5.018387194235695015e-01
5.018691242879000924e-01
5.018995273106836574e-01
5.019299284922545956e-01
5.019603278329475282e-01
5.019907253330967434e-01
5.020211209930365293e-01
5.020515148131009520e-01
5.020819067936242996e-01
5.021122969349403053e-01
5.021426852373830352e-01
5.021730717012861112e-01
5.022034563269831553e-01
5.022338391148079006e-01
5.022642200650937472e-01
5.022945991781739838e-01
5.023249764543820106e-01
5.023553518940507834e-01
5.023857254975134801e-01
5.024160972651031676e-01
5.024464671971524687e-01
5.024768352939943394e-01
5.025072015559612915e-01
5.025375659833859476e-01
5.025679285766007087e-01
5.025982893359380865e-01
5.026286482617301488e-01
5.026590053543091852e-01
5.026893606140071524e-01
5.027197140411560072e-01
5.027500656360877063e-01
5.027804153991339842e-01
5.028107633306263535e-01
5.028411094308964380e-01
5.028714537002757501e-01
5.029017961390955804e-01
5.029321367476873306e-01
5.029624755263818470e-01
5.029928124755105312e-01
5.030231475954041187e-01
5.030534808863934559e-01
5.030838123488093894e-01
5.031141419829825434e-01
5.031444697892434315e-01
5.031747957679225669e-01
5.032051199193503521e-01
5.032354422438568564e-01
5.032657627417724822e-01
5.032960814134270766e-01
5.033263982591507091e-01
5.033567132792732268e-01
5.033870264741243661e-01
5.034173378440337521e-01
5.034476473893310100e-01
5.034779551103455431e-01
5.035082610074068654e-01
5.035385650808440472e-01
5.035688673309862695e-01
5.035991677581627135e-01
5.036294663627023382e-01
5.036597631449338808e-01
5.036900581051861892e-01
5.037203512437880004e-01
5.037506425610677185e-01
5.037809320573539695e-01
5.038112197329750463e-01
5.038415055882593530e-01
5.038717896235348492e-01
5.039020718391297171e-01
5.039323522353720275e-01
5.039626308125895182e-01
5.039929075711100381e-01
5.040231825112612141e-01
5.040534556333707839e-01
5.040837269377660412e-01
5.041139964247745020e-01
5.041442640947233489e-01
5.041745299479398756e-01
5.042047939847511540e-01
5.042350562054842555e-01
5.042653166104658080e-01
5.042955752000228831e-01
5.043258319744821083e-01
5.043560869341701114e-01
5.043863400794131868e-01
5.044165914105380732e-01
5.044468409278708432e-01
5.044770886317377911e-01
5.045073345224649897e-01
5.045375786003785112e-01
5.045678208658043173e-01
5.045980613190680364e-01
5.046282999604956299e-01
5.046585367904125041e-01
5.046887718091443986e-01
5.047190050170166087e-01
5.047492364143544297e-01
5.047794660014832679e-01
5.048096937787280858e-01
5.048399197464140675e-01
5.048701439048660644e-01
5.049003662544089277e-01
5.049305867953673976e-01
5.049608055280662144e-01
5.049910224528297853e-01
5.050212375699827394e-01
5.050514508798493729e-01
5.050816623827538709e-01
5.051118720790205296e-01
5.051420799689733121e-01
5.051722860529361814e-01
5.052024903312331006e-01
5.052326928041878107e-01
5.052628934721240528e-01
5.052930923353653458e-01
5.053232893942350978e-01
5.053534846490569388e-01
5.053836781001539435e-01
5.054138697478494091e-01
5.054440595924664104e-01
5.054742476343279112e-01
5.055044338737569865e-01
5.055346183110762670e-01
5.055648009466084947e-01
5.055949817806764113e-01
5.056251608136024256e-01
5.056553380457090574e-01
5.056855134773186045e-01
5.057156871087532535e-01
5.057458589403351912e-01
5.057760289723864933e-01
5.058061972052290134e-01
5.058363636391847162e-01
5.058665282745752334e-01
5.058966911117223075e-01
5.059268521509475702e-01
5.059570113925723200e-01
5.059871688369180776e-01
5.060173244843060303e-01
5.060474783350573658e-01
5.060776303894932715e-01
5.061077806479346020e-01
5.061379291107023226e-01
5.061680757781171769e-01
5.061982206505000192e-01
5.062283637281712600e-01
5.062585050114515317e-01
5.062886445006612446e-01
5.063187821961206980e-01
5.063489180981500803e-01
5.063790522070695799e-01
5.064091845231992739e-01
5.064393150468590177e-01
5.064694437783686665e-01
5.064995707180479645e-01
5.065296958662166560e-01
5.065598192231942631e-01
5.065899407893001971e-01
5.066200605648537580e-01
5.066501785501744681e-01
5.066802947455812944e-01
5.067104091513934261e-01
5.067405217679298302e-01
5.067706325955093627e-01
5.068007416344507687e-01
5.068308488850730154e-01
5.068609543476944035e-01
5.068910580226336782e-01
5.069211599102091403e-01
5.069512600107392020e-01
5.069813583245419419e-01
5.070114548519356612e-01
5.070415495932384387e-01
5.070716425487680201e-01
5.071017337188424845e-01
5.071318231037793556e-01
5.071619107038966012e-01
5.071919965195115232e-01
5.072220805509417563e-01
5.072521627985046022e-01
5.072822432625173628e-01
5.073123219432973396e-01
5.073423988411615015e-01
5.073724739564269282e-01
5.074025472894105881e-01
5.074326188404292282e-01
5.074626886097994838e-01
5.074927565978382127e-01
5.075228228048618284e-01
5.075528872311867445e-01
5.075829498771292636e-01
5.076130107430059102e-01
5.076430698291325427e-01
5.076731271358254638e-01
5.077031826634004208e-01
5.077332364121736052e-01
5.077632883824605425e-01
5.077933385745769801e-01
5.078233869888386653e-01
5.078534336255609016e-01
5.078834784850593254e-01
5.079135215676491288e-01
5.079435628736455044e-01
5.079736024033637554e-01
5.080036401571187410e-01
5.080336761352255426e-01
5.080637103379990194e-01
5.080937427657538086e-01
5.081237734188046584e-01
5.081538022974662061e-01
5.081838294020529778e-01
5.082138547328791667e-01
5.082438782902591878e-01
5.082739000745072344e-01
5.083039200859374995e-01
5.083339383248639543e-01
5.083639547916004586e-01
5.083939694864609837e-01
5.084239824097591676e-01
5.084539935618086481e-01
5.084840029429230635e-01
5.085140105534159405e-01
5.085440163936004732e-01
5.085740204637900774e-01
5.086040227642978362e-01
5.086340232954369434e-01
5.086640220575204818e-01
5.086940190508612014e-01
5.087240142757719630e-01
5.087540077325654053e-01
5.087839994215543893e-01
5.088139893430513316e-01
5.088439774973687602e-01
5.088739638848188696e-01
5.089039485057140766e-01
5.089339313603665760e-01
5.089639124490882294e-01
5.089938917721913425e-01
5.090238693299875550e-01
5.090538451227888395e-01
5.090838191509068356e-01
5.091137914146532939e-01
5.091437619143395210e-01
5.091737306502770455e-01
5.092036976227773959e-01
5.092336628321515457e-01
5.092636262787109125e-01
5.092935879627664697e-01
5.093235478846291908e-01
5.093535060446099383e-01
5.093834624430195746e-01
5.094134170801687400e-01
5.094433699563681861e-01
5.094733210719282201e-01
5.095032704271595936e-01
5.095332180223723917e-01
5.095631638578769218e-01
5.095931079339833802e-01
5.096230502510018523e-01
5.096529908092422012e-01
5.096829296090145123e-01
5.097128666506284267e-01
5.097428019343938077e-01
5.097727354606200745e-01
5.098026672296168682e-01
5.098325972416937191e-01
5.098625254971597132e-01
5.098924519963242696e-01
5.099223767394965856e-01
5.099522997269857472e-01
5.099822209591005073e-01
5.100121404361500632e-01
5.100420581584429458e-01
5.100719741262880191e-01
5.101018883399939252e-01
5.101318007998690840e-01
5.101617115062220265e-01
5.101916204593610615e-01
5.102215276595944982e-01
5.102514331072303122e-01
5.102813368025768126e-01
5.103112387459419752e-01
5.103411389376334428e-01
5.103710373779593024e-01
5.104009340672270856e-01
5.104308290057445463e-01
5.104607221938192163e-01
5.104906136317584053e-01
5.105205033198696452e-01
5.105503912584600235e-01
5.105802774478368500e-01
5.106101618883072124e-01
5.106400445801779764e-01
5.106699255237561186e-01
5.106998047193485046e-01
5.107296821672618892e-01
5.107595578678028048e-01
5.107894318212777840e-01
5.108193040279934705e-01
5.108491744882560637e-01
5.108790432023717631e-01
5.109089101706469904e-01
5.109387753933877230e-01
5.109686388708999383e-01
5.109985006034897248e-01
5.110283605914626159e-01
5.110582188351247002e-01
5.110880753347812888e-01
5.111179300907382483e-01
5.111477831033008901e-01
5.111776343727746363e-01
5.112074838994646875e-01
5.112373316836764658e-01
5.112671777257148387e-01
5.112970220258850063e-01
5.113268645844919469e-01
5.113567054018403057e-01
5.113865444782350611e-01
5.114163818139807471e-01
5.114462174093820090e-01
5.114760512647433810e-01
5.115058833803690641e-01
5.115357137565637036e-01
5.115655423936311674e-01
5.115953692918758788e-01
5.116251944516018169e-01
5.116550178731129606e-01
5.116848395567130670e-01
5.117146595027060041e-01
5.117444777113954180e-01
5.117742941830850656e-01
5.118041089180783709e-01
5.118339219166786469e-01
5.118637331791894285e-01
5.118935427059139176e-01
5.119233504971552051e-01
5.119531565532164930e-01
5.119829608744006499e-01
5.120127634610106560e-01
5.120425643133492688e-01
5.120723634317193573e-01
5.121021608164233463e-01
5.121319564677639935e-01
5.121617503860436127e-01
5.121915425715646286e-01
5.122213330246292440e-01
5.122511217455398835e-01
5.122809087345984169e-01
5.123106939921070468e-01
5.123404775183675319e-01
5.123702593136819639e-01
5.124000393783518792e-01
5.124298177126789255e-01
5.124595943169649725e-01
5.124893691915112237e-01
5.125191423366192156e-01
5.125489137525902628e-01
5.125786834397255687e-01
5.126084513983263369e-01
5.126382176286935488e-01
5.126679821311282970e-01
5.126977449059313408e-01
5.127275059534035506e-01
5.127572652738455750e-01
5.127870228675581732e-01
5.128167787348416606e-01
5.128465328759966857e-01
5.128762852913235637e-01
5.129060359811224989e-01
5.129357849456936957e-01
5.129655321853372474e-01
5.129952777003532471e-01
5.130250214910415663e-01
5.130547635577020760e-01
5.130845039006345365e-01
5.131142425201385970e-01
5.131439794165136847e-01
5.131737145900595598e-01
5.132034480410754274e-01
5.132331797698607145e-01
5.132629097767145154e-01
5.132926380619362572e-01
5.133223646258247008e-01
5.133520894686789404e-01
5.133818125907978480e-01
5.134115339924801846e-01
5.134412536740248223e-01
5.134709716357301890e-01
5.135006878778949346e-01
5.135304024008174872e-01
5.135601152047962747e-01
5.135898262901293920e-01
5.136195356571152670e-01
5.136492433060518836e-01
5.136789492372372257e-01
5.137086534509693880e-01
5.137383559475460215e-01
5.137680567272649990e-01
5.137977557904240822e-01
5.138274531373206999e-01
5.138571487682523919e-01
5.138868426835165870e-01
5.139165348834107139e-01
5.139462253682319792e-01
5.139759141382773677e-01
5.140056011938443081e-01
5.140352865352294520e-01
5.140649701627298951e-01
5.140946520766423999e-01
5.141243322772636182e-01
5.141540107648903124e-01
5.141836875398191342e-01
5.142133626023462911e-01
5.142430359527684347e-01
5.142727075913817725e-01
5.143023775184824009e-01
5.143320457343666385e-01
5.143617122393304708e-01
5.143913770336697722e-01
5.144210401176806391e-01
5.144507014916586130e-01
5.144803611558995682e-01
5.145100191106991572e-01
5.145396753563526993e-01
5.145693298931558468e-01
5.145989827214039192e-01
5.146286338413922357e-01
5.146582832534158936e-01
5.146879309577701012e-01
5.147175769547498447e-01
5.147472212446499995e-01
5.147768638277655517e-01
5.148065047043911546e-01
5.148361438748215724e-01
5.148657813393514582e-01
5.148954170982752432e-01
5.149250511518873585e-01
5.149546835004821244e-01
5.149843141443538608e-01
5.150139430837968879e-01
5.150435703191049708e-01
5.150731958505724295e-01
5.151028196784930291e-01
5.151324418031606456e-01
5.151620622248690440e-01
5.151916809439118783e-01
5.152212979605828025e-01
5.152509132751752485e-01
5.152805268879826484e-01
5.153101387992983229e-01
5.153397490094155931e-01
5.153693575186275577e-01
5.153989643272273158e-01
5.154285694355078551e-01
5.154581728437621635e-01
5.154877745522830068e-01
5.155173745613630398e-01
5.155469728712951394e-01
5.155765694823717382e-01
5.156061643948853801e-01
5.156357576091283867e-01
5.156653491253931909e-01
5.156949389439720033e-01
5.157245270651569236e-01
5.157541134892401624e-01
5.157836982165135975e-01
5.158132812472691064e-01
5.158428625817986779e-01
5.158724422203938564e-01
5.159020201633464087e-01
5.159315964109478791e-01
5.159611709634898125e-01
5.159907438212635311e-01
5.160203149845604687e-01
5.160498844536717256e-01
5.160794522288886244e-01
5.161090183105020435e-01
5.161385826988030834e-01
5.161681453940826225e-01
5.161977063966314283e-01
5.162272657067403792e-01
5.162568233247000204e-01
5.162863792508010086e-01
5.163159334853337779e-01
5.163454860285886516e-01
5.163750368808561753e-01
5.164045860424263390e-01
5.164341335135894662e-01
5.164636792946355470e-01
5.164932233858546828e-01
5.165227657875366418e-01
5.165523064999713032e-01
5.165818455234484352e-01
5.166113828582576950e-01
5.166409185046886288e-01
5.166704524630307827e-01
5.166999847335734808e-01
5.167295153166061583e-01
5.167590442124180283e-01
5.167885714212981929e-01
5.168180969435357541e-01
5.168476207794197030e-01
5.168771429292390307e-01
5.169066633932825061e-01
5.169361821718388983e-01
5.169656992651968652e-01
5.169952146736450649e-01
5.170247283974719332e-01
5.170542404369657952e-01
5.170837507924151977e-01
5.171132594641082436e-01
5.171427664523331469e-01
5.171722717573780104e-01
5.172017753795308259e-01
5.172312773190794744e-01
5.172607775763119475e-01
5.172902761515160153e-01
5.173197730449791143e-01
5.173492682569891254e-01
5.173787617878333744e-01
5.174082536377992980e-01
5.174377438071744439e-01
5.174672322962459159e-01
5.174967191053009286e-01
5.175262042346265856e-01
5.175556876845099907e-01
5.175851694552380255e-01
5.176146495470975717e-01
5.176441279603753998e-01
5.176736046953581694e-01
5.177030797523325401e-01
5.177325531315850604e-01
5.177620248334022790e-01
5.177914948580703003e-01
5.178209632058756728e-01
5.178504298771046122e-01
5.178798948720430007e-01
5.179093581909771649e-01
5.179388198341928762e-01
5.179682798019760170e-01
5.179977380946125809e-01
5.180271947123881171e-01
5.180566496555883971e-01
5.180861029244988591e-01
5.181155545194050527e-01
5.181450044405923050e-01
5.181744526883460544e-01
5.182038992629515173e-01
5.182333441646936878e-01
5.182627873938577823e-01
5.182922289507287950e-01
5.183216688355916091e-01
5.183511070487309969e-01
5.183805435904318415e-01
5.184099784609786932e-01
5.184394116606562131e-01
5.184688431897488403e-01
5.184982730485410141e-01
5.185277012373171734e-01
5.185571277563615356e-01
5.185865526059583175e-01
5.186159757863915143e-01
5.186453972979452320e-01
5.186748171409033548e-01
5.187042353155497665e-01
5.187336518221683512e-01
5.187630666610426600e-01
5.187924798324564657e-01
5.188218913366932084e-01
5.188513011740363279e-01
5.188807093447692642e-01
5.189101158491753463e-01
5.189395206875377919e-01
5.189689238601395971e-01
5.189983253672639796e-01
5.190277252091938243e-01
5.190571233862121270e-01
5.190865198986015505e-01
5.191159147466450907e-01
5.191453079306250773e-01
5.191746994508243951e-01
5.192040893075253738e-01
5.192334775010104542e-01
5.192628640315620769e-01
5.192922488994622388e-01
5.193216321049934914e-01
5.193510136484376094e-01
5.193803935300768115e-01
5.194097717501929834e-01
5.194391483090678996e-01
5.194685232069835568e-01
5.194978964442213965e-01
5.195272680210631933e-01
5.195566379377904997e-01
5.195860061946846464e-01
5.196153727920271859e-01
5.196447377300993375e-01
5.196741010091823210e-01
5.197034626295572446e-01
5.197328225915052169e-01
5.197621808953073463e-01
5.197915375412442973e-01
5.198208925295970673e-01
5.198502458606463206e-01
5.198795975346728326e-01
5.199089475519570458e-01
5.199382959127796244e-01
5.199676426174208999e-01
5.199969876661612034e-01
5.200263310592809773e-01
5.200556727970602200e-01
5.200850128797790406e-01
5.201143513077176594e-01
5.201436880811558527e-01
5.201730232003736187e-01
5.202023566656507336e-01
5.202316884772668626e-01
5.202610186355016708e-01
5.202903471406348235e-01
5.203196739929456527e-01
5.203489991927136016e-01
5.203783227402180023e-01
5.204076446357381869e-01
5.204369648795531544e-01
5.204662834719421260e-01
5.204956004131842118e-01
5.205249157035580776e-01
5.205542293433428336e-01
5.205835413328170347e-01
5.206128516722595689e-01
5.206421603619488803e-01
5.206714674021637457e-01
5.207007727931823871e-01
5.207300765352832483e-01
5.207593786287447735e-01
5.207886790738450733e-01
5.208179778708622587e-01
5.208472750200745516e-01
5.208765705217597297e-01
5.209058643761959040e-01
5.209351565836608522e-01
5.209644471444323521e-01
5.209937360587879596e-01
5.210230233270054523e-01
5.210523089493621640e-01
5.210815929261357615e-01
5.211108752576034675e-01
5.211401559440426157e-01
5.211694349857304287e-01
5.211987123829439073e-01
5.212279881359603850e-01
5.212572622450566406e-01
5.212865347105095637e-01
5.213158055325960438e-01
5.213450747115928596e-01
5.213743422477765677e-01
5.214036081414238355e-01
5.214328723928112197e-01
5.214621350022150548e-01
5.214913959699117862e-01
5.215206552961776376e-01
5.215499129812889434e-01
5.215791690255215940e-01
5.216084234291518129e-01
5.216376761924554906e-01
5.216669273157085174e-01
5.216961767991867838e-01
5.217254246431660691e-01
5.217546708479218198e-01
5.217839154137298152e-01
5.218131583408655016e-01
5.218423996296043255e-01
5.218716392802216220e-01
5.219008772929926154e-01
5.219301136681926412e-01
5.219593484060967015e-01
5.219885815069799095e-01
5.220178129711171566e-01
5.220470427987834450e-01
5.220762709902534437e-01
5.221054975458020442e-01
5.221347224657038044e-01
5.221639457502332826e-01
5.221931673996651480e-01
5.222223874142736255e-01
5.222516057943331624e-01
5.222808225401180948e-01
5.223100376519025367e-01
5.223392511299606022e-01
5.223684629745664054e-01
5.223976731859938383e-01
5.224268817645169038e-01
5.224560887104093831e-01
5.224852940239449461e-01
5.225144977053972628e-01
5.225436997550398921e-01
5.225729001731465040e-01
5.226020989599904354e-01
5.226312961158450232e-01
5.226604916409836044e-01
5.226896855356792937e-01
5.227188778002053171e-01
5.227480684348346784e-01
5.227772574398402705e-01
5.228064448154952082e-01
5.228356305620721622e-01
5.228648146798438034e-01
5.228939971690830246e-01
5.229231780300622745e-01
5.229523572630541128e-01
5.229815348683309884e-01
5.230107108461652388e-01
5.230398851968290908e-01
5.230690579205949930e-01
5.230982290177348393e-01
5.231273984885208561e-01
5.231565663332248262e-01
5.231857325521189761e-01
5.232148971454748665e-01
5.232440601135643909e-01
5.232732214566591100e-01
5.233023811750308063e-01
5.233315392689509293e-01
5.233606957386909286e-01
5.233898505845222537e-01
5.234190038067161321e-01
5.234481554055437913e-01
5.234773053812764587e-01
5.235064537341851398e-01
5.235356004645408401e-01
5.235647455726145649e-01
5.235938890586770977e-01
5.236230309229993329e-01
5.236521711658518319e-01
5.236813097875052669e-01
5.237104467882301995e-01
5.237395821682970798e-01
5.237687159279763582e-01
5.237978480675383741e-01
5.238269785872533557e-01
5.238561074873915313e-01
5.238852347682227961e-01
5.239143604300173784e-01
5.239434844730452845e-01
5.239726068975761875e-01
5.240017277038799826e-01
5.240308468922264540e-01
5.240599644628851639e-01
5.240890804161257854e-01
5.241181947522176587e-01
5.241473074714303459e-01
5.241764185740331872e-01
5.242055280602955225e-01
5.242346359304863590e-01
5.242637421848750368e-01
5.242928468237304518e-01
5.243219498473216111e-01
5.243510512559175218e-01
5.243801510497869689e-01
5.244092492291986263e-01
5.244383457944212790e-01
5.244674407457233789e-01
5.244965340833737111e-01
5.245256258076405054e-01
5.245547159187922137e-01
5.245838044170971770e-01
5.246128913028236251e-01
5.246419765762396770e-01
5.246710602376134513e-01
5.247001422872129561e-01
5.247292227253060881e-01
5.247583015521608552e-01
5.247873787680448210e-01
5.248164543732258824e-01
5.248455283679716032e-01
5.248746007525494361e-01
5.249036715272271669e-01
5.249327406922719153e-01
5.249618082479512449e-01
5.249908741945322754e-01
5.250199385322823487e-01
5.250490012614683621e-01
5.250780623823575466e-01
5.251071218952169106e-01
5.251361798003131298e-01
5.251652360979133238e-01
5.251942907882839462e-01
5.252233438716920055e-01
5.252523953484037333e-01
5.252814452186860272e-01
5.253104934828050077e-01
5.253395401410273502e-01
5.253685851936191753e-01
5.253976286408468255e-01
5.254266704829763102e-01
5.254557107202739719e-01
5.254847493530055980e-01
5.255137863814371979e-01
5.255428218058347811e-01
5.255718556264639130e-01
5.256008878435904919e-01
5.256299184574800831e-01
5.256589474683982521e-01
5.256879748766105642e-01
5.257170006823823627e-01
5.257460248859791019e-01
5.257750474876660141e-01
5.258040684877083315e-01
5.258330878863711755e-01
5.258621056839195562e-01
5.258911218806184840e-01
5.259201364767329689e-01
5.259491494725277994e-01
5.259781608682676524e-01
5.260071706642174272e-01
5.260361788606415789e-01
5.260651854578046738e-01
5.260941904559712778e-01
5.261231938554058463e-01
5.261521956563725011e-01
5.261811958591355864e-01
5.262101944639593354e-01
5.262391914711079810e-01
5.262681868808453123e-01
5.262971806934354513e-01
5.263261729091421870e-01
5.263551635282295305e-01
5.263841525509610486e-01
5.264131399776005305e-01
5.264421258084115429e-01
5.264711100436576530e-01
5.265000926836022055e-01
5.265290737285087674e-01
5.265580531786405727e-01
5.265870310342607441e-01
5.266160072956326266e-01
5.266449819630193430e-01
5.266739550366836831e-01
5.267029265168888807e-01
5.267318964038976148e-01
5.267608646979727860e-01
5.267898313993770731e-01
5.268187965083731550e-01
5.268477600252238213e-01
5.268767219501913068e-01
5.269056822835381793e-01
5.269346410255267843e-01
5.269635981764194677e-01
5.269925537364784640e-01
5.270215077059660080e-01
5.270504600851440014e-01
5.270794108742745676e-01
5.271083600736196084e-01
5.271373076834411364e-01
5.271662537040007201e-01
5.271951981355602612e-01
5.272241409783814392e-01
5.272530822327257116e-01
5.272820218988546470e-01
5.273109599770297029e-01
5.273398964675122258e-01
5.273688313705635622e-01
5.273977646864449476e-01
5.274266964154173953e-01
5.274556265577421410e-01
5.274845551136800870e-01
5.275134820834922467e-01
5.275424074674395225e-01
5.275713312657825949e-01
5.276002534787822551e-01
5.276291741066991836e-01
5.276580931497939497e-01
5.276870106083270118e-01
5.277159264825589391e-01
5.277448407727499680e-01
5.277737534791603347e-01
5.278026646020504975e-01
5.278315741416804707e-01
5.278604820983102686e-01
5.278893884722000163e-01
5.279182932636097281e-01
5.279471964727990851e-01
5.279760981000279907e-01
5.280049981455561259e-01
5.280338966096431719e-01
5.280627934925488098e-01
5.280916887945323879e-01
5.281205825158534761e-01
5.281494746567713117e-01
5.281783652175453536e-01
5.282072541984347280e-01
5.282361415996986720e-01
5.282650274215962005e-01
5.282939116643864397e-01
5.283227943283281824e-01
5.283516754136803328e-01
5.283805549207019059e-01
5.284094328496513615e-01
5.284383092007874927e-01
5.284671839743689814e-01
5.284960571706541765e-01
5.285249287899016490e-01
5.285537988323696368e-01
5.285826672983167107e-01
5.286115341880008867e-01
5.286403995016804025e-01
5.286692632396133851e-01
5.286981254020578502e-01
5.287269859892717028e-01
5.287558450015129585e-01
5.287847024390393003e-01
5.288135583021085218e-01
5.288424125909784168e-01
5.288712653059063351e-01
5.289001164471500704e-01
5.289289660149669725e-01
5.289578140096145020e-01
5.289866604313498977e-01
5.290155052804305091e-01
5.290443485571133531e-01
5.290731902616557791e-01
5.291020303943146930e-01
5.291308689553471112e-01
5.291597059450099394e-01
5.291885413635599722e-01
5.292173752112540042e-01
5.292462074883487189e-01
5.292750381951007999e-01
5.293038673317667087e-01
5.293326948986030178e-01
5.293615208958661889e-01
5.293903453238124612e-01
5.294191681826980744e-01
5.294479894727793789e-01
5.294768091943123922e-01
5.295056273475532427e-01
5.295344439327579478e-01
5.295632589501824139e-01
5.295920724000825475e-01
5.296208842827140328e-01
5.296496945983326654e-01
5.296785033471940185e-01
5.297073105295537765e-01
5.297361161456674017e-01
5.297649201957902454e-01
5.297937226801778809e-01
5.298225235990855486e-01
5.298513229527683777e-01
5.298801207414816083e-01
5.299089169654802589e-01
5.299377116250195696e-01
5.299665047203542256e-01
5.299952962517392452e-01
5.300240862194295355e-01
5.300528746236796707e-01
5.300816614647444469e-01
5.301104467428784384e-01
5.301392304583361081e-01
5.301680126113721414e-01
5.301967932022406682e-01
5.302255722311962627e-01
5.302543496984930549e-01
5.302831256043852859e-01
5.303118999491271968e-01
5.303406727329725845e-01
5.303694439561755791e-01
5.303982136189901997e-01
5.304269817216701322e-01
5.304557482644692845e-01
5.304845132476412317e-01
5.305132766714397707e-01
5.305420385361184765e-01
5.305707988419307020e-01
5.305995575891300220e-01
5.306283147779697895e-01
5.306570704087032464e-01
5.306858244815836345e-01
5.307145769968641957e-01
5.307433279547980609e-01
5.307720773556380278e-01
5.308008251996373383e-01
5.308295714870486792e-01
5.308583162181249593e-01
5.308870593931188653e-01
5.309158010122831950e-01
5.309445410758705242e-01
5.309732795841333175e-01
5.310020165373242618e-01
5.310307519356954886e-01
5.310594857794995738e-01
5.310882180689886489e-01
5.311169488044150677e-01
5.311456779860307398e-01
5.311744056140880188e-01
5.312031316888387034e-01
5.312318562105348141e-01
5.312605791794281496e-01
5.312893005957706194e-01
5.313180204598139111e-01
5.313467387718096013e-01
5.313754555320093775e-01
5.314041707406647053e-01
5.314328843980271611e-01
5.314615965043479884e-01
5.314903070598785417e-01
5.315190160648701756e-01
5.315477235195740224e-01
5.315764294242412147e-01
5.316051337791226628e-01
5.316338365844696101e-01
5.316625378405327451e-01
5.316912375475629782e-01
5.317199357058112197e-01
5.317486323155280470e-01
5.317773273769641484e-01
5.318060208903699904e-01
5.318347128559962611e-01
5.318634032740934270e-01
5.318920921449116213e-01
5.319207794687013102e-01
5.319494652457128492e-01
5.319781494761961493e-01
5.320068321604014550e-01
5.320355132985788993e-01
5.320641928909782825e-01
5.320928709378495158e-01
5.321215474394426215e-01
5.321502223960071776e-01
5.321788958077929843e-01
5.322075676750496198e-01
5.322362379980266622e-01
5.322649067769735787e-01
5.322935740121399473e-01
5.323222397037750131e-01
5.323509038521281322e-01
5.323795664574484388e-01
5.324082275199851777e-01
5.324368870399873721e-01
5.324655450177041560e-01
5.324942014533844414e-01
5.325228563472771404e-01
5.325515096996310538e-01
5.325801615106949827e-01
5.326088117807175060e-01
5.326374605099474246e-01
5.326661076986332066e-01
5.326947533470234308e-01
5.327233974553663431e-01
5.327520400239104115e-01
5.327806810529039927e-01
5.328093205425953327e-01
5.328379584932323443e-01
5.328665949050633843e-01
5.328952297783364767e-01
5.329238631132994231e-01
5.329524949102001363e-01
5.329811251692865293e-01
5.330097538908064037e-01
5.330383810750072282e-01
5.330670067221369157e-01
5.330956308324429349e-01
5.331242534061726435e-01
5.331528744435736211e-01
5.331814939448932256e-01
5.332101119103785924e-01
5.332387283402771905e-01
5.332673432348360443e-01
5.332959565943021785e-01
5.333245684189228397e-01
5.333531787089448306e-01
5.333817874646150647e-01
5.334103946861804557e-01
5.334390003738875841e-01
5.334676045279833634e-01
5.334962071487143742e-01
5.335248082363270861e-01
5.335534077910680795e-01
5.335820058131838239e-01
5.336106023029206780e-01
5.336391972605247780e-01
5.336677906862425935e-01
5.336963825803201500e-01
5.337249729430036949e-01
5.337535617745390315e-01
5.337821490751724074e-01
5.338107348451495149e-01
5.338393190847162684e-01
5.338679017941185823e-01
5.338964829736019269e-01
5.339250626234121055e-01
5.339536407437945886e-01
5.339822173349950685e-01
5.340107923972587933e-01
5.340393659308313445e-01
5.340679379359578594e-01
5.340965084128835860e-01
5.341250773618538839e-01
5.341536447831137790e-01
5.341822106769081868e-01
5.342107750434823554e-01
5.342393378830810891e-01
5.342678991959490808e-01
5.342964589823314681e-01
5.343250172424727218e-01
5.343535739766175352e-01
5.343821291850104904e-01
5.344106828678962806e-01
5.344392350255192659e-01
5.344677856581238062e-01
5.344963347659542618e-01
5.345248823492548818e-01
5.345534284082699150e-01
5.345819729432434997e-01
5.346105159544196628e-01
5.346390574420425423e-01
5.346675974063559433e-01
5.346961358476037818e-01
5.347246727660298626e-01
5.347532081618779909e-01
5.347817420353917495e-01
5.348102743868148323e-01
5.348388052163908224e-01
5.348673345243631916e-01
5.348958623109753008e-01
5.349243885764705109e-01
5.349529133210921827e-01
5.349814365450835663e-01
5.350099582486878003e-01
5.350384784321478016e-01
5.350669970957069310e-01
5.350955142396078834e-01
5.351240298640936865e-01
5.351525439694072572e-01
5.351810565557911792e-01
5.352095676234883692e-01
5.352380771727413000e-01
5.352665852037926664e-01
5.352950917168849410e-01
5.353235967122604855e-01
5.353521001901618837e-01
5.353806021508313862e-01
5.354091025945111326e-01
5.354376015214434847e-01
5.354660989318705822e-01
5.354945948260342314e-01
5.355230892041766833e-01
5.355515820665398552e-01
5.355800734133655538e-01
5.356085632448955858e-01
5.356370515613717576e-01
5.356655383630356537e-01
5.356940236501289698e-01
5.357225074228931794e-01
5.357509896815698669e-01
5.357794704264003949e-01
5.358079496576262368e-01
5.358364273754885332e-01
5.358649035802285354e-01
5.358933782720874950e-01
5.359218514513064413e-01
5.359503231181264038e-01
5.359787932727884119e-01
5.360072619155333840e-01
5.360357290466021274e-01
5.360641946662354496e-01
5.360926587746740468e-01
5.361211213721586155e-01
5.361495824589297410e-01
5.361780420352278975e-01
5.362065001012935594e-01
5.362349566573670900e-01
5.362634117036889636e-01
5.362918652404994324e-01
5.363203172680385267e-01
5.363487677865466097e-01
5.363772167962636006e-01
5.364056642974295297e-01
5.364341102902844272e-01
5.364625547750682122e-01
5.364909977520206930e-01
5.365194392213814556e-01
5.365478791833904193e-01
5.365763176382871702e-01
5.366047545863111834e-01
5.366331900277020450e-01
5.366616239626992302e-01
5.366900563915421030e-01
5.367184873144699164e-01
5.367469167317220347e-01
5.367753446435374887e-01
5.368037710501555315e-01
5.368321959518151942e-01
5.368606193487556189e-01
5.368890412412155033e-01
5.369174616294337676e-01
5.369458805136494428e-01
5.369742978941010048e-01
5.370027137710273735e-01
5.370311281446669138e-01
5.370595410152584348e-01
5.370879523830403013e-01
5.371163622482511002e-01
5.371447706111288634e-01
5.371731774719122887e-01
5.372015828308394081e-01
5.372299866881483643e-01
5.372583890440774113e-01
5.372867898988645807e-01
5.373151892527477935e-01
5.373435871059649704e-01
5.373719834587541433e-01
5.374003783113528998e-01
5.374287716639991608e-01
5.374571635169305139e-01
5.374855538703845470e-01
5.375139427245988477e-01
5.375423300798110038e-01
5.375707159362582699e-01
5.375991002941781227e-01
5.376274831538078169e-01
5.376558645153847182e-01
5.376842443791457482e-01
5.377126227453282725e-01
5.377409996141692128e-01
5.377693749859056016e-01
5.377977488607743606e-01
5.378261212390124113e-01
5.378544921208564533e-01
5.378828615065431862e-01
5.379112293963094205e-01
5.379395957903917447e-01
5.379679606890266363e-01
5.379963240924506840e-01
5.380246860009002541e-01
5.380530464146117131e-01
5.380814053338214276e-01
5.381097627587655419e-01
5.381381186896803115e-01
5.381664731268018809e-01
5.381948260703661724e-01
5.382231775206092195e-01
5.382515274777670555e-01
5.382798759420754919e-01
5.383082229137702290e-01
5.383365683930871892e-01
5.383649123802619618e-01
5.383932548755301362e-01
5.384215958791273016e-01
5.384499353912890474e-01
5.384782734122506298e-01
5.385066099422475272e-01
5.385349449815151068e-01
5.385632785302885139e-01
5.385916105888030048e-01
5.386199411572936135e-01
5.386482702359953745e-01
5.386765978251435438e-01
5.387049239249728227e-01
5.387332485357181344e-01
5.387615716576142910e-01
5.387898932908961047e-01
5.388182134357981656e-01
5.388465320925552859e-01
5.388748492614018337e-01
5.389031649425723991e-01
5.389314791363014612e-01
5.389597918428233880e-01
5.389881030623725477e-01
5.390164127951829753e-01
5.390447210414891499e-01
5.390730278015251065e-01
5.391013330755248800e-01
5.391296368637225056e-01
5.391579391663520182e-01
5.391862399836472308e-01
5.392145393158419564e-01
5.392428371631700079e-01
5.392711335258649763e-01
5.392994284041607855e-01
5.393277217982906935e-01
5.393560137084885131e-01
5.393843041349875023e-01
5.394125930780211409e-01
5.394408805378226868e-01
5.394691665146256199e-01
5.394974510086629760e-01
5.395257340201680130e-01
5.395540155493737666e-01
5.395822955965132728e-01
5.396105741618195673e-01
5.396388512455254638e-01
5.396671268478639982e-01
5.396954009690677623e-01
5.397236736093694587e-01
5.397519447690020122e-01
5.397802144481977926e-01
5.398084826471895026e-01
5.398367493662095118e-01
5.398650146054903010e-01
5.398932783652641287e-01
5.399215406457635869e-01
5.399498014472206009e-01
5.399780607698675405e-01
5.400063186139364424e-01
5.400345749796593431e-01
5.400628298672683902e-01
5.400910832769953984e-01
5.401193352090722932e-01
5.401475856637308892e-01
5.401758346412028899e-01
5.402040821417199989e-01
5.402323281655139198e-01
5.402605727128162449e-01
5.402888157838584560e-01
5.403170573788719233e-01
5.403452974980881285e-01
5.403735361417384420e-01
5.404017733100540122e-01
5.404300090032662096e-01
5.404582432216060717e-01
5.404864759653046358e-01
5.405147072345931614e-01
5.405429370297023528e-01
5.405711653508633585e-01
5.405993921983068828e-01
5.406276175722637412e-01
5.406558414729647488e-01
5.406840639006404992e-01
5.407122848555214745e-01
5.407405043378384901e-01
5.407687223478219174e-01
5.407969388857021276e-01
5.408251539517094919e-01
5.408533675460744927e-01
5.408815796690271682e-01
5.409097903207977787e-01
5.409379995016165843e-01
5.409662072117135123e-01
5.409944134513184899e-01
5.410226182206616663e-01
5.410508215199728577e-01
5.410790233494818802e-01
5.411072237094184390e-01
5.411354226000123502e-01
5.411636200214932080e-01
5.411918159740907175e-01
5.412200104580342508e-01
5.412482034735532910e-01
5.412763950208773212e-01
5.413045851002357134e-01
5.413327737118577287e-01
5.413609608559725173e-01
5.413891465328093400e-01
5.414173307425973469e-01
5.414455134855654661e-01
5.414736947619428475e-01
5.415018745719581972e-01
5.415300529158406651e-01
5.415582297938189571e-01
5.415864052061216682e-01
5.416145791529777265e-01
5.416427516346156157e-01
5.416709226512640418e-01
5.416990922031514888e-01
5.417272602905062184e-01
5.417554269135569367e-01
5.417835920725317944e-01
5.418117557676590534e-01
5.418399179991670866e-01
5.418680787672839338e-01
5.418962380722377459e-01
5.419243959142564515e-01
5.419525522935682016e-01
5.419807072104009249e-01
5.420088606649823282e-01
5.420370126575403402e-01
5.420651631883025567e-01
5.420933122574969065e-01
5.421214598653508743e-01
5.421496060120920557e-01
5.421777506979479355e-01
5.422058939231458874e-01
5.422340356879135070e-01
5.422621759924780571e-01
5.422903148370666893e-01
5.423184522219066661e-01
5.423465881472252503e-01
5.423747226132494825e-01
5.424028556202064033e-01
5.424309871683230533e-01
5.424591172578261400e-01
5.424872458889427040e-01
5.425153730618995640e-01
5.425434987769234274e-01
5.425716230342408908e-01
5.425997458340787727e-01
5.426278671766634476e-01
5.426559870622215120e-01
5.426841054909794515e-01
5.427122224631636405e-01
5.427403379790003424e-01
5.427684520387159317e-01
5.427965646425365609e-01
5.428246757906883824e-01
5.428527854833974375e-01
5.428808937208899899e-01
5.429090005033918587e-01
5.429371058311289744e-01
5.429652097043271564e-01
5.429933121232123350e-01
5.430214130880102186e-01
5.430495125989464045e-01
5.430776106562467120e-01
5.431057072601365165e-01
5.431338024108414153e-01
5.431618961085868946e-01
5.431899883535984408e-01
5.432180791461010960e-01
5.432461684863204576e-01
5.432742563744815678e-01
5.433023428108096908e-01
5.433304277955298689e-01
5.433585113288671442e-01
5.433865934110465590e-01
5.434146740422929334e-01
5.434427532228314206e-01
5.434708309528865078e-01
5.434989072326831261e-01
5.435269820624459847e-01
5.435550554423996816e-01
5.435831273727688151e-01
5.436111978537778722e-01
5.436392668856513399e-01
5.436673344686137055e-01
5.436954006028892339e-01
5.437234652887023012e-01
5.437515285262770615e-01
5.437795903158376687e-01
5.438076506576083879e-01
5.438357095518131512e-01
5.438637669986760015e-01
5.438918229984209818e-01
5.439198775512718020e-01
5.439479306574525053e-01
5.439759823171865794e-01
5.440040325306980673e-01
5.440320812982104570e-01
5.440601286199473474e-01
5.440881744961323374e-01
5.441162189269888039e-01
5.441442619127403457e-01
5.441723034536102288e-01
5.442003435498217190e-01
5.442283822015981931e-01
5.442564194091628060e-01
5.442844551727387126e-01
5.443124894925489565e-01
5.443405223688164707e-01
5.443685538017645209e-01
5.443965837916157069e-01
5.444246123385930725e-01
5.444526394429193283e-01
5.444806651048172963e-01
5.445086893245095760e-01
5.445367121022187673e-01
5.445647334381675808e-01
5.445927533325783942e-01
5.446207717856736963e-01
5.446487887976758646e-01
5.446768043688072769e-01
5.447048184992903108e-01
5.447328311893470110e-01
5.447608424391996440e-01
5.447888522490702545e-01
5.448168606191809982e-01
5.448448675497538085e-01
5.448728730410105081e-01
5.449008770931732526e-01
5.449288797064636425e-01
5.449568808811036114e-01
5.449848806173146487e-01
5.450128789153186881e-01
5.450408757753371081e-01
5.450688711975915091e-01
5.450968651823033806e-01
5.451248577296941011e-01
5.451528488399851602e-01
5.451808385133978252e-01
5.452088267501533636e-01
5.452368135504729318e-01
5.452647989145776863e-01
5.452927828426886725e-01
5.453207653350270467e-01
5.453487463918136324e-01
5.453767260132693639e-01
5.454047041996152867e-01
5.454326809510720020e-01
5.454606562678603332e-01
5.454886301502008816e-01
5.455166025983144706e-01
5.455445736124214795e-01
5.455725431927425095e-01
5.456005113394981620e-01
5.456284780529085943e-01
5.456564433331942965e-01
5.456844071805755370e-01
5.457123695952725839e-01
5.457403305775054836e-01
5.457682901274946152e-01
5.457962482454598030e-01
5.458242049316212041e-01
5.458521601861987538e-01
5.458801140094122761e-01
5.459080664014817064e-01
5.459360173626267576e-01
5.459639668930671430e-01
5.459919149930226867e-01
5.460198616627128798e-01
5.460478069023572134e-01
5.460757507121754006e-01
5.461036930923868216e-01
5.461316340432107452e-01
5.461595735648665517e-01
5.461875116575736211e-01
5.462154483215512224e-01
5.462433835570182916e-01
5.462713173641940978e-01
5.462992497432977990e-01
5.463271806945481091e-01
5.463551102181642971e-01
5.463830383143649660e-01
5.464109649833691629e-01
5.464388902253954905e-01
5.464668140406628849e-01
5.464947364293898380e-01
5.465226573917949526e-01
5.465505769280969428e-01
5.465784950385140784e-01
5.466064117232650732e-01
5.466343269825680862e-01
5.466622408166414981e-01
5.466901532257036900e-01
5.467180642099728205e-01
5.467459737696670485e-01
5.467738819050044219e-01
5.468017886162030994e-01
5.468296939034810178e-01
5.468575977670561139e-01
5.468855002071462135e-01
5.469134012239693643e-01
5.469413008177431701e-01
5.469691989886853456e-01
5.469970957370136055e-01
5.470249910629454426e-01
5.470528849666985716e-01
5.470807774484904851e-01
5.471086685085385648e-01
5.471365581470601924e-01
5.471644463642726386e-01
5.471923331603932850e-01
5.472202185356392912e-01
5.472481024902278168e-01
5.472759850243761326e-01
5.473038661383010650e-01
5.473317458322196627e-01
5.473596241063489742e-01
5.473875009609058262e-01
5.474153763961070451e-01
5.474432504121694576e-01
5.474711230093096681e-01
5.474989941877445032e-01
5.475268639476904564e-01
5.475547322893641322e-01
5.475825992129820241e-01
5.476104647187605146e-01
5.476383288069160971e-01
5.476661914776651541e-01
5.476940527312238460e-01
5.477219125678084444e-01
5.477497709876351095e-01
5.477776279909198909e-01
5.478054835778790599e-01
5.478333377487284439e-01
5.478611905036839813e-01
5.478890418429617215e-01
5.479168917667773808e-01
5.479447402753468976e-01
5.479725873688857662e-01
5.480004330476098140e-01
5.480282773117346462e-01
5.480561201614758682e-01
5.480839615970488632e-01
5.481118016186692365e-01
5.481396402265523715e-01
5.481674774209135403e-01
5.481953132019681263e-01
5.482231475699312906e-01
5.482509805250183055e-01
5.482788120674442212e-01
5.483066421974241988e-01
5.483344709151731777e-01
5.483622982209060970e-01
5.483901241148380068e-01
5.484179485971836243e-01
5.484457716681578887e-01
5.484735933279754061e-01
5.485014135768510046e-01
5.485292324149991794e-01
5.485570498426346475e-01
5.485848658599719041e-01
5.486126804672254442e-01
5.486404936646096520e-01
5.486683054523389114e-01
5.486961158306276065e-01
5.487239247996897884e-01
5.487517323597398411e-01
5.487795385109919266e-01
5.488073432536600960e-01
5.488351465879584001e-01
5.488629485141007791e-01
5.488907490323011729e-01
5.489185481427736324e-01
5.489463458457316536e-01
5.489741421413893985e-01
5.490019370299602519e-01
5.490297305116580429e-01
5.490575225866963782e-01
5.490853132552888649e-01
5.491131025176487768e-01
5.491408903739898317e-01
5.491686768245253036e-01
5.491964618694684663e-01
5.492242455090328157e-01
5.492520277434312925e-01
5.492798085728772817e-01
5.493075879975839459e-01
5.493353660177641151e-01
5.493631426336310630e-01
5.493909178453976194e-01
5.494186916532767251e-01
5.494464640574812098e-01
5.494742350582239032e-01
5.495020046557175242e-01
5.495297728501747914e-01
5.495575396418084235e-01
5.495853050308308063e-01
5.496130690174546585e-01
5.496408316018923657e-01
5.496685927843564246e-01
5.496963525650591098e-01
5.497241109442128071e-01
5.497518679220297910e-01
5.497796234987222252e-01
5.498073776745023844e-01
5.498351304495822101e-01
5.498628818241737548e-01
5.498906317984891823e-01
5.499183803727402120e-01
5.499461275471390076e-01
5.499738733218971776e-01
5.500016176972265525e-01
5.500293606733389629e-01
5.500571022504460172e-01
5.500848424287593241e-01
5.501125812084903810e-01
5.501403185898509074e-01
5.501680545730521787e-01
5.501957891583056925e-01
5.502235223458228353e-01
5.502512541358148823e-01
5.502789845284929982e-01
5.503067135240684582e-01
5.503344411227524269e-01
5.503621673247558466e-01
5.503898921302899927e-01
5.504176155395656966e-01
5.504453375527939007e-01
5.504730581701855474e-01
5.505007773919513570e-01
5.505284952183022718e-01
5.505562116494487901e-01
5.505839266856017433e-01
5.506116403269716297e-01
5.506393525737690586e-01
5.506670634262046393e-01
5.506947728844886480e-01
5.507224809488315831e-01
5.507501876194438317e-01
5.507778928965356702e-01
5.508055967803171526e-01
5.508332992709987774e-01
5.508610003687904877e-01
5.508887000739023376e-01
5.509163983865444925e-01
5.509440953069267843e-01
5.509717908352592675e-01
5.509994849717517740e-01
5.510271777166141360e-01
5.510548690700560748e-01
5.510825590322873113e-01
5.511102476035175668e-01
5.511379347839564513e-01
5.511656205738133529e-01
5.511933049732979928e-01
5.512209879826196479e-01
5.512486696019879284e-01
5.512763498316120003e-01
5.513040286717011407e-01
5.513317061224647375e-01
5.513593821841118459e-01
5.513870568568517427e-01
5.514147301408932611e-01
5.514424020364457890e-01
5.514700725437179374e-01
5.514977416629189833e-01
5.515254093942575375e-01
5.515530757379424331e-01
5.515807406941826141e-01
5.516084042631866913e-01
5.516360664451633866e-01
5.516637272403210890e-01
5.516913866488687423e-01
5.517190446710145135e-01
5.517467013069670134e-01
5.517743565569346309e-01
5.518020104211256438e-01
5.518296628997484410e-01
5.518573139930113003e-01
5.518849637011222775e-01
5.519126120242896505e-01
5.519402589627214750e-01
5.519679045166256959e-01
5.519955486862103688e-01
5.520231914716835497e-01
5.520508328732528502e-01
5.520784728911263262e-01
5.521061115255117002e-01
5.521337487766165841e-01
5.521613846446488116e-01
5.521890191298158834e-01
5.522166522323255222e-01
5.522442839523850067e-01
5.522719142902020595e-01
5.522995432459839593e-01
5.523271708199379848e-01
5.523547970122716366e-01
5.523824218231920824e-01
5.524100452529066008e-01
5.524376673016221373e-01
5.524652879695460816e-01
5.524929072568851574e-01
5.525205251638466430e-01
5.525481416906374843e-01
5.525757568374644046e-01
5.526033706045342386e-01
5.526309829920539318e-01
5.526585940002302078e-01
5.526862036292696789e-01
5.527138118793789578e-01
5.527414187507647680e-01
5.527690242436335000e-01
5.527966283581917661e-01
5.528242310946459570e-01
5.528518324532023520e-01
5.528794324340673416e-01
5.529070310374473163e-01
5.529346282635483334e-01
5.529622241125765614e-01
5.529898185847382797e-01
5.530174116802395456e-01
5.530450033992861947e-01
5.530725937420843952e-01
5.531001827088399825e-01
5.531277702997587919e-01
5.531553565150466589e-01
5.531829413549093077e-01
5.532105248195525737e-01
5.532381069091820702e-01
5.532656876240032995e-01
5.532932669642219858e-01
5.533208449300435205e-01
5.533484215216732949e-01
5.533759967393169221e-01
5.534035705831795715e-01
5.534311430534667453e-01
5.534587141503833907e-01
5.534862838741350100e-01
5.535138522249265502e-01
5.535414192029632918e-01
5.535689848084500708e-01
5.535965490415919454e-01
5.536241119025939739e-01
5.536516733916609923e-01
5.536792335089978367e-01
5.537067922548092325e-01
5.537343496293000156e-01
5.537619056326749112e-01
5.537894602651384224e-01
5.538170135268951633e-01
5.538445654181497479e-01
5.538721159391065685e-01
5.538996650899702390e-01
5.539272128709449294e-01
5.539547592822350319e-01
5.539823043240449385e-01
5.540098479965788192e-01
5.540373903000408440e-01
5.540649312346350719e-01
5.540924708005656729e-01
5.541200089980367061e-01
5.541475458272520083e-01
5.541750812884157495e-01
5.542026153817315448e-01
5.542301481074033420e-01
5.542576794656349781e-01
5.542852094566300680e-01
5.543127380805923377e-01
5.543402653377252909e-01
5.543677912282327647e-01
5.543953157523180408e-01
5.544228389101847343e-01
5.544503607020362379e-01
5.544778811280759445e-01
5.545054001885070250e-01
5.545329178835328721e-01
5.545604342133567677e-01
5.545879491781817716e-01
5.546154627782109436e-01
5.546429750136475656e-01
5.546704858846944752e-01
5.546979953915547323e-01
5.547255035344312857e-01
5.547530103135268620e-01
5.547805157290444100e-01
5.548080197811866565e-01
5.548355224701562172e-01
5.548630237961559297e-01
5.548905237593884099e-01
5.549180223600560513e-01
5.549455195983614697e-01
5.549730154745071697e-01
5.550005099886955451e-01
5.550280031411288784e-01
5.550554949320096743e-01
5.550829853615399934e-01
5.551104744299221183e-01
5.551379621373582207e-01
5.551654484840504722e-01
5.551929334702009333e-01
5.552204170960115537e-01
5.552478993616842828e-01
5.552753802674210704e-01
5.553028598134238658e-01
5.553303379998942857e-01
5.553578148270343906e-01
5.553852902950455750e-01
5.554127644041296774e-01
5.554402371544884254e-01
5.554677085463231023e-01
5.554951785798354358e-01
5.555226472552268202e-01
5.555501145726987611e-01
5.555775805324524308e-01
5.556050451346893349e-01
5.556325083796106457e-01
5.556599702674176466e-01
5.556874307983113992e-01
5.557148899724931868e-01
5.557423477901638487e-01
5.557698042515246684e-01
5.557972593567763742e-01
5.558247131061200275e-01
5.558521654997564676e-01
5.558796165378865339e-01
5.559070662207109548e-01
5.559345145484304584e-01
5.559619615212457733e-01
5.559894071393575166e-01
5.560168514029661946e-01
5.560442943122723136e-01
5.560717358674763799e-01
5.560991760687788998e-01
5.561266149163801575e-01
5.561540524104805483e-01
5.561814885512802453e-01
5.562089233389795329e-01
5.562363567737785841e-01
5.562637888558775723e-01
5.562912195854765596e-01
5.563186489627754971e-01
5.563460769879744472e-01
5.563735036612732499e-01
5.564009289828719673e-01
5.564283529529702177e-01
5.564557755717679521e-01
5.564831968394647888e-01
5.565106167562604567e-01
5.565380353223546850e-01
5.565654525379468698e-01
5.565928684032367402e-01
5.566202829184235812e-01
5.566476960837070109e-01
5.566751078992863144e-01
5.567025183653608877e-01
5.567299274821300159e-01
5.567573352497928729e-01
5.567847416685488549e-01
5.568121467385968026e-01
5.568395504601361123e-01
5.568669528333655139e-01
5.568943538584842923e-01
5.569217535356912885e-01
5.569491518651853434e-01
5.569765488471654091e-01
5.570039444818303265e-01
5.570313387693786034e-01
5.570587317100091918e-01
5.570861233039207105e-01
5.571135135513115566e-01
5.571409024523805709e-01
5.571682900073261502e-01
5.571956762163466914e-01
5.572230610796407024e-01
5.572504445974064691e-01
5.572778267698422772e-01
5.573052075971465236e-01
5.573325870795173831e-01
5.573599652171529195e-01
5.573873420102514187e-01
5.574147174590108333e-01
5.574420915636291163e-01
5.574694643243044423e-01
5.574968357412346531e-01
5.575242058146174795e-01
5.575515745446509852e-01
5.575789419315327899e-01
5.576063079754607354e-01
5.576336726766323304e-01
5.576610360352454165e-01
5.576883980514975025e-01
5.577157587255859861e-01
5.577431180577085978e-01
5.577704760480625135e-01
5.577978326968453526e-01
5.578251880042544020e-01
5.578525419704868371e-01
5.578798945957400557e-01
5.579072458802112333e-01
5.579345958240974346e-01
5.579619444275957241e-01
5.579892916909032774e-01
5.580166376142171591e-01
5.580439821977341008e-01
5.580713254416511671e-01
5.580986673461652003e-01
5.581260079114730432e-01
5.581533471377713163e-01
5.581806850252568619e-01
5.582080215741264118e-01
5.582353567845763642e-01
5.582626906568034508e-01
5.582900231910041811e-01
5.583173543873750644e-01
5.583446842461123882e-01
5.583720127674126621e-01
5.583993399514721734e-01
5.584266657984870985e-01
5.584539903086539470e-01
5.584813134821685621e-01
5.585086353192273423e-01
5.585359558200262420e-01
5.585632749847614376e-01
5.585905928136287724e-01
5.586179093068243118e-01
5.586452244645437881e-01
5.586725382869832668e-01
5.586998507743384801e-01
5.587271619268050493e-01
5.587544717445788178e-01
5.587817802278555179e-01
5.588090873768305489e-01
5.588363931916995320e-01
5.588636976726581995e-01
5.588910008199017287e-01
5.589183026336256299e-01
5.589456031140254133e-01
5.589729022612962561e-01
5.590002000756335576e-01
5.590274965572323840e-01
5.590547917062880234e-01
5.590820855229956532e-01
5.591093780075502284e-01
5.591366691601469263e-01
5.591639589809807021e-01
5.591912474702463998e-01
5.592185346281389746e-01
5.592458204548533818e-01
5.592731049505842433e-01
5.593003881155265145e-01
5.593276699498747062e-01
5.593549504538235517e-01
5.593822296275676731e-01
5.594095074713016924e-01
5.594367839852200097e-01
5.594640591695171361e-01
5.594913330243875826e-01
5.595186055500256384e-01
5.595458767466257033e-01
5.595731466143818444e-01
5.596004151534885729e-01
5.596276823641399556e-01
5.596549482465300596e-01
5.596822128008530628e-01
5.597094760273030323e-01
5.597367379260739240e-01
5.597639984973595828e-01
5.597912577413540758e-01
5.598185156582512478e-01
5.598457722482448329e-01
5.598730275115285648e-01
5.599002814482961776e-01
5.599275340587414052e-01
5.599547853430578703e-01
5.599820353014390850e-01
5.600092839340785611e-01
5.600365312411696994e-01
5.600637772229062339e-01
5.600910218794812323e-01
5.601182652110880955e-01
5.601455072179203354e-01
5.601727479001709087e-01
5.601999872580331052e-01
5.602272252917001039e-01
5.602544620013650833e-01
5.602816973872210005e-01
5.603089314494608120e-01
5.603361641882775857e-01
5.603633956038641672e-01
5.603906256964134025e-01
5.604178544661182482e-01
5.604450819131713279e-01
5.604723080377654876e-01
5.604995328400933507e-01
5.605267563203474301e-01
5.605539784787205715e-01
5.605811993154050654e-01
5.606084188305935356e-01
5.606356370244784948e-01
5.606628538972522335e-01
5.606900694491070425e-01
5.607172836802353233e-01
5.607444965908293666e-01
5.607717081810813520e-01
5.607989184511833480e-01
5.608261274013276454e-01
5.608533350317062016e-01
5.608805413425110853e-01
5.609077463339342540e-01
5.609349500061676652e-01
5.609621523594031656e-01
5.609893533938326016e-01
5.610165531096478198e-01
5.610437515070405556e-01
5.610709485862024337e-01
5.610981443473251895e-01
5.611253387906004475e-01
5.611525319162197212e-01
5.611797237243745240e-01
5.612069142152562584e-01
5.612341033890565489e-01
5.612612912459665759e-01
5.612884777861777419e-01
5.613156630098813382e-01
5.613428469172685453e-01
5.613700295085306546e-01
5.613972107838586245e-01
5.614243907434438574e-01
5.614515693874770896e-01
5.614787467161496126e-01
5.615059227296521627e-01
5.615330974281756982e-01
5.615602708119110664e-01
5.615874428810492258e-01
5.616146136357809127e-01
5.616417830762967522e-01
5.616689512027874809e-01
5.616961180154437239e-01
5.617232835144561065e-01
5.617504477000152541e-01
5.617776105723114588e-01
5.618047721315352350e-01
5.618319323778770968e-01
5.618590913115273366e-01
5.618862489326762466e-01
5.619134052415141189e-01
5.619405602382311349e-01
5.619677139230175866e-01
5.619948662960635444e-01
5.620220173575589673e-01
5.620491671076941476e-01
5.620763155466588223e-01
5.621034626746430618e-01
5.621306084918368251e-01
5.621577529984298494e-01
5.621848961946119827e-01
5.622120380805729623e-01
5.622391786565026361e-01
5.622663179225905195e-01
5.622934558790262383e-01
5.623205925259995297e-01
5.623477278636997978e-01
5.623748618923166687e-01
5.624019946120393243e-01
5.624291260230573908e-01
5.624562561255601612e-01
5.624833849197369284e-01
5.625105124057769856e-01
5.625376385838694038e-01
5.625647634542035869e-01
5.625918870169684949e-01
5.626190092723531988e-01
5.626461302205467696e-01
5.626732498617382783e-01
5.627003681961165737e-01
5.627274852238706160e-01
5.627546009451891429e-01
5.627817153602610034e-01
5.628088284692750465e-01
5.628359402724198990e-01
5.628630507698842989e-01
5.628901599618567619e-01
5.629172678485259151e-01
5.629443744300802743e-01
5.629714797067084664e-01
5.629985836785986741e-01
5.630256863459395245e-01
5.630527877089193112e-01
5.630798877677262171e-01
5.631069865225486470e-01
5.631340839735747839e-01
5.631611801209928103e-01
5.631882749649906872e-01
5.632153685057567083e-01
5.632424607434788344e-01
5.632695516783450262e-01
5.632966413105432446e-01
5.633237296402614502e-01
5.633508166676873818e-01
5.633779023930088892e-01
5.634049868164138219e-01
5.634320699380896968e-01
5.634591517582243636e-01
5.634862322770054499e-01
5.635133114946204724e-01
5.635403894112569478e-01
5.635674660271023928e-01
5.635945413423443240e-01
5.636216153571700360e-01
5.636486880717669345e-01
5.636757594863223142e-01
5.637028296010234696e-01
5.637298984160576953e-01
5.637569659316119530e-01
5.637840321478736483e-01
5.638110970650296316e-01
5.638381606832670867e-01
5.638652230027729750e-01
5.638922840237342582e-01
5.639193437463377867e-01
5.639464021707705221e-01
5.639734592972192040e-01
5.640005151258706828e-01
5.640275696569115871e-01
5.640546228905285453e-01
5.640816748269084080e-01
5.641087254662376926e-01
5.641357748087029167e-01
5.641628228544904866e-01
5.641898696037870309e-01
5.642169150567789560e-01
5.642439592136524462e-01
5.642710020745941302e-01
5.642980436397899702e-01
5.643250839094263727e-01
5.643521228836895220e-01
5.643791605627656027e-01
5.644061969468406881e-01
5.644332320361007405e-01
5.644602658307318332e-01
5.644872983309200398e-01
5.645143295368511005e-01
5.645413594487110887e-01
5.645683880666856336e-01
5.645954153909606976e-01
5.646224414217220211e-01
5.646494661591552333e-01
5.646764896034459635e-01
5.647035117547799521e-01
5.647305326133427172e-01
5.647575521793196662e-01
5.647845704528964283e-01
5.648115874342582998e-01
5.648386031235909099e-01
5.648656175210793329e-01
5.648926306269090869e-01
5.649196424412653572e-01
5.649466529643332180e-01
5.649736621962980765e-01
5.650006701373448958e-01
5.650276767876588613e-01
5.650546821474249359e-01
5.650816862168280830e-01
5.651086889960533766e-01
5.651356904852856688e-01
5.651626906847097009e-01
5.651896895945104360e-01
5.652166872148726151e-01
5.652436835459809794e-01
5.652706785880202700e-01
5.652976723411748949e-01
5.653246648056297063e-01
5.653516559815691123e-01
5.653786458691776318e-01
5.654056344686397839e-01
5.654326217801399768e-01
5.654596078038626183e-01
5.654865925399920057e-01
5.655135759887123248e-01
5.655405581502079837e-01
5.655675390246631684e-01
5.655945186122618429e-01
5.656214969131884152e-01
5.656484739276266271e-01
5.656754496557607759e-01
5.657024240977748253e-01
5.657293972538525173e-01
5.657563691241778159e-01
5.657833397089346850e-01
5.658103090083068665e-01
5.658372770224781023e-01
5.658642437516321344e-01
5.658912091959525936e-01
5.659181733556232219e-01
5.659451362308274280e-01
5.659720978217489540e-01
5.659990581285710975e-01
5.660260171514774896e-01
5.660529748906514280e-01
5.660799313462763216e-01
5.661068865185355792e-01
5.661338404076122766e-01
5.661607930136898226e-01
5.661877443369514040e-01
5.662146943775800967e-01
5.662416431357589763e-01
5.662685906116712298e-01
5.662955368054998218e-01
5.663224817174277170e-01
5.663494253476378804e-01
5.663763676963131655e-01
5.664033087636364261e-01
5.664302485497904049e-01
5.664571870549579558e-01
5.664841242793218212e-01
5.665110602230646331e-01
5.665379948863689119e-01
5.665649282694172895e-01
5.665918603723923974e-01
5.666187911954767564e-01
5.666457207388526651e-01
5.666726490027026442e-01
5.666995759872091032e-01
5.667265016925542298e-01
5.667534261189203226e-01
5.667803492664897913e-01
5.668072711354446014e-01
5.668341917259671625e-01
5.668611110382393292e-01
5.668880290724432891e-01
5.669149458287610077e-01
5.669418613073745616e-01
5.669687755084658054e-01
5.669956884322167046e-01
5.670226000788091136e-01
5.670495104484246651e-01
5.670764195412453246e-01
5.671033273574526135e-01
5.671302338972284973e-01
5.671571391607542756e-01
5.671840431482118028e-01
5.672109458597824894e-01
5.672378472956478568e-01
5.672647474559894265e-01
5.672916463409886090e-01
5.673185439508267036e-01
5.673454402856851209e-01
5.673723353457450491e-01
5.673992291311878988e-01
5.674261216421946363e-01
5.674530128789466721e-01
5.674799028416249724e-01
5.675067915304107258e-01
5.675336789454848985e-01
5.675605650870283458e-01
5.675874499552222563e-01
5.676143335502473741e-01
5.676412158722846657e-01
5.676680969215147643e-01
5.676949766981187473e-01
5.677218552022770259e-01
5.677487324341704555e-01
5.677756083939796694e-01
5.678024830818853008e-01
5.678293564980678720e-01
5.678562286427079053e-01
5.678830995159858119e-01
5.679099691180821141e-01
5.679368374491772231e-01
5.679637045094514392e-01
5.679905702990850624e-01
5.680174348182582822e-01
5.680442980671513986e-01
5.680711600459447119e-01
5.680980207548181893e-01
5.681248801939519089e-01
5.681517383635259488e-01
5.681785952637203874e-01
5.682054508947151916e-01
5.682323052566902177e-01
5.682591583498253218e-01
5.682860101743004710e-01
5.683128607302952995e-01
5.683397100179896633e-01
5.683665580375631965e-01
5.683934047891956443e-01
5.684202502730666406e-01
5.684470944893557087e-01
5.684739374382423716e-01
5.685007791199061522e-01
5.685276195345264627e-01
5.685544586822829372e-01
5.685812965633546545e-01
5.686081331779210268e-01
5.686349685261614662e-01
5.686618026082551625e-01
5.686886354243811947e-01
5.687154669747188640e-01
5.687422972594471382e-01
5.687691262787453184e-01
5.687959540327922614e-01
5.688227805217669353e-01
5.688496057458484190e-01
5.688764297052155694e-01
5.689032524000471325e-01
5.689300738305221872e-01
5.689568939968192574e-01
5.689837128991171999e-01
5.690105305375946498e-01
5.690373469124303529e-01
5.690641620238028331e-01
5.690909758718907252e-01
5.691177884568724421e-01
5.691445997789266187e-01
5.691714098382316678e-01
5.691982186349658912e-01
5.692250261693077018e-01
5.692518324414355124e-01
5.692786374515274028e-01
5.693054411997617859e-01
5.693322436863166303e-01
5.693590449113703489e-01
5.693858448751009105e-01
5.694126435776863948e-01
5.694394410193048817e-01
5.694662372001342288e-01
5.694930321203525159e-01
5.695198257801374897e-01
5.695466181796672300e-01
5.695734093191192615e-01
5.696001991986715529e-01
5.696269878185017399e-01
5.696537751787876802e-01
5.696805612797067875e-01
5.697073461214368084e-01
5.697341297041552677e-01
5.697609120280396899e-01
5.697876930932675998e-01
5.698144729000163000e-01
5.698412514484633151e-01
5.698680287387860588e-01
5.698948047711616116e-01
5.699215795457674982e-01
5.699483530627806882e-01
5.699751253223785952e-01
5.700018963247382997e-01
5.700286660700368824e-01
5.700554345584514238e-01
5.700822017901590044e-01
5.701089677653364829e-01
5.701357324841608287e-01
5.701624959468089004e-01
5.701892581534576676e-01
5.702160191042839887e-01
5.702427787994643893e-01
5.702695372391758388e-01
5.702962944235949738e-01
5.703230503528983197e-01
5.703498050272626241e-01
5.703765584468644123e-01
5.704033106118802099e-01
5.704300615224864313e-01
5.704568111788596019e-01
5.704835595811761362e-01
5.705103067296122266e-01
5.705370526243443985e-01
5.705637972655488444e-01
5.705905406534018676e-01
5.706172827880794385e-01
5.706440236697579715e-01
5.706707632986134371e-01
5.706975016748219165e-01
5.707242387985594911e-01
5.707509746700021314e-01
5.707777092893256965e-01
5.708044426567061569e-01
5.708311747723194829e-01
5.708579056363413118e-01
5.708846352489475029e-01
5.709113636103138045e-01
5.709380907206159650e-01
5.709648165800295105e-01
5.709915411887301895e-01
5.710182645468935281e-01
5.710449866546950526e-01
5.710717075123102893e-01
5.710984271199145423e-01
5.711251454776834491e-01
5.711518625857923137e-01
5.711785784444163294e-01
5.712052930537309114e-01
5.712320064139112530e-01
5.712587185251325472e-01
5.712854293875700984e-01
5.713121390013988776e-01
5.713388473667940781e-01
5.713655544839305600e-01
5.713922603529835165e-01
5.714189649741279187e-01
5.714456683475385157e-01
5.714723704733902787e-01
5.714990713518580678e-01
5.715257709831166322e-01
5.715524693673408319e-01
5.715791665047051939e-01
5.716058623953845785e-01
5.716325570395535127e-01
5.716592504373866346e-01
5.716859425890585822e-01
5.717126334947436606e-01
5.717393231546165078e-01
5.717660115688514288e-01
5.717926987376229508e-01
5.718193846611053788e-01
5.718460693394729066e-01
5.718727527728999505e-01
5.718994349615607042e-01
5.719261159056293620e-01
5.719527956052800066e-01
5.719794740606867212e-01
5.720061512720236996e-01
5.720328272394648028e-01
5.720595019631841138e-01
5.720861754433557156e-01
5.721128476801532470e-01
5.721395186737506799e-01
5.721661884243217644e-01
5.721928569320404723e-01
5.722195241970804425e-01
5.722461902196153138e-01
5.722728549998188363e-01
5.722995185378645377e-01
5.723261808339260570e-01
5.723528418881769220e-01
5.723795017007905495e-01
5.724061602719405784e-01
5.724328176018003145e-01
5.724594736905430636e-01
5.724861285383423537e-01
5.725127821453712684e-01
5.725394345118032247e-01
5.725660856378114172e-01
5.725927355235689298e-01
5.726193841692489572e-01
5.726460315750245833e-01
5.726726777410687808e-01
5.726993226675547444e-01
5.727259663546553359e-01
5.727526088025435280e-01
5.727792500113921825e-01
5.728058899813740501e-01
5.728325287126622145e-01
5.728591662054292044e-01
5.728858024598477705e-01
5.729124374760907745e-01
5.729390712543307451e-01
5.729657037947402110e-01
5.729923350974919227e-01
5.730189651627584091e-01
5.730455939907119767e-01
5.730722215815252651e-01
5.730988479353705811e-01
5.731254730524202312e-01
5.731520969328467441e-01
5.731787195768223153e-01
5.732053409845191405e-01
5.732319611561095263e-01
5.732585800917655572e-01
5.732851977916594288e-01
5.733118142559632258e-01
5.733384294848489215e-01
5.733650434784886007e-01
5.733916562370543479e-01
5.734182677607178036e-01
5.734448780496511633e-01
5.734714871040260675e-01
5.734980949240143788e-01
5.735247015097879597e-01
5.735513068615184507e-01
5.735779109793776032e-01
5.736045138635370577e-01
5.736311155141683438e-01
5.736577159314431018e-01
5.736843151155328613e-01
5.737109130666092627e-01
5.737375097848435024e-01
5.737641052704071098e-01
5.737906995234713925e-01
5.738172925442078798e-01
5.738438843327876571e-01
5.738704748893821428e-01
5.738970642141624223e-01
5.739236523072998031e-01
5.739502391689652594e-01
5.739768247993299877e-01
5.740034091985649622e-01
5.740299923668413795e-01
5.740565743043301028e-01
5.740831550112019954e-01
5.741097344876281428e-01
5.741363127337791861e-01
5.741628897498260997e-01
5.741894655359396360e-01
5.742160400922905472e-01
5.742426134190494746e-01
5.742691855163871706e-01
5.742957563844741653e-01
5.743223260234809890e-01
5.743488944335783941e-01
5.743754616149366887e-01
5.744020275677265142e-01
5.744285922921180676e-01
5.744551557882819903e-01
5.744817180563884795e-01
5.745082790966078434e-01
5.745348389091103902e-01
5.745613974940662061e-01
5.745879548516457103e-01
5.746145109820189889e-01
5.746410658853561282e-01
5.746676195618271032e-01
5.746941720116020003e-01
5.747207232348509054e-01
5.747472732317436828e-01
5.747738220024503075e-01
5.748003695471405328e-01
5.748269158659843336e-01
5.748534609591514632e-01
5.748800048268115637e-01
5.749065474691346100e-01
5.749330888862900224e-01
5.749596290784475539e-01
5.749861680457767354e-01
5.750127057884473203e-01
5.750392423066286174e-01
5.750657776004902688e-01
5.750923116702015836e-01
5.751188445159319818e-01
5.751453761378509943e-01
5.751719065361277083e-01
5.751984357109315438e-01
5.752249636624318097e-01
5.752514903907975929e-01
5.752780158961982027e-01
5.753045401788026147e-01
5.753310632387799162e-01
5.753575850762993049e-01
5.753841056915297569e-01
5.754106250846401371e-01
5.754371432557995325e-01
5.754636602051768079e-01
5.754901759329407174e-01
5.755166904392601257e-01
5.755432037243038979e-01
5.755697157882407877e-01
5.755962266312393272e-01
5.756227362534682701e-01
5.756492446550962594e-01
5.756757518362919379e-01
5.757022577972238375e-01
5.757287625380602680e-01
5.757552660589699833e-01
5.757817683601212932e-01
5.758082694416825076e-01
5.758347693038221582e-01
5.758612679467084439e-01
5.758877653705096744e-01
5.759142615753940486e-01
5.759407565615297653e-01
5.759672503290850232e-01
5.759937428782280211e-01
5.760202342091266248e-01
5.760467243219491440e-01
5.760732132168634445e-01
5.760997008940373920e-01
5.761261873536391853e-01
5.761526725958364681e-01
5.761791566207971060e-01
5.762056394286891869e-01
5.762321210196801324e-01
5.762586013939379193e-01
5.762850805516300801e-01
5.763115584929244806e-01
5.763380352179885424e-01
5.763645107269899093e-01
5.763909850200961138e-01
5.764174580974747997e-01
5.764439299592932775e-01
5.764704006057189689e-01
5.764968700369194066e-01
5.765233382530617900e-01
5.765498052543134300e-01
5.765762710408417480e-01
5.766027356128139436e-01
5.766291989703971055e-01
5.766556611137584332e-01
5.766821220430651262e-01
5.767085817584841623e-01
5.767350402601827408e-01
5.767614975483276174e-01
5.767879536230859916e-01
5.768144084846247299e-01
5.768408621331106989e-01
5.768673145687107651e-01
5.768937657915916839e-01
5.769202158019203219e-01
5.769466645998634347e-01
5.769731121855876665e-01
5.769995585592595511e-01
5.770260037210459547e-01
5.770524476711133000e-01
5.770788904096282312e-01
5.771053319367571710e-01
5.771317722526667637e-01
5.771582113575232098e-01
5.771846492514929317e-01
5.772110859347424627e-01
5.772375214074380034e-01
5.772639556697458652e-01
5.772903887218322483e-01
5.773168205638634642e-01
5.773432511960056024e-01
5.773696806184247521e-01
5.773961088312870027e-01
5.774225358347584436e-01
5.774489616290051641e-01
5.774753862141930316e-01
5.775018095904881354e-01
5.775282317580561209e-01
5.775546527170630773e-01
5.775810724676747610e-01
5.776074910100569282e-01
5.776339083443753353e-01
5.776603244707956275e-01
5.776867393894836722e-01
5.777131531006050036e-01
5.777395656043251559e-01
5.777659769008097745e-01
5.777923869902242826e-01
5.778187958727343254e-01
5.778452035485052152e-01
5.778716100177023751e-01
5.778980152804911175e-01
5.779244193370369764e-01
5.779508221875051532e-01
5.779772238320607380e-01
5.780036242708692651e-01
5.780300235040956025e-01
5.780564215319050625e-01
5.780828183544628462e-01
5.781092139719338219e-01
5.781356083844830795e-01
5.781620015922755984e-01
5.781883935954764686e-01
5.782147843942504473e-01
5.782411739887625135e-01
5.782675623791774244e-01
5.782939495656600482e-01
5.783203355483752528e-01
5.783467203274875734e-01
5.783731039031617671e-01
5.783994862755624800e-01
5.784258674448544690e-01
5.784522474112021584e-01
5.784786261747700831e-01
5.785050037357227781e-01
5.785313800942248896e-01
5.785577552504406196e-01
5.785841292045343920e-01
5.786105019566706309e-01
5.786368735070136493e-01
5.786632438557276492e-01
5.786896130029769436e-01
5.787159809489257345e-01
5.787423476937382238e-01
5.787687132375785026e-01
5.787950775806105508e-01
5.788214407229986813e-01
5.788478026649066521e-01
5.788741634064986652e-01
5.789005229479384784e-01
5.789268812893900717e-01
5.789532384310173141e-01
5.789795943729840744e-01
5.790059491154541105e-01
5.790323026585911803e-01
5.790586550025590418e-01
5.790850061475213417e-01
5.791113560936417270e-01
5.791377048410837336e-01
5.791640523900111193e-01
5.791903987405873089e-01
5.792167438929757273e-01
5.792430878473399103e-01
5.792694306038432828e-01
5.792957721626492695e-01
5.793221125239210734e-01
5.793484516878222301e-01
5.793747896545158316e-01
5.794011264241651915e-01
5.794274619969334017e-01
5.794537963729837760e-01
5.794801295524794060e-01
5.795064615355833837e-01
5.795327923224586897e-01
5.795591219132683047e-01
5.795854503081753206e-01
5.796117775073427181e-01
5.796381035109332558e-01
5.796644283191098035e-01
5.796907519320353419e-01
5.797170743498725187e-01
5.797433955727842037e-01
5.797697156009330444e-01
5.797960344344816885e-01
5.798223520735928949e-01
5.798486685184290890e-01
5.798749837691530296e-01
5.799012978259272533e-01
5.799276106889140747e-01
5.799539223582760306e-01
5.799802328341756574e-01
5.800065421167752699e-01
5.800328502062371827e-01
5.800591571027237103e-01
5.800854628063971674e-01
5.801117673174198686e-01
5.801380706359537953e-01
5.801643727621613733e-01
5.801906736962044731e-01
5.802169734382454092e-01
5.802432719884461632e-01
5.802695693469687166e-01
5.802958655139750510e-01
5.803221604896271479e-01
5.803484542740868779e-01
5.803747468675161114e-01
5.804010382700768300e-01
5.804273284819305712e-01
5.804536175032393164e-01
5.804799053341647141e-01
5.805061919748685240e-01
5.805324774255122833e-01
5.805587616862576406e-01
5.805850447572661333e-01
5.806113266386994098e-01
5.806376073307190078e-01
5.806638868334862424e-01
5.806901651471626513e-01
5.807164422719095498e-01
5.807427182078883643e-01
5.807689929552604102e-01
5.807952665141870030e-01
5.808215388848293470e-01
5.808478100673486466e-01
5.808740800619061062e-01
5.809003488686629302e-01
5.809266164877801009e-01
5.809528829194187116e-01
5.809791481637398558e-01
5.810054122209045158e-01
5.810316750910735628e-01
5.810579367744080903e-01
5.810841972710688585e-01
5.811104565812167388e-01
5.811367147050126025e-01
5.811629716426170988e-01
5.811892273941910991e-01
5.812154819598952527e-01
5.812417353398902087e-01
5.812679875343366165e-01
5.812942385433951253e-01
5.813204883672261625e-01
5.813467370059903772e-01
5.813729844598483076e-01
5.813992307289601591e-01
5.814254758134866918e-01
5.814517197135880000e-01
5.814779624294245108e-01
5.815042039611565405e-01
5.815304443089444053e-01
5.815566834729481993e-01
5.815829214533283498e-01
5.816091582502447288e-01
5.816353938638577636e-01
5.816616282943273264e-01
5.816878615418136222e-01
5.817140936064765233e-01
5.817403244884761238e-01
5.817665541879722957e-01
5.817927827051249112e-01
5.818190100400939535e-01
5.818452361930392946e-01
5.818714611641205847e-01
5.818976849534976958e-01
5.819239075613302781e-01
5.819501289877780925e-01
5.819763492330007892e-01
5.820025682971580183e-01
5.820287861804092078e-01
5.820550028829141187e-01
5.820812184048320681e-01
5.821074327463227061e-01
5.821336459075454606e-01
5.821598578886595377e-01
5.821860686898245874e-01
5.822122783111997046e-01
5.822384867529443175e-01
5.822646940152176320e-01
5.822909000981789651e-01
5.823171050019874118e-01
5.823433087268020669e-01
5.823695112727822476e-01
5.823957126400869377e-01
5.824219128288751213e-01
5.824481118393058932e-01
5.824743096715382373e-01
5.825005063257310267e-01
5.825267018020432452e-01
5.825528961006336548e-01
5.825790892216611283e-01
5.826052811652845387e-01
5.826314719316625368e-01
5.826576615209539955e-01
5.826838499333174548e-01
5.827100371689116765e-01
5.827362232278952003e-01
5.827624081104265663e-01
5.827885918166645363e-01
5.828147743467674280e-01
5.828409557008937814e-01
5.828671358792020252e-01
5.828933148818505883e-01
5.829194927089977885e-01
5.829456693608020545e-01
5.829718448374215933e-01
5.829980191390146116e-01
5.830241922657395381e-01
5.830503642177544688e-01
5.830765349952174992e-01
5.831027045982867252e-01
5.831288730271204646e-01
5.831550402818764800e-01
5.831812063627129783e-01
5.832073712697878332e-01
5.832335350032590293e-01
5.832596975632845515e-01
5.832858589500221624e-01
5.833120191636297358e-01
5.833381782042650343e-01
5.833643360720859317e-01
5.833904927672500795e-01
5.834166482899151296e-01
5.834428026402388445e-01
5.834689558183787650e-01
5.834951078244925426e-01
5.835212586587377182e-01
5.835474083212718321e-01
5.835735568122523143e-01
5.835997041318367051e-01
5.836258502801822123e-01
5.836519952574464876e-01
5.836781390637867384e-01
5.837042816993602834e-01
5.837304231643243302e-01
5.837565634588361974e-01
5.837827025830530925e-01
5.838088405371321121e-01
5.838349773212304639e-01
5.838611129355052443e-01
5.838872473801134388e-01
5.839133806552121442e-01
5.839395127609583458e-01
5.839656436975089182e-01
5.839917734650209580e-01
5.840179020636512286e-01
5.840440294935564935e-01
5.840701557548937384e-01
5.840962808478197266e-01
5.841224047724911106e-01
5.841485275290646539e-01
5.841746491176970091e-01
5.842007695385448285e-01
5.842268887917646536e-01
5.842530068775132479e-01
5.842791237959469308e-01
5.843052395472223548e-01
5.843313541314959503e-01
5.843574675489240366e-01
5.843835797996631554e-01
5.844096908838696258e-01
5.844358008016997674e-01
5.844619095533097886e-01
5.844880171388561196e-01
5.845141235584947470e-01
5.845402288123821011e-01
5.845663329006741682e-01
5.845924358235271567e-01
5.846185375810971641e-01
5.846446381735400655e-01
5.846707376010120694e-01
5.846968358636691621e-01
5.847229329616671079e-01
5.847490288951618931e-01
5.847751236643093931e-01
5.848012172692655941e-01
5.848273097101860385e-01
5.848534009872267125e-01
5.848794911005431585e-01
5.849055800502912517e-01
5.849316678366266453e-01
5.849577544597047707e-01
5.849838399196815031e-01
5.850099242167121627e-01
5.850360073509524028e-01
5.850620893225576546e-01
5.850881701316834604e-01
5.851142497784851404e-01
5.851403282631182368e-01
5.851664055857378477e-01
5.851924817464995154e-01
5.852185567455584492e-01
5.852446305830699691e-01
5.852707032591891734e-01
5.852967747740712712e-01
5.853228451278713607e-01
5.853489143207446510e-01
5.853749823528462404e-01
5.854010492243310049e-01
5.854271149353541537e-01
5.854531794860705629e-01
5.854792428766351087e-01
5.855053051072027781e-01
5.855313661779284473e-01
5.855574260889669924e-01
5.855834848404730675e-01
5.856095424326015486e-01
5.856355988655070899e-01
5.856616541393444564e-01
5.856877082542683022e-01
5.857137612104331703e-01
5.857398130079938259e-01
5.857658636471047009e-01
5.857919131279203384e-01
5.858179614505952815e-01
5.858440086152838511e-01
5.858700546221407013e-01
5.858960994713199311e-01
5.859221431629761945e-01
5.859481856972635905e-01
5.859742270743364401e-01
5.860002672943490643e-01
5.860263063574556730e-01
5.860523442638103653e-01
5.860783810135673511e-01
5.861044166068807293e-01
5.861304510439045989e-01
5.861564843247930590e-01
5.861825164496999863e-01
5.862085474187794798e-01
5.862345772321854165e-01
5.862606058900716732e-01
5.862866333925921269e-01
5.863126597399007656e-01
5.863386849321512440e-01
5.863647089694973280e-01
5.863907318520928946e-01
5.864167535800914877e-01
5.864427741536468730e-01
5.864687935729127055e-01
5.864948118380425290e-01
5.865208289491898874e-01
5.865468449065084355e-01
5.865728597101514952e-01
5.865988733602726102e-01
5.866248858570253244e-01
5.866508972005628486e-01
5.866769073910387267e-01
5.867029164286060583e-01
5.867289243134183874e-01
5.867549310456288136e-01
5.867809366253906589e-01
5.868069410528570229e-01
5.868329443281812274e-01
5.868589464515161502e-01
5.868849474230151131e-01
5.869109472428309937e-01
5.869369459111170029e-01
5.869629434280259073e-01
5.869889397937109177e-01
5.870149350083248008e-01
5.870409290720204343e-01
5.870669219849506959e-01
5.870929137472683523e-01
5.871189043591263923e-01
5.871448938206773605e-01
5.871708821320740235e-01
5.871968692934691481e-01
5.872228553050152788e-01
5.872488401668650715e-01
5.872748238791711817e-01
5.873008064420860430e-01
5.873267878557623112e-01
5.873527681203523088e-01
5.873787472360085804e-01
5.874047252028835597e-01
5.874307020211295693e-01
5.874566776908989318e-01
5.874826522123440808e-01
5.875086255856172279e-01
5.875345978108705847e-01
5.875605688882563626e-01
5.875865388179268844e-01
5.876125076000341396e-01
5.876384752347302287e-01
5.876644417221673633e-01
5.876904070624975329e-01
5.877163712558727271e-01
5.877423343024449354e-01
5.877682962023660362e-01
5.877942569557881303e-01
5.878202165628628739e-01
5.878461750237422567e-01
5.878721323385779352e-01
5.878980885075218987e-01
5.879240435307258039e-01
5.879499974083411962e-01
5.879759501405200650e-01
5.880019017274137338e-01
5.880278521691740812e-01
5.880538014659525414e-01
5.880797496179006600e-01
5.881056966251699825e-01
5.881316424879119431e-01
5.881575872062780874e-01
5.881835307804196278e-01
5.882094732104881096e-01
5.882354144966348564e-01
5.882613546390111914e-01
5.882872936377682160e-01
5.883132314930573648e-01
5.883391682050298499e-01
5.883651037738367728e-01
5.883910381996292349e-01
5.884169714825583375e-01
5.884429036227752929e-01
5.884688346204310916e-01
5.884947644756767238e-01
5.885206931886630688e-01
5.885466207595412280e-01
5.885725471884619697e-01
5.885984724755762842e-01
5.886243966210350509e-01
5.886503196249889269e-01
5.886762414875887917e-01
5.887021622089853023e-01
5.887280817893292273e-01
5.887540002287713348e-01
5.887799175274620600e-01
5.888058336855522823e-01
5.888317487031923259e-01
5.888576625805328479e-01
5.888835753177242838e-01
5.889094869149172906e-01
5.889353973722621927e-01
5.889613066899093141e-01
5.889872148680092012e-01
5.890131219067121782e-01
5.890390278061683471e-01
5.890649325665282543e-01
5.890908361879421129e-01
5.891167386705599140e-01
5.891426400145320930e-01
5.891685402200086408e-01
5.891944392871397707e-01
5.892203372160755848e-01
5.892462340069659632e-01
5.892721296599610081e-01
5.892980241752108217e-01
5.893239175528651730e-01
5.893498097930740531e-01
5.893757008959873422e-01
5.894015908617549204e-01
5.894274796905265568e-01
5.894533673824521314e-01
5.894792539376813023e-01
5.895051393563638387e-01
5.895310236386493985e-01
5.895569067846876399e-01
5.895827887946281098e-01
5.896086696686205775e-01
5.896345494068144788e-01
5.896604280093593609e-01
5.896863054764046597e-01
5.897121818080999223e-01
5.897380570045944737e-01
5.897639310660377499e-01
5.897898039925791869e-01
5.898156757843679987e-01
5.898415464415535103e-01
5.898674159642850467e-01
5.898932843527117109e-01
5.899191516069828278e-01
5.899450177272475004e-01
5.899708827136549427e-01
5.899967465663540356e-01
5.900226092854939930e-01
5.900484708712239179e-01
5.900743313236926912e-01
5.901001906430491939e-01
5.901260488294426398e-01
5.901519058830216879e-01
5.901777618039352191e-01
5.902036165923322253e-01
5.902294702483614763e-01
5.902553227721715201e-01
5.902811741639114596e-01
5.903070244237296205e-01
5.903328735517749948e-01
5.903587215481960193e-01
5.903845684131413529e-01
5.904104141467595435e-01
5.904362587491992498e-01
5.904621022206089087e-01
5.904879445611369571e-01
5.905137857709319427e-01
5.905396258501421913e-01
5.905654647989160289e-01
5.905913026174020031e-01
5.906171393057482177e-01
5.906429748641031097e-01
5.906688092926147826e-01
5.906946425914316734e-01
5.907204747607017747e-01
5.907463058005731904e-01
5.907721357111942462e-01
5.907979644927129348e-01
5.908237921452773600e-01
5.908496186690354035e-01
5.908754440641352801e-01
5.909012683307246494e-01
5.909270914689517262e-01
5.909529134789642812e-01
5.909787343609101962e-01
5.910045541149372417e-01
5.910303727411932995e-01
5.910561902398260292e-01
5.910820066109833126e-01
5.911078218548126983e-01
5.911336359714620681e-01
5.911594489610787484e-01
5.911852608238106210e-01
5.912110715598051236e-01
5.912368811692098047e-01
5.912626896521722131e-01
5.912884970088397862e-01
5.913143032393600729e-01
5.913401083438802885e-01
5.913659123225479819e-01
5.913917151755103685e-01
5.914175169029148860e-01
5.914433175049087499e-01
5.914691169816391758e-01
5.914949153332534904e-01
5.915207125598987981e-01
5.915465086617222035e-01
5.915723036388710332e-01
5.915980974914921697e-01
5.916238902197327176e-01
5.916496818237397814e-01
5.916754723036602437e-01
5.917012616596412089e-01
5.917270498918294486e-01
5.917528370003719562e-01
5.917786229854156144e-01
5.918044078471070835e-01
5.918301915855934681e-01
5.918559742010213176e-01
5.918817556935374036e-01
5.919075360632883864e-01
5.919333153104211487e-01
5.919590934350821287e-01
5.919848704374178761e-01
5.920106463175752731e-01
5.920364210757005363e-01
5.920621947119404371e-01
5.920879672264413029e-01
5.921137386193496832e-01
5.921395088908117943e-01
5.921652780409742967e-01
5.921910460699834067e-01
5.922168129779854517e-01
5.922425787651267592e-01
5.922683434315534345e-01
5.922941069774120271e-01
5.923198694028484201e-01
5.923456307080088301e-01
5.923713908930395844e-01
5.923971499580865663e-01
5.924229079032959921e-01
5.924486647288138563e-01
5.924744204347861531e-01
5.925001750213587659e-01
5.925259284886778000e-01
5.925516808368890276e-01
5.925774320661384431e-01
5.926031821765718188e-01
5.926289311683350380e-01
5.926546790415737620e-01
5.926804257964338740e-01
5.927061714330609243e-01
5.927319159516007963e-01
5.927576593521991510e-01
5.927834016350014279e-01
5.928091428001532881e-01
5.928348828478003929e-01
5.928606217780881815e-01
5.928863595911622042e-01
5.929120962871679001e-01
5.929378318662505976e-01
5.929635663285559577e-01
5.929892996742290867e-01
5.930150319034155348e-01
5.930407630162605193e-01
5.930664930129092571e-01
5.930922218935070767e-01
5.931179496581991950e-01
5.931436763071308294e-01
5.931694018404469748e-01
5.931951262582929596e-01
5.932208495608136678e-01
5.932465717481543166e-01
5.932722928204597901e-01
5.932980127778753054e-01
5.933237316205455247e-01
5.933494493486156651e-01
5.933751659622304997e-01
5.934008814615349126e-01
5.934265958466736768e-01
5.934523091177916765e-01
5.934780212750335737e-01
5.935037323185443636e-01
5.935294422484684862e-01
5.935551510649508256e-01
5.935808587681358217e-01
5.936065653581682477e-01
5.936322708351927657e-01
5.936579751993537046e-01
5.936836784507957265e-01
5.937093805896632714e-01
5.937350816161008904e-01
5.937607815302530234e-01
5.937864803322638885e-01
5.938121780222780366e-01
5.938378746004396858e-01
5.938635700668931650e-01
5.938892644217829142e-01
5.939149576652529294e-01
5.939406497974475396e-01
5.939663408185109628e-01
5.939920307285871948e-01
5.940177195278205646e-01
5.940434072163550683e-01
5.940690937943347016e-01
5.940947792619035717e-01
5.941204636192056743e-01
5.941461468663848944e-01
5.941718290035852279e-01
5.941975100309505597e-01
5.942231899486247748e-01
5.942488687567516470e-01
5.942745464554750612e-01
5.943002230449387913e-01
5.943258985252865001e-01
5.943515728966620726e-01
5.943772461592089495e-01
5.944029183130710159e-01
5.944285893583917124e-01
5.944542592953147020e-01
5.944799281239835365e-01
5.945055958445418787e-01
5.945312624571329474e-01
5.945569279619004055e-01
5.945825923589876938e-01
5.946082556485381421e-01
5.946339178306951911e-01
5.946595789056021708e-01
5.946852388734022998e-01
5.947108977342389080e-01
5.947365554882553251e-01
5.947622121355946589e-01
5.947878676764002392e-01
5.948135221108150628e-01
5.948391754389822372e-01
5.948648276610450925e-01
5.948904787771465141e-01
5.949161287874294990e-01
5.949417776920371548e-01
5.949674254911124782e-01
5.949930721847982440e-01
5.950187177732375599e-01
5.950443622565730895e-01
5.950700056349479405e-01
5.950956479085047768e-01
5.951212890773863728e-01
5.951469291417355034e-01
5.951725681016949432e-01
5.951982059574073558e-01
5.952238427090154049e-01
5.952494783566616432e-01
5.952751129004888453e-01
5.953007463406394528e-01
5.953263786772561295e-01
5.953520099104812058e-01
5.953776400404572344e-01
5.954032690673267680e-01
5.954288969912321372e-01
5.954545238123157835e-01
5.954801495307199266e-01
5.955057741465870080e-01
5.955313976600593584e-01
5.955570200712791973e-01
5.955826413803887442e-01
5.956082615875302189e-01
5.956338806928457297e-01
5.956594986964774963e-01
5.956851155985676272e-01
5.957107313992582309e-01
5.957363460986913051e-01
5.957619596970088471e-01
5.957875721943529657e-01
5.958131835908654361e-01
5.958387938866883671e-01
5.958644030819636450e-01
5.958900111768329344e-01
5.959156181714383438e-01
5.959412240659215376e-01
5.959668288604242914e-01
5.959924325550883806e-01
5.960180351500554696e-01
5.960436366454673340e-01
5.960692370414655272e-01
5.960948363381918247e-01
5.961204345357876688e-01
5.961460316343947241e-01
5.961716276341545440e-01
5.961972225352084598e-01
5.962228163376981360e-01
5.962484090417649041e-01
5.962740006475502064e-01
5.962995911551953743e-01
5.963251805648418502e-01
5.963507688766309656e-01
5.963763560907039407e-01
5.964019422072021070e-01
5.964275272262665739e-01
5.964531111480386727e-01
5.964786939726595127e-01
5.965042757002702034e-01
5.965298563310119651e-01
5.965554358650257960e-01
5.965810143024526946e-01
5.966065916434337701e-01
5.966321678881100210e-01
5.966577430366223345e-01
5.966833170891115978e-01
5.967088900457188094e-01
5.967344619065848565e-01
5.967600326718505155e-01
5.967856023416566735e-01
5.968111709161438849e-01
5.968367383954531480e-01
5.968623047797251280e-01
5.968878700691003791e-01
5.969134342637196777e-01
5.969389973637236890e-01
5.969645593692528562e-01
5.969901202804478446e-01
5.970156800974492084e-01
5.970412388203973908e-01
5.970667964494329460e-01
5.970923529846963174e-01
5.971179084263277259e-01
5.971434627744678370e-01
5.971690160292568716e-01
5.971945681908351622e-01
5.972201192593429298e-01
5.972456692349206175e-01
5.972712181177082247e-01
5.972967659078461944e-01
5.973223126054746368e-01
5.973478582107336621e-01
5.973734027237632693e-01
5.973989461447037908e-01
5.974244884736951144e-01
5.974500297108772395e-01
5.974755698563903872e-01
5.975011089103742234e-01
5.975266468729688585e-01
5.975521837443142914e-01
5.975777195245501883e-01
5.976032542138164372e-01
5.976287878122529262e-01
5.976543203199994325e-01
5.976798517371957331e-01
5.977053820639814941e-01
5.977309113004964924e-01
5.977564394468802833e-01
5.977819665032726437e-01
5.978074924698130177e-01
5.978330173466410713e-01
5.978585411338964706e-01
5.978840638317185485e-01
5.979095854402468602e-01
5.979351059596208495e-01
5.979606253899799606e-01
5.979861437314636374e-01
5.980116609842112130e-01
5.980371771483619092e-01
5.980626922240552812e-01
5.980882062114304398e-01
5.981137191106267181e-01
5.981392309217832270e-01
5.981647416450392996e-01
5.981902512805339356e-01
5.982157598284064681e-01
5.982412672887958971e-01
5.982667736618412224e-01
5.982922789476815550e-01
5.983177831464558949e-01
5.983432862583032419e-01
5.983687882833625959e-01
5.983942892217728460e-01
5.984197890736727699e-01
5.984452878392014785e-01
5.984707855184975278e-01
5.984962821117000287e-01
5.985217776189475369e-01
5.985472720403788305e-01
5.985727653761325762e-01
5.985982576263476629e-01
5.986237487911626465e-01
5.986492388707160828e-01
5.986747278651466386e-01
5.987002157745928699e-01
5.987257025991933324e-01
5.987511883390864709e-01
5.987766729944109523e-01
5.988021565653049993e-01
5.988276390519071679e-01
5.988531204543557918e-01
5.988786007727893157e-01
5.989040800073459625e-01
5.989295581581641770e-01
5.989550352253820709e-01
5.989805112091380890e-01
5.990059861095702320e-01
5.990314599268168338e-01
5.990569326610160061e-01
5.990824043123059717e-01
5.991078748808246202e-01
5.991333443667101744e-01
5.991588127701006350e-01
5.991842800911341138e-01
5.992097463299483895e-01
5.992352114866815738e-01
5.992606755614715563e-01
5.992861385544562269e-01
5.993116004657734752e-01
5.993370612955609689e-01
5.993625210439568196e-01
5.993879797110985841e-01
5.994134372971240410e-01
5.994388938021708579e-01
5.994643492263769247e-01
5.994898035698796868e-01
5.995152568328169229e-01
5.995407090153261898e-01
5.995661601175450439e-01
5.995916101396109310e-01
5.996170590816616297e-01
5.996425069438343636e-01
5.996679537262666893e-01
5.996933994290960523e-01
5.997188440524597874e-01
5.997442875964953402e-01
5.997697300613400451e-01
5.997951714471311258e-01
5.998206117540059168e-01
5.998460509821017528e-01
5.998714891315557463e-01
5.998969262025051208e-01
5.999223621950869889e-01
5.999477971094385742e-01
5.999732309456969892e-01
5.999986637039992354e-01
6.000240953844824254e-01
6.000495259872834497e-01
6.000749555125395318e-01
6.001003839603874512e-01
6.001258113309642095e-01
6.001512376244066971e-01
6.001766628408516935e-01
6.002020869804362002e-01
6.002275100432969968e-01
6.002529320295708626e-01
6.002783529393944661e-01
6.003037727729046980e-01
6.003291915302381154e-01
6.003546092115313870e-01
6.003800258169212922e-01
6.004054413465442774e-01
6.004308558005371221e-01
6.004562691790362727e-01
6.004816814821781756e-01
6.005070927100993883e-01
6.005325028629364681e-01
6.005579119408258615e-01
6.005833199439037928e-01
6.006087268723068195e-01
6.006341327261712770e-01
6.006595375056333896e-01
6.006849412108294928e-01
6.007103438418959218e-01
6.007357453989689011e-01
6.007611458821845440e-01
6.007865452916791860e-01
6.008119436275888292e-01
6.008373408900496981e-01
6.008627370791977951e-01
6.008881321951693444e-01
6.009135262381001263e-01
6.009389192081264763e-01
6.009643111053840636e-01
6.009897019300090015e-01
6.010150916821372924e-01
6.010404803619046055e-01
6.010658679694470541e-01
6.010912545049001965e-01
6.011166399684001460e-01
6.011420243600824609e-01
6.011674076800829214e-01
6.011927899285373078e-01
6.012181711055812894e-01
6.012435512113505354e-01
6.012689302459807150e-01
6.012943082096073866e-01
6.013196851023661083e-01
6.013450609243924383e-01
6.013704356758220460e-01
6.013958093567901564e-01
6.014211819674324389e-01
6.014465535078843406e-01
6.014719239782810867e-01
6.014972933787582354e-01
6.015226617094511230e-01
6.015480289704948635e-01
6.015733951620250153e-01
6.015987602841766924e-01
6.016241243370852310e-01
6.016494873208856342e-01
6.016748492357133493e-01
6.017002100817033794e-01
6.017255698589908386e-01
6.017509285677108410e-01
6.017762862079985009e-01
6.018016427799888213e-01
6.018269982838166943e-01
6.018523527196173450e-01
6.018777060875255547e-01
6.019030583876762153e-01
6.019284096202043299e-01
6.019537597852446797e-01
6.019791088829322678e-01
6.020044569134016532e-01
6.020298038767878390e-01
6.020551497732253843e-01
6.020804946028491811e-01
6.021058383657937885e-01
6.021311810621939875e-01
6.021565226921843372e-01
6.021818632558995077e-01
6.022072027534740579e-01
6.022325411850425469e-01
6.022578785507395338e-01
6.022832148506993555e-01
6.023085500850566820e-01
6.023338842539458504e-01
6.023592173575013087e-01
6.023845493958573938e-01
6.024098803691485537e-01
6.024352102775091256e-01
6.024605391210732241e-01
6.024858668999752975e-01
6.025111936143494606e-01
6.025365192643300505e-01
6.025618438500511820e-01
6.025871673716470811e-01
6.026124898292518628e-01
6.026378112229995310e-01
6.026631315530242006e-01
6.026884508194599865e-01
6.027137690224408928e-01
6.027390861621009233e-01
6.027644022385739708e-01
6.027897172519939284e-01
6.028150312024947999e-01
6.028403440902104782e-01
6.028656559152747452e-01
6.028909666778213827e-01
6.029162763779842837e-01
6.029415850158972301e-01
6.029668925916938926e-01
6.029921991055079422e-01
6.030175045574731607e-01
6.030428089477231079e-01
6.030681122763914548e-01
6.030934145436117610e-01
6.031187157495176976e-01
6.031440158942427132e-01
6.031693149779202567e-01
6.031946130006839990e-01
6.032199099626672778e-01
6.032452058640035419e-01
6.032705007048262402e-01
6.032957944852685994e-01
6.033210872054640683e-01
6.033463788655459847e-01
6.033716694656476864e-01
6.033969590059021781e-01
6.034222474864430197e-01
6.034475349074032158e-01
6.034728212689159932e-01
6.034981065711145787e-01
6.035233908141318659e-01
6.035486739981011928e-01
6.035739561231555639e-01
6.035992371894279840e-01
6.036245171970514578e-01
6.036497961461588790e-01
6.036750740368833634e-01
6.037003508693578047e-01
6.037256266437150964e-01
6.037509013600880214e-01
6.037761750186094734e-01
6.038014476194123459e-01
6.038267191626293107e-01
6.038519896483931504e-01
6.038772590768366477e-01
6.039025274480924743e-01
6.039277947622934128e-01
6.039530610195719129e-01
6.039783262200606462e-01
6.040035903638923953e-01
6.040288534511994989e-01
6.040541154821145176e-01
6.040793764567701229e-01
6.041046363752986537e-01
6.041298952378326703e-01
6.041551530445045115e-01
6.041804097954465158e-01
6.042056654907912439e-01
6.042309201306709232e-01
6.042561737152178925e-01
6.042814262445643791e-01
6.043066777188428329e-01
6.043319281381852592e-01
6.043571775027238857e-01
6.043824258125910509e-01
6.044076730679188714e-01
6.044329192688393526e-01
6.044581644154846112e-01
6.044834085079867636e-01
6.045086515464779264e-01
6.045338935310899942e-01
6.045591344619549723e-01
6.045843743392047553e-01
6.046096131629714598e-01
6.046348509333868693e-01
6.046600876505827671e-01
6.046853233146912698e-01
6.047105579258439390e-01
6.047357914841726689e-01
6.047610239898091322e-01
6.047862554428852233e-01
6.048114858435326147e-01
6.048367151918828677e-01
6.048619434880677659e-01
6.048871707322189817e-01
6.049123969244678545e-01
6.049376220649462788e-01
6.049628461537855939e-01
6.049880691911173614e-01
6.050132911770730315e-01
6.050385121117841658e-01
6.050637319953822146e-01
6.050889508279984064e-01
6.051141686097643024e-01
6.051393853408112422e-01
6.051646010212704541e-01
6.051898156512732774e-01
6.052150292309509405e-01
6.052402417604347828e-01
6.052654532398560328e-01
6.052906636693458076e-01
6.053158730490352246e-01
6.053410813790556233e-01
6.053662886595377879e-01
6.053914948906130578e-01
6.054167000724124392e-01
6.054419042050669386e-01
6.054671072887074512e-01
6.054923093234652054e-01
6.055175103094708744e-01
6.055427102468554645e-01
6.055679091357498711e-01
6.055931069762849894e-01
6.056183037685916037e-01
6.056434995128006094e-01
6.056686942090426795e-01
6.056938878574485985e-01
6.057190804581491506e-01
6.057442720112750090e-01
6.057694625169568470e-01
6.057946519753252268e-01
6.058198403865108217e-01
6.058450277506443049e-01
6.058702140678561276e-01
6.058953993382768521e-01
6.059205835620370406e-01
6.059457667392671443e-01
6.059709488700975033e-01
6.059961299546587910e-01
6.060213099930811254e-01
6.060464889854951798e-01
6.060716669320309613e-01
6.060968438328191432e-01
6.061220196879897326e-01
6.061471944976731807e-01
6.061723682619996056e-01
6.061975409810992366e-01
6.062227126551024137e-01
6.062478832841390330e-01
6.062730528683394349e-01
6.062982214078336263e-01
6.063233889027517254e-01
6.063485553532236283e-01
6.063737207593796752e-01
6.063988851213495401e-01
6.064240484392634523e-01
6.064492107132510856e-01
6.064743719434425584e-01
6.064995321299677666e-01
6.065246912729563844e-01
6.065498493725384188e-01
6.065750064288435439e-01
6.066001624420017668e-01
6.066253174121425396e-01
6.066504713393957582e-01
6.066756242238910968e-01
6.067007760657583404e-01
6.067259268651269410e-01
6.067510766221265728e-01
6.067762253368869096e-01
6.068013730095374036e-01
6.068265196402076178e-01
6.068516652290271152e-01
6.068768097761254587e-01
6.069019532816318785e-01
6.069270957456760485e-01
6.069522371683871986e-01
6.069773775498946700e-01
6.070025168903280255e-01
6.070276551898163842e-01
6.070527924484891980e-01
6.070779286664756969e-01
6.071030638439049998e-01
6.071281979809064477e-01
6.071533310776092707e-01
6.071784631341424765e-01
6.072035941506352952e-01
6.072287241272167346e-01
6.072538530640161358e-01
6.072789809611622847e-01
6.073041078187843000e-01
6.073292336370113009e-01
6.073543584159720732e-01
6.073794821557956247e-01
6.074046048566109635e-01
6.074297265185468753e-01
6.074548471417323681e-01
6.074799667262961167e-01
6.075050852723670181e-01
6.075302027800739690e-01
6.075553192495455335e-01
6.075804346809104972e-01
6.076055490742976462e-01
6.076306624298356551e-01
6.076557747476531990e-01
6.076808860278787305e-01
6.077059962706410357e-01
6.077311054760686782e-01
6.077562136442902219e-01
6.077813207754340086e-01
6.078064268696287131e-01
6.078315319270027883e-01
6.078566359476845760e-01
6.078817389318026398e-01
6.079068408794853218e-01
6.079319417908608525e-01
6.079570416660577958e-01
6.079821405052042715e-01
6.080072383084286214e-01
6.080323350758591872e-01
6.080574308076240886e-01
6.080825255038515564e-01
6.081076191646698215e-01
6.081327117902070034e-01
6.081578033805912220e-01
6.081828939359505970e-01
6.082079834564131371e-01
6.082330719421069620e-01
6.082581593931601915e-01
6.082832458097005013e-01
6.083083311918562330e-01
6.083334155397550624e-01
6.083584988535249982e-01
6.083835811332939381e-01
6.084086623791897797e-01
6.084337425913401987e-01
6.084588217698732038e-01
6.084838999149164707e-01
6.085089770265977860e-01
6.085340531050448254e-01
6.085591281503853756e-01
6.085842021627471121e-01
6.086092751422575997e-01
6.086343470890446250e-01
6.086594180032355306e-01
6.086844878849581031e-01
6.087095567343399072e-01
6.087346245515082854e-01
6.087596913365908025e-01
6.087847570897150229e-01
6.088098218110082893e-01
6.088348855005979443e-01
6.088599481586115525e-01
6.088850097851764565e-01
6.089100703804198877e-01
6.089351299444691890e-01
6.089601884774517027e-01
6.089852459794946604e-01
6.090103024507251828e-01
6.090353578912707233e-01
6.090604123012581805e-01
6.090854656808148970e-01
6.091105180300678823e-01
6.091355693491443679e-01
6.091606196381713634e-01
6.091856688972758782e-01
6.092107171265849219e-01
6.092357643262256151e-01
6.092608104963248561e-01
6.092858556370095435e-01
6.093108997484065759e-01
6.093359428306429626e-01
6.093609848838456022e-01
6.093860259081411712e-01
6.094110659036565680e-01
6.094361048705185802e-01
6.094611428088538840e-01
6.094861797187893782e-01
6.095112156004516279e-01
6.095362504539674209e-01
6.095612842794634334e-01
6.095863170770661199e-01
6.096113488469022679e-01
6.096363795890984427e-01
6.096614093037809878e-01
6.096864379910766907e-01
6.097114656511120057e-01
6.097364922840132762e-01
6.097615178899070676e-01
6.097865424689197233e-01
6.098115660211778088e-01
6.098365885468074454e-01
6.098616100459351985e-01
6.098866305186871895e-01
6.099116499651898726e-01
6.099366683855694804e-01
6.099616857799522451e-01
6.099867021484643992e-01
6.100117174912321749e-01
6.100367318083815826e-01
6.100617451000388547e-01
6.100867573663301124e-01
6.101117686073814772e-01
6.101367788233189593e-01
6.101617880142686801e-01
6.101867961803564278e-01
6.102118033217084347e-01
6.102368094384506003e-01
6.102618145307087127e-01
6.102868185986087823e-01
6.103118216422768194e-01
6.103368236618383902e-01
6.103618246574196160e-01
6.103868246291461741e-01
6.104118235771437417e-01
6.104368215015382182e-01
6.104618184024552807e-01
6.104868142800206066e-01
6.105118091343599840e-01
6.105368029655988682e-01
6.105617957738630475e-01
6.105867875592779770e-01
6.106117783219694450e-01
6.106367680620627958e-01
6.106617567796835955e-01
6.106867444749574103e-01
6.107117311480095845e-01
6.107367167989656842e-01
6.107617014279511647e-01
6.107866850350912591e-01
6.108116676205114226e-01
6.108366491843369994e-01
6.108616297266933337e-01
6.108866092477055476e-01
6.109115877474990963e-01
6.109365652261992130e-01
6.109615416839310198e-01
6.109865171208197498e-01
6.110114915369905253e-01
6.110364649325684683e-01
6.110614373076788119e-01
6.110864086624465674e-01
6.111113789969967458e-01
6.111363483114544692e-01
6.111613166059446378e-01
6.111862838805923737e-01
6.112112501355224659e-01
6.112362153708600365e-01
6.112611795867297637e-01
6.112861427832567696e-01
6.113111049605658431e-01
6.113360661187816625e-01
6.113610262580292387e-01
6.113859853784331388e-01
6.114109434801183740e-01
6.114359005632094002e-01
6.114608566278311175e-01
6.114858116741082039e-01
6.115107657021651155e-01
6.115357187121266413e-01
6.115606707041174595e-01
6.115856216782619148e-01
6.116105716346846854e-01
6.116355205735103384e-01
6.116604684948633297e-01
6.116854153988681153e-01
6.117103612856491512e-01
6.117353061553307825e-01
6.117602500080375760e-01
6.117851928438938769e-01
6.118101346630239190e-01
6.118350754655520474e-01
6.118600152516026069e-01
6.118849540212999427e-01
6.119098917747680666e-01
6.119348285121314346e-01
6.119597642335141696e-01
6.119846989390403946e-01
6.120096326288342325e-01
6.120345653030199173e-01
6.120594969617214609e-01
6.120844276050629862e-01
6.121093572331685051e-01
6.121342858461620295e-01
6.121592134441674604e-01
6.121841400273089207e-01
6.122090655957104222e-01
6.122339901494956438e-01
6.122589136887884864e-01
6.122838362137130730e-01
6.123087577243930824e-01
6.123336782209523044e-01
6.123585977035145289e-01
6.123835161722035458e-01
6.124084336271432560e-01
6.124333500684571163e-01
6.124582654962689166e-01
6.124831799107024466e-01
6.125080933118811632e-01
6.125330056999287454e-01
6.125579170749687608e-01
6.125828274371248883e-01
6.126077367865205847e-01
6.126326451232793069e-01
6.126575524475246226e-01
6.126824587593799887e-01
6.127073640589688619e-01
6.127322683464145880e-01
6.127571716218407349e-01
6.127820738853703153e-01
6.128069751371270080e-01
6.128318753772340477e-01
6.128567746058145582e-01
6.128816728229919963e-01
6.129065700288895968e-01
6.129314662236303723e-01
6.129563614073377797e-01
6.129812555801347207e-01
6.130061487421445410e-01
6.130310408934902533e-01
6.130559320342949814e-01
6.130808221646817380e-01
6.131057112847736468e-01
6.131305993946937205e-01
6.131554864945648609e-01
6.131803725845100805e-01
6.132052576646522812e-01
6.132301417351144757e-01
6.132550247960194545e-01
6.132799068474901194e-01
6.133047878896492611e-01
6.133296679226197812e-01
6.133545469465244704e-01
6.133794249614860083e-01
6.134043019676271857e-01
6.134291779650707932e-01
6.134540529539392884e-01
6.134789269343555729e-01
6.135037999064422154e-01
6.135286718703217845e-01
6.135535428261169599e-01
6.135784127739501992e-01
6.136032817139440709e-01
6.136281496462211438e-01
6.136530165709038753e-01
6.136778824881147232e-01
6.137027473979762560e-01
6.137276113006107092e-01
6.137524741961404295e-01
6.137773360846880966e-01
6.138021969663757238e-01
6.138270568413257688e-01
6.138519157096605783e-01
6.138767735715023877e-01
6.139016304269733215e-01
6.139264862761957264e-01
6.139513411192917269e-01
6.139761949563835586e-01
6.140010477875933459e-01
6.140258996130432134e-01
6.140507504328552857e-01
6.140756002471514652e-01
6.141004490560539875e-01
6.141252968596847550e-01
6.141501436581658924e-01
6.141749894516193020e-01
6.141998342401667754e-01
6.142246780239305481e-01
6.142495208030323006e-01
6.142743625775939353e-01
6.142992033477373548e-01
6.143240431135843505e-01
6.143488818752567138e-01
6.143737196328762362e-01
6.143985563865645982e-01
6.144233921364437023e-01
6.144482268826350069e-01
6.144730606252604144e-01
6.144978933644414942e-01
6.145227251002998159e-01
6.145475558329569488e-01
6.145723855625346843e-01
6.145972142891543699e-01
6.146220420129375750e-01
6.146468687340058690e-01
6.146716944524807102e-01
6.146965191684834462e-01
6.147213428821357573e-01
6.147461655935587688e-01
6.147709873028740502e-01
6.147958080102028378e-01
6.148206277156665900e-01
6.148454464193864322e-01
6.148702641214838227e-01
6.148950808220799980e-01
6.149198965212961943e-01
6.149447112192534259e-01
6.149695249160731514e-01
6.149943376118763849e-01
6.150191493067842519e-01
6.150439600009179886e-01
6.150687696943986094e-01
6.150935783873471285e-01
6.151183860798845604e-01
6.151431927721321413e-01
6.151679984642105525e-01
6.151928031562410304e-01
6.152176068483443672e-01
6.152424095406414661e-01
6.152672112332533416e-01
6.152920119263006749e-01
6.153168116199045912e-01
6.153416103141856608e-01
6.153664080092647870e-01
6.153912047052626511e-01
6.154160004023001562e-01
6.154407951004978727e-01
6.154655887999765929e-01
6.154903815008568868e-01
6.155151732032595469e-01
6.155399639073051432e-01
6.155647536131142461e-01
6.155895423208074257e-01
6.156143300305053634e-01
6.156391167423284072e-01
6.156639024563971274e-01
6.156886871728319832e-01
6.157134708917535448e-01
6.157382536132820494e-01
6.157630353375380672e-01
6.157878160646419463e-01
6.158125957947140350e-01
6.158373745278746814e-01
6.158621522642441226e-01
6.158869290039427069e-01
6.159117047470906714e-01
6.159364794938083643e-01
6.159612532442158006e-01
6.159860259984333286e-01
6.160107977565809634e-01
6.160355685187790531e-01
6.160603382851475018e-01
6.160851070558065468e-01
6.161098748308763140e-01
6.161346416104765966e-01
6.161594073947276318e-01
6.161841721837493235e-01
6.162089359776616870e-01
6.162336987765846263e-01
6.162584605806381566e-01
6.162832213899420708e-01
6.163079812046162731e-01
6.163327400247806676e-01
6.163574978505550472e-01
6.163822546820590942e-01
6.164070105194128235e-01
6.164317653627359173e-01
6.164565192121479464e-01
6.164812720677688151e-01
6.165060239297179834e-01
6.165307747981154662e-01
6.165555246730805017e-01
6.165802735547329938e-01
6.166050214431924026e-01
6.166297683385782991e-01
6.166545142410102542e-01
6.166792591506077281e-01
6.167040030674901807e-01
6.167287459917772940e-01
6.167534879235883061e-01
6.167782288630426768e-01
6.168029688102597552e-01
6.168277077653591123e-01
6.168524457284598750e-01
6.168771826996815033e-01
6.169019186791432352e-01
6.169266536669643086e-01
6.169513876632640725e-01
6.169761206681616539e-01
6.170008526817762906e-01
6.170255837042273317e-01
6.170503137356336820e-01
6.170750427761145795e-01
6.170997708257891512e-01
6.171244978847764129e-01
6.171492239531954915e-01
6.171739490311654031e-01
6.171986731188051634e-01
6.172233962162337884e-01
6.172481183235702940e-01
6.172728394409334740e-01
6.172975595684422334e-01
6.173222787062156991e-01
6.173469968543725539e-01
6.173717140130315917e-01
6.173964301823118284e-01
6.174211453623319468e-01
6.174458595532107408e-01
6.174705727550668932e-01
6.174952849680193090e-01
6.175199961921864489e-01
6.175447064276872178e-01
6.175694156746401875e-01
6.175941239331639299e-01
6.176188312033772387e-01
6.176435374853984639e-01
6.176682427793462882e-01
6.176929470853391724e-01
6.177176504034957993e-01
6.177423527339345188e-01
6.177670540767737917e-01
6.177917544321320786e-01
6.178164538001279515e-01
6.178411521808795381e-01
6.178658495745054102e-01
6.178905459811239176e-01
6.179152414008531879e-01
6.179399358338117931e-01
6.179646292801177498e-01
6.179893217398895189e-01
6.180140132132452280e-01
6.180387037003031159e-01
6.180633932011813103e-01
6.180880817159980500e-01
6.181127692448714628e-01
6.181374557879195653e-01
6.181621413452605962e-01
6.181868259170124613e-01
6.182115095032933993e-01
6.182361921042212050e-01
6.182608737199140059e-01
6.182855543504897078e-01
6.183102339960663274e-01
6.183349126567617704e-01
6.183595903326939425e-01
6.183842670239806383e-01
6.184089427307398745e-01
6.184336174530893349e-01
6.184582911911468139e-01
6.184829639450302174e-01
6.185076357148572290e-01
6.185323065007455323e-01
6.185569763028130330e-01
6.185816451211771927e-01
6.186063129559558060e-01
6.186309798072664456e-01
6.186556456752267952e-01
6.186803105599544272e-01
6.187049744615669145e-01
6.187296373801818294e-01
6.187542993159166338e-01
6.187789602688889001e-01
6.188036202392159790e-01
6.188282792270154431e-01
6.188529372324047539e-01
6.188775942555012621e-01
6.189022502964223182e-01
6.189269053552852728e-01
6.189515594322075875e-01
6.189762125273063909e-01
6.190008646406991444e-01
6.190255157725030877e-01
6.190501659228353493e-01
6.190748150918132797e-01
6.190994632795540076e-01
6.191241104861747724e-01
6.191487567117925916e-01
6.191734019565247049e-01
6.191980462204882407e-01
6.192226895038002166e-01
6.192473318065776500e-01
6.192719731289376695e-01
6.192966134709972925e-01
6.193212528328734257e-01
6.193458912146829753e-01
6.193705286165430701e-01
6.193951650385705054e-01
6.194198004808822988e-01
6.194444349435951347e-01
6.194690684268259195e-01
6.194937009306915598e-01
6.195183324553088511e-01
6.195429630007944777e-01
6.195675925672652351e-01
6.195922211548379188e-01
6.196168487636292133e-01
6.196414753937556918e-01
6.196661010453341500e-01
6.196907257184812723e-01
6.197153494133135210e-01
6.197399721299474695e-01
6.197645938684999134e-01
6.197892146290872040e-01
6.198138344118259146e-01
6.198384532168325078e-01
6.198630710442235570e-01
6.198876878941154134e-01
6.199123037666246505e-01
6.199369186618675087e-01
6.199615325799604504e-01
6.199861455210198269e-01
6.200107574851621006e-01
6.200353684725034009e-01
6.200599784831600791e-01
6.200845875172483757e-01
6.201091955748846418e-01
6.201338026561851180e-01
6.201584087612658225e-01
6.201830138902431067e-01
6.202076180432329888e-01
6.202322212203517093e-01
6.202568234217152865e-01
6.202814246474398496e-01
6.203060248976415281e-01
6.203306241724363401e-01
6.203552224719401931e-01
6.203798197962691052e-01
6.204044161455390949e-01
6.204290115198661804e-01
6.204536059193661579e-01
6.204781993441550458e-01
6.205027917943485294e-01
6.205273832700627379e-01
6.205519737714132456e-01
6.205765632985159597e-01
6.206011518514867875e-01
6.206257394304413033e-01
6.206503260354954143e-01
6.206749116667646948e-01
6.206994963243648300e-01
6.207240800084117271e-01
6.207486627190207384e-01
6.207732444563076601e-01
6.207978252203880665e-01
6.208224050113775316e-01
6.208469838293916299e-01
6.208715616745458243e-01
6.208961385469556893e-01
6.209207144467366879e-01
6.209452893740043944e-01
6.209698633288740499e-01
6.209944363114612287e-01
6.210190083218812829e-01
6.210435793602495647e-01
6.210681494266814262e-01
6.210927185212923307e-01
6.211172866441974083e-01
6.211418537955120112e-01
6.211664199753513804e-01
6.211909851838307572e-01
6.212155494210653828e-01
6.212401126871703871e-01
6.212646749822611225e-01
6.212892363064524970e-01
6.213137966598597517e-01
6.213383560425980168e-01
6.213629144547823113e-01
6.213874718965276545e-01
6.214120283679492873e-01
6.214365838691618960e-01
6.214611384002807215e-01
6.214856919614206721e-01
6.215102445526966557e-01
6.215347961742235805e-01
6.215593468261163546e-01
6.215838965084897749e-01
6.216084452214589717e-01
6.216329929651384090e-01
6.216575397396432168e-01
6.216820855450879701e-01
6.217066303815874662e-01
6.217311742492563909e-01
6.217557171482096523e-01
6.217802590785618255e-01
6.218048000404274855e-01
6.218293400339214294e-01
6.218538790591582321e-01
6.218784171162524688e-01
6.219029542053188253e-01
6.219274903264716547e-01
6.219520254798257541e-01
6.219765596654953654e-01
6.220010928835951747e-01
6.220256251342395348e-01
6.220501564175430209e-01
6.220746867336198749e-01
6.220992160825846717e-01
6.221237444645516534e-01
6.221482718796352840e-01
6.221727983279496943e-01
6.221973238096094594e-01
6.222218483247287102e-01
6.222463718734217997e-01
6.222708944558028588e-01
6.222954160719862404e-01
6.223199367220859646e-01
6.223444564062163842e-01
6.223689751244915191e-01
6.223934928770256114e-01
6.224180096639326809e-01
6.224425254853267475e-01
6.224670403413220532e-01
6.224915542320325068e-01
6.225160671575722393e-01
6.225405791180550485e-01
6.225650901135951765e-01
6.225896001443063099e-01
6.226141092103025798e-01
6.226386173116976730e-01
6.226631244486057204e-01
6.226876306211404088e-01
6.227121358294156472e-01
6.227366400735452334e-01
6.227611433536429653e-01
6.227856456698225296e-01
6.228101470221978353e-01
6.228346474108824582e-01
6.228591468359903072e-01
6.228836452976347360e-01
6.229081427959297645e-01
6.229326393309887466e-01
6.229571349029253691e-01
6.229816295118533187e-01
6.230061231578861713e-01
6.230306158411372808e-01
6.230551075617203338e-01
6.230795983197487953e-01
6.231040881153362410e-01
6.231285769485959136e-01
6.231530648196413891e-01
6.231775517285861321e-01
6.232020376755433855e-01
6.232265226606266140e-01
6.232510066839490603e-01
6.232754897456243004e-01
6.232999718457653548e-01
6.233244529844855775e-01
6.233489331618983220e-01
6.233734123781167202e-01
6.233978906332541259e-01
6.234223679274235597e-01
6.234468442607382643e-01
6.234713196333113716e-01
6.234957940452560132e-01
6.235202674966853209e-01
6.235447399877123154e-01
6.235692115184501283e-01
6.235936820890116694e-01
6.236181516995100704e-01
6.236426203500583521e-01
6.236670880407693129e-01
6.236915547717560848e-01
6.237160205431314663e-01
6.237404853550084782e-01
6.237649492074998081e-01
6.237894121007184767e-01
6.238138740347772826e-01
6.238383350097890245e-01
6.238627950258666122e-01
6.238872540831225111e-01
6.239117121816697420e-01
6.239361693216209925e-01
6.239606255030888393e-01
6.239850807261860810e-01
6.240095349910254052e-01
6.240339882977192776e-01
6.240584406463804967e-01
6.240828920371215283e-01
6.241073424700550598e-01
6.241317919452935570e-01
6.241562404629494853e-01
6.241806880231355326e-01
6.242051346259639422e-01
6.242295802715474018e-01
6.242540249599982660e-01
6.242784686914288894e-01
6.243029114659517376e-01
6.243273532836791651e-01
6.243517941447235264e-01
6.243762340491971763e-01
6.244006729972123582e-01
6.244251109888814266e-01
6.244495480243165142e-01
6.244739841036299755e-01
6.244984192269340539e-01
6.245228533943408822e-01
6.245472866059627037e-01
6.245717188619115401e-01
6.245961501622996348e-01
6.246205805072390094e-01
6.246450098968419073e-01
6.246694383312202392e-01
6.246938658104860265e-01
6.247182923347515127e-01
6.247427179041283862e-01
6.247671425187288907e-01
6.247915661786649366e-01
6.248159888840483234e-01
6.248404106349909615e-01
6.248648314316049834e-01
6.248892512740019667e-01
6.249136701622939327e-01
6.249380880965926810e-01
6.249625050770099000e-01
6.249869211036575001e-01
6.250113361766472808e-01
6.250357502960908196e-01
6.250601634620999159e-01
6.250845756747862580e-01
6.251089869342615346e-01
6.251333972406374340e-01
6.251578065940254225e-01
6.251822149945372997e-01
6.252066224422845320e-01
6.252310289373786967e-01
6.252554344799313712e-01
6.252798390700540221e-01
6.253042427078582266e-01
6.253286453934554512e-01
6.253530471269570512e-01
6.253774479084744931e-01
6.254018477381192431e-01
6.254262466160026568e-01
6.254506445422362004e-01
6.254750415169310074e-01
6.254994375401985440e-01
6.255238326121500547e-01
6.255482267328968948e-01
6.255726199025503087e-01
6.255970121212215407e-01
6.256214033890217241e-01
6.256457937060619923e-01
6.256701830724538116e-01
6.256945714883079823e-01
6.257189589537358598e-01
6.257433454688484664e-01
6.257677310337569354e-01
6.257921156485722891e-01
6.258164993134055498e-01
6.258408820283678509e-01
6.258652637935701035e-01
6.258896446091232191e-01
6.259140244751382198e-01
6.259384033917261281e-01
6.259627813589977441e-01
6.259871583770639791e-01
6.260115344460356335e-01
6.260359095660237294e-01
6.260602837371389562e-01
6.260846569594921140e-01
6.261090292331941143e-01
6.261334005583555351e-01
6.261577709350872878e-01
6.261821403635000616e-01
6.262065088437044347e-01
6.262308763758110963e-01
6.262552429599308468e-01
6.262796085961742643e-01
6.263039732846518159e-01
6.263283370254743021e-01
6.263526998187520789e-01
6.263770616645959466e-01
6.264014225631161503e-01
6.264257825144233793e-01
6.264501415186281008e-01
6.264744995758406709e-01
6.264988566861715569e-01
6.265232128497313369e-01
6.265475680666302560e-01
6.265719223369786706e-01
6.265962756608869366e-01
6.266206280384655214e-01
6.266449794698245590e-01
6.266693299550744056e-01
6.266936794943254174e-01
6.267180280876877285e-01
6.267423757352715841e-01
6.267667224371872292e-01
6.267910681935447981e-01
6.268154130044545358e-01
6.268397568700263545e-01
6.268640997903707213e-01
6.268884417655974373e-01
6.269127827958166366e-01
6.269371228811385643e-01
6.269614620216730216e-01
6.269858002175300316e-01
6.270101374688197282e-01
6.270344737756520237e-01
6.270588091381368301e-01
6.270831435563840595e-01
6.271074770305037349e-01
6.271318095606055465e-01
6.271561411467995173e-01
6.271804717891953374e-01
6.272048014879030298e-01
6.272291302430321736e-01
6.272534580546926808e-01
6.272777849229943525e-01
6.273021108480467678e-01
6.273264358299597276e-01
6.273507598688429221e-01
6.273750829648059302e-01
6.273994051179585529e-01
6.274237263284103694e-01
6.274480465962708475e-01
6.274723659216497884e-01
6.274966843046565490e-01
6.275210017454008193e-01
6.275453182439921784e-01
6.275696338005398722e-01
6.275939484151535908e-01
6.276182620879426910e-01
6.276425748190166409e-01
6.276668866084849085e-01
6.276911974564568508e-01
6.277155073630417137e-01
6.277398163283490762e-01
6.277641243524880732e-01
6.277884314355681727e-01
6.278127375776985097e-01
6.278370427789885522e-01
6.278613470395473239e-01
6.278856503594840710e-01
6.279099527389081503e-01
6.279342541779286968e-01
6.279585546766548454e-01
6.279828542351956200e-01
6.280071528536603775e-01
6.280314505321580310e-01
6.280557472707977151e-01
6.280800430696884540e-01
6.281043379289392714e-01
6.281286318486593023e-01
6.281529248289574596e-01
6.281772168699426562e-01
6.282015079717239159e-01
6.282257981344101516e-01
6.282500873581102763e-01
6.282743756429332027e-01
6.282986629889877328e-01
6.283229493963826684e-01
6.283472348652270334e-01
6.283715193956294076e-01
6.283958029876987039e-01
6.284200856415437242e-01
6.284443673572730482e-01
6.284686481349954779e-01
6.284929279748197040e-01
6.285172068768544174e-01
6.285414848412083089e-01
6.285657618679899583e-01
6.285900379573079455e-01
6.286143131092709613e-01
6.286385873239874744e-01
6.286628606015660647e-01
6.286871329421153121e-01
6.287114043457437962e-01
6.287356748125597639e-01
6.287599443426719059e-01
6.287842129361885801e-01
6.288084805932182553e-01
6.288327473138692891e-01
6.288570130982500395e-01
6.288812779464688640e-01
6.289055418586342316e-01
6.289298048348543890e-01
6.289540668752375829e-01
6.289783279798920601e-01
6.290025881489262893e-01
6.290268473824482953e-01
6.290511056805664358e-01
6.290753630433887356e-01
6.290996194710235523e-01
6.291238749635789107e-01
6.291481295211630576e-01
6.291723831438840175e-01
6.291966358318498154e-01
6.292208875851686978e-01
6.292451384039486895e-01
6.292693882882975931e-01
6.292936372383237664e-01
6.293178852541349011e-01
6.293421323358391328e-01
6.293663784835442643e-01
6.293906236973583201e-01
6.294148679773892141e-01
6.294391113237448598e-01
6.294633537365330600e-01
6.294875952158616172e-01
6.295118357618383342e-01
6.295360753745711246e-01
6.295603140541677911e-01
6.295845518007359143e-01
6.296087886143834078e-01
6.296330244952178523e-01
6.296572594433470504e-01
6.296814934588786938e-01
6.297057265419202521e-01
6.297299586925796389e-01
6.297541899109642127e-01
6.297784201971816653e-01
6.298026495513395773e-01
6.298268779735455292e-01
6.298511054639069906e-01
6.298753320225315422e-01
6.298995576495265425e-01
6.299237823449995721e-01
6.299480061090581007e-01
6.299722289418094867e-01
6.299964508433611998e-01
6.300206718138205986e-01
6.300448918532950415e-01
6.300691109618917762e-01
6.300933291397182723e-01
6.301175463868817772e-01
6.301417627034896496e-01
6.301659780896489149e-01
6.301901925454671538e-01
6.302144060710512807e-01
6.302386186665087653e-01
6.302628303319465219e-01
6.302870410674719093e-01
6.303112508731920638e-01
6.303354597492139000e-01
6.303596676956447764e-01
6.303838747125916075e-01
6.304080808001614189e-01
6.304322859584613470e-01
6.304564901875984173e-01
6.304806934876796554e-01
6.305048958588118646e-01
6.305290973011020705e-01
6.305532978146572987e-01
6.305774973995844634e-01
6.306016960559902573e-01
6.306258937839818168e-01
6.306500905836657234e-01
6.306742864551490024e-01
6.306984813985384575e-01
6.307226754139408920e-01
6.307468685014628873e-01
6.307710606612113580e-01
6.307952518932929964e-01
6.308194421978146060e-01
6.308436315748826573e-01
6.308678200246039536e-01
6.308920075470851874e-01
6.309161941424329401e-01
6.309403798107536820e-01
6.309645645521542168e-01
6.309887483667410146e-01
6.310129312546205460e-01
6.310371132158995033e-01
6.310612942506842460e-01
6.310854743590812443e-01
6.311096535411970798e-01
6.311338317971381118e-01
6.311580091270108106e-01
6.311821855309216467e-01
6.312063610089767574e-01
6.312305355612827240e-01
6.312547091879457950e-01
6.312788818890723297e-01
6.313030536647686874e-01
6.313272245151410056e-01
6.313513944402956435e-01
6.313755634403387385e-01
6.313997315153766499e-01
6.314238986655154040e-01
6.314480648908613603e-01
6.314722301915206559e-01
6.314963945675993173e-01
6.315205580192034818e-01
6.315447205464392866e-01
6.315688821494127581e-01
6.315930428282300335e-01
6.316172025829971393e-01
6.316413614138201016e-01
6.316655193208048358e-01
6.316896763040572571e-01
6.317138323636835029e-01
6.317379874997894884e-01
6.317621417124809069e-01
6.317862950018638957e-01
6.318104473680442590e-01
6.318345988111278011e-01
6.318587493312204373e-01
6.318828989284279718e-01
6.319070476028560979e-01
6.319311953546106198e-01
6.319553421837973417e-01
6.319794880905219570e-01
6.320036330748901587e-01
6.320277771370077513e-01
6.320519202769803169e-01
6.320760624949134376e-01
6.321002037909129179e-01
6.321243441650842287e-01
6.321484836175330635e-01
6.321726221483648933e-01
6.321967597576853004e-01
6.322208964455998670e-01
6.322450322122140642e-01
6.322691670576334744e-01
6.322933009819633465e-01
6.323174339853092629e-01
6.323415660677766947e-01
6.323656972294710021e-01
6.323898274704976563e-01
6.324139567909619064e-01
6.324380851909691126e-01
6.324622126706246350e-01
6.324863392300338338e-01
6.325104648693019582e-01
6.325345895885342573e-01
6.325587133878359802e-01
6.325828362673123761e-01
6.326069582270686942e-01
6.326310792672099614e-01
6.326551993878416491e-01
6.326793185890685622e-01
6.327034368709960610e-01
6.327275542337291725e-01
6.327516706773730348e-01
6.327757862020325641e-01
6.327999008078130094e-01
6.328240144948192869e-01
6.328481272631564236e-01
6.328722391129294467e-01
6.328963500442432721e-01
6.329204600572029271e-01
6.329445691519132167e-01
6.329686773284791679e-01
6.329927845870055858e-01
6.330168909275973865e-01
6.330409963503593751e-01
6.330651008553964676e-01
6.330892044428133580e-01
6.331133071127149625e-01
6.331374088652058640e-01
6.331615097003909787e-01
6.331856096183750005e-01
6.332097086192627344e-01
6.332338067031586526e-01
6.332579038701674490e-01
6.332820001203939286e-01
6.333060954539426746e-01
6.333301898709182698e-01
6.333542833714252973e-01
6.333783759555683401e-01
6.334024676234518703e-01
6.334265583751805817e-01
6.334506482108588354e-01
6.334747371305912145e-01
6.334988251344820798e-01
6.335229122226360143e-01
6.335469983951574902e-01
6.335710836521506462e-01
6.335951679937201764e-01
6.336192514199702197e-01
6.336433339310052482e-01
6.336674155269296227e-01
6.336914962078475932e-01
6.337155759738635208e-01
6.337396548250815442e-01
6.337637327616060245e-01
6.337878097835411006e-01
6.338118858909911335e-01
6.338359610840602620e-01
6.338600353628525141e-01
6.338841087274722508e-01
6.339081811780234998e-01
6.339322527146104003e-01
6.339563233373369799e-01
6.339803930463073778e-01
6.340044618416256217e-01
6.340285297233958506e-01
6.340525966917219813e-01
6.340766627467079308e-01
6.341007278884578380e-01
6.341247921170755086e-01
6.341488554326650817e-01
6.341729178353302521e-01
6.341969793251750476e-01
6.342210399023032741e-01
6.342450995668188485e-01
6.342691583188256876e-01
6.342932161584273754e-01
6.343172730857278285e-01
6.343413291008309640e-01
6.343653842038403656e-01
6.343894383948597282e-01
6.344134916739929686e-01
6.344375440413436706e-01
6.344615954970155292e-01
6.344856460411122390e-01
6.345096956737373839e-01
6.345337443949945477e-01
6.345577922049874253e-01
6.345818391038196005e-01
6.346058850915945460e-01
6.346299301684159566e-01
6.346539743343871942e-01
6.346780175896118426e-01
6.347020599341933744e-01
6.347261013682351516e-01
6.347501418918408689e-01
6.347741815051136660e-01
6.347982202081572378e-01
6.348222580010747240e-01
6.348462948839695974e-01
6.348703308569452197e-01
6.348943659201048417e-01
6.349184000735518252e-01
6.349424333173894208e-01
6.349664656517209904e-01
6.349904970766497847e-01
6.350145275922788324e-01
6.350385571987116062e-01
6.350625858960511350e-01
6.350866136844005583e-01
6.351106405638631269e-01
6.351346665345419806e-01
6.351586915965402591e-01
6.351827157499608800e-01
6.352067389949070941e-01
6.352307613314818191e-01
6.352547827597883057e-01
6.352788032799292495e-01
6.353028228920079012e-01
6.353268415961271787e-01
6.353508593923899994e-01
6.353748762808993922e-01
6.353988922617580526e-01
6.354229073350691204e-01
6.354469215009354022e-01
6.354709347594597046e-01
6.354949471107448344e-01
6.355189585548938203e-01
6.355429690920092467e-01
6.355669787221939204e-01
6.355909874455507591e-01
6.356149952621823473e-01
6.356390021721914918e-01
6.356630081756807771e-01
6.356870132727531209e-01
6.357110174635109967e-01
6.357350207480571003e-01
6.357590231264940162e-01
6.357830245989244400e-01
6.358070251654508453e-01
6.358310248261759279e-01
6.358550235812021612e-01
6.358790214306321298e-01
6.359030183745683074e-01
6.359270144131131675e-01
6.359510095463691837e-01
6.359750037744388296e-01
6.359989970974245788e-01
6.360229895154286828e-01
6.360469810285538372e-01
6.360709716369020716e-01
6.360949613405759706e-01
6.361189501396777857e-01
6.361429380343098794e-01
6.361669250245746143e-01
6.361909111105740200e-01
6.362148962924105700e-01
6.362388805701865158e-01
6.362628639440039979e-01
6.362868464139651570e-01
6.363108279801723555e-01
6.363348086427275119e-01
6.363587884017330998e-01
6.363827672572909266e-01
6.364067452095032440e-01
6.364307222584720813e-01
6.364546984042996902e-01
6.364786736470878781e-01
6.365026479869387854e-01
6.365266214239543308e-01
6.365505939582366546e-01
6.365745655898876754e-01
6.365985363190093116e-01
6.366225061457034817e-01
6.366464750700721043e-01
6.366704430922172087e-01
6.366944102122404914e-01
6.367183764302438709e-01
6.367423417463291546e-01
6.367663061605981500e-01
6.367902696731527756e-01
6.368142322840947278e-01
6.368381939935258140e-01
6.368621548015476197e-01
6.368861147082620633e-01
6.369100737137708412e-01
6.369340318181754279e-01
6.369579890215776308e-01
6.369819453240791463e-01
6.370059007257815598e-01
6.370298552267863457e-01
6.370538088271953114e-01
6.370777615271098204e-01
6.371017133266315691e-01
6.371256642258621428e-01
6.371496142249027939e-01
6.371735633238553298e-01
6.371975115228208919e-01
6.372214588219012876e-01
6.372454052211976583e-01
6.372693507208115893e-01
6.372932953208443330e-01
6.373172390213974747e-01
6.373411818225721559e-01
6.373651237244699619e-01
6.373890647271919230e-01
6.374130048308396246e-01
6.374369440355140970e-01
6.374608823413168146e-01
6.374848197483489187e-01
6.375087562567116617e-01
6.375326918665061848e-01
6.375566265778337405e-01
6.375805603907954699e-01
6.376044933054926256e-01
6.376284253220261267e-01
6.376523564404973365e-01
6.376762866610071745e-01
6.377002159836567818e-01
6.377241444085470778e-01
6.377480719357794259e-01
6.377719985654545232e-01
6.377959242976734000e-01
6.378198491325371977e-01
6.378437730701468356e-01
6.378676961106032328e-01
6.378916182540071977e-01
6.379155395004597606e-01
6.379394598500618407e-01
6.379633793029141353e-01
6.379872978591176746e-01
6.380112155187731560e-01
6.380351322819814985e-01
6.380590481488433996e-01
6.380829631194596674e-01
6.381068771939311102e-01
6.381307903723583141e-01
6.381547026548421986e-01
6.381786140414832387e-01
6.382025245323822427e-01
6.382264341276399078e-01
6.382503428273568202e-01
6.382742506316334552e-01
6.382981575405707320e-01
6.383220635542689037e-01
6.383459686728287785e-01
6.383698728963507207e-01
6.383937762249354275e-01
6.384176786586832630e-01
6.384415801976948135e-01
6.384654808420705541e-01
6.384893805919108489e-01
6.385132794473161733e-01
6.385371774083868912e-01
6.385610744752234780e-01
6.385849706479262977e-01
6.386088659265957146e-01
6.386327603113319817e-01
6.386566538022355743e-01
6.386805463994066345e-01
6.387044381029455264e-01
6.387283289129525032e-01
6.387522188295278180e-01
6.387761078527716130e-01
6.387999959827842522e-01
6.388238832196657668e-01
6.388477695635164100e-01
6.388716550144363238e-01
6.388955395725256503e-01
6.389194232378845317e-01
6.389433060106128881e-01
6.389671878908110836e-01
6.389910688785789272e-01
6.390149489740165611e-01
6.390388281772240164e-01
6.390627064883012132e-01
6.390865839073482935e-01
6.391104604344650664e-01
6.391343360697515630e-01
6.391582108133077034e-01
6.391820846652332966e-01
6.392059576256283737e-01
6.392298296945926328e-01
6.392537008722262160e-01
6.392775711586285992e-01
6.393014405538999245e-01
6.393253090581396680e-01
6.393491766714478608e-01
6.393730433939242008e-01
6.393969092256683862e-01
6.394207741667802258e-01
6.394446382173593069e-01
6.394685013775053273e-01
6.394923636473179851e-01
6.395162250268969784e-01
6.395400855163418941e-01
6.395639451157523192e-01
6.395878038252278408e-01
6.396116616448680459e-01
6.396355185747725214e-01
6.396593746150407434e-01
6.396832297657722988e-01
6.397070840270666636e-01
6.397309373990233139e-01
6.397547898817416145e-01
6.397786414753212636e-01
6.398024921798614040e-01
6.398263419954616227e-01
6.398501909222211737e-01
6.398740389602395329e-01
6.398978861096159543e-01
6.399217323704499139e-01
6.399455777428406655e-01
6.399694222268873522e-01
6.399932658226894500e-01
6.400171085303462126e-01
6.400409503499566721e-01
6.400647912816203045e-01
6.400886313254361415e-01
6.401124704815034372e-01
6.401363087499214455e-01
6.401601461307890872e-01
6.401839826242056164e-01
6.402078182302701759e-01
6.402316529490819086e-01
6.402554867807396244e-01
6.402793197253426882e-01
6.403031517829900210e-01
6.403269829537805435e-01
6.403508132378133988e-01
6.403746426351875076e-01
6.403984711460017909e-01
6.404222987703552805e-01
6.404461255083468973e-01
6.404699513600754512e-01
6.404937763256398631e-01
6.405176004051390537e-01
6.405414235986718330e-01
6.405652459063371218e-01
6.405890673282336190e-01
6.406128878644602453e-01
6.406367075151155888e-01
6.406605262802985701e-01
6.406843441601079991e-01
6.407081611546423527e-01
6.407319772640005517e-01
6.407557924882811839e-01
6.407796068275829482e-01
6.408034202820044323e-01
6.408272328516444460e-01
6.408510445366013553e-01
6.408748553369739698e-01
6.408986652528607664e-01
6.409224742843602218e-01
6.409462824315710350e-01
6.409700896945916826e-01
6.409938960735206415e-01
6.410177015684564994e-01
6.410415061794975111e-01
6.410653099067422644e-01
6.410891127502892362e-01
6.411129147102366810e-01
6.411367157866831867e-01
6.411605159797270082e-01
6.411843152894665110e-01
6.412081137159999500e-01
6.412319112594259130e-01
6.412557079198424326e-01
6.412795036973479856e-01
6.413032985920407159e-01
6.413270926040188780e-01
6.413508857333807267e-01
6.413746779802245168e-01
6.413984693446483920e-01
6.414222598267504960e-01
6.414460494266290835e-01
6.414698381443822983e-01
6.414936259801081730e-01
6.415174129339047404e-01
6.415411990058703662e-01
6.415649841961027500e-01
6.415887685047002575e-01
6.416125519317608106e-01
6.416363344773823307e-01
6.416601161416628507e-01
6.416838969247004032e-01
6.417076768265930209e-01
6.417314558474384034e-01
6.417552339873346945e-01
6.417790112463797048e-01
6.418027876246713559e-01
6.418265631223074585e-01
6.418503377393858234e-01
6.418741114760043720e-01
6.418978843322610262e-01
6.419216563082532634e-01
6.419454274040792274e-01
6.419691976198363959e-01
6.419929669556225793e-01
6.420167354115355884e-01
6.420405029876730119e-01
6.420642696841325492e-01
6.420880355010120111e-01
6.421118004384088751e-01
6.421355644964209519e-01
6.421593276751456081e-01
6.421830899746806542e-01
6.422068513951235680e-01
6.422306119365719379e-01
6.422543715991233526e-01
6.422781303828751787e-01
6.423018882879251157e-01
6.423256453143705302e-01
6.423494014623088999e-01
6.423731567318377023e-01
6.423969111230544149e-01
6.424206646360562933e-01
6.424444172709409262e-01
6.424681690278055690e-01
6.424919199067476994e-01
6.425156699078645728e-01
6.425394190312534448e-01
6.425631672770117930e-01
6.425869146452367620e-01
6.426106611360257181e-01
6.426344067494759171e-01
6.426581514856845034e-01
6.426818953447487326e-01
6.427056383267658601e-01
6.427293804318330306e-01
6.427531216600472774e-01
6.427768620115059672e-01
6.428006014863061335e-01
6.428243400845449207e-01
6.428480778063193624e-01
6.428718146517264920e-01
6.428955506208635651e-01
6.429192857138273931e-01
6.429430199307150096e-01
6.429667532716235590e-01
6.429904857366499638e-01
6.430142173258912575e-01
6.430379480394442515e-01
6.430616778774058684e-01
6.430854068398732526e-01
6.431091349269429935e-01
6.431328621387122357e-01
6.431565884752776796e-01
6.431803139367361366e-01
6.432040385231845292e-01
6.432277622347196688e-01
6.432514850714383670e-01
6.432752070334372130e-01
6.432989281208131294e-01
6.433226483336628165e-01
6.433463676720829749e-01
6.433700861361703049e-01
6.433938037260215070e-01
6.434175204417331706e-01
6.434412362834019961e-01
6.434649512511245728e-01
6.434886653449976013e-01
6.435123785651176709e-01
6.435360909115812600e-01
6.435598023844849580e-01
6.435835129839252433e-01
6.436072227099988163e-01
6.436309315628020444e-01
6.436546395424314060e-01
6.436783466489833794e-01
6.437020528825545540e-01
6.437257582432410752e-01
6.437494627311396433e-01
6.437731663463465148e-01
6.437968690889580570e-01
6.438205709590707482e-01
6.438442719567807337e-01
6.438679720821844921e-01
6.438916713353782795e-01
6.439153697164584633e-01
6.439390672255211889e-01
6.439627638626628237e-01
6.439864596279795128e-01
6.440101545215675127e-01
6.440338485435229687e-01
6.440575416939421372e-01
6.440812339729212743e-01
6.441049253805563035e-01
6.441286159169435921e-01
6.441523055821790633e-01
6.441759943763588625e-01
6.441996822995791350e-01
6.442233693519359150e-01
6.442470555335252369e-01
6.442707408444430239e-01
6.442944252847854214e-01
6.443181088546483526e-01
6.443417915541278518e-01
6.443654733833197312e-01
6.443891543423201362e-01
6.444128344312248791e-01
6.444365136501297719e-01
6.444601919991308492e-01
6.444838694783238120e-01
6.445075460878046947e-01
6.445312218276691985e-01
6.445548966980132466e-01
6.445785706989325403e-01
6.446022438305227809e-01
6.446259160928800025e-01
6.446495874860996844e-01
6.446732580102776389e-01
6.446969276655095671e-01
6.447205964518911703e-01
6.447442643695181497e-01
6.447679314184860955e-01
6.447915975988907089e-01
6.448152629108275802e-01
6.448389273543922995e-01
6.448625909296805681e-01
6.448862536367877540e-01
6.449099154758094476e-01
6.449335764468413501e-01
6.449572365499788296e-01
6.449808957853173652e-01
6.450045541529525472e-01
6.450282116529798548e-01
6.450518682854945451e-01
6.450755240505922083e-01
6.450991789483681016e-01
6.451228329789178151e-01
6.451464861423366060e-01
6.451701384387198424e-01
6.451937898681628925e-01
6.452174404307611244e-01
6.452410901266096843e-01
6.452647389558039404e-01
6.452883869184392607e-01
6.453120340146107914e-01
6.453356802444137896e-01
6.453593256079434015e-01
6.453829701052949952e-01
6.454066137365636058e-01
6.454302565018443794e-01
6.454538984012326841e-01
6.454775394348234441e-01
6.455011796027118054e-01
6.455248189049928031e-01
6.455484573417616945e-01
6.455720949131135145e-01
6.455957316191430762e-01
6.456193674599457477e-01
6.456430024356162312e-01
6.456666365462496726e-01
6.456902697919409961e-01
6.457139021727852368e-01
6.457375336888772077e-01
6.457611643403119439e-01
6.457847941271842584e-01
6.458084230495890754e-01
6.458320511076213188e-01
6.458556783013758018e-01
6.458793046309473374e-01
6.459029300964307385e-01
6.459265546979208183e-01
6.459501784355123899e-01
6.459738013093001552e-01
6.459974233193789273e-01
6.460210444658434081e-01
6.460446647487882998e-01
6.460682841683084154e-01
6.460919027244982349e-01
6.461155204174525712e-01
6.461391372472659045e-01
6.461627532140330477e-01
6.461863683178485918e-01
6.462099825588070168e-01
6.462335959370029137e-01
6.462572084525308735e-01
6.462808201054854873e-01
6.463044308959612350e-01
6.463280408240525965e-01
6.463516498898541629e-01
6.463752580934603031e-01
6.463988654349653862e-01
6.464224719144641140e-01
6.464460775320506336e-01
6.464696822878195359e-01
6.464932861818650789e-01
6.465168892142817425e-01
6.465404913851638957e-01
6.465640926946056855e-01
6.465876931427015917e-01
6.466112927295458723e-01
6.466348914552327853e-01
6.466584893198565887e-01
6.466820863235115402e-01
6.467056824662918979e-01
6.467292777482919197e-01
6.467528721696057525e-01
6.467764657303275433e-01
6.468000584305514389e-01
6.468236502703715862e-01
6.468472412498822433e-01
6.468708313691774459e-01
6.468944206283512299e-01
6.469180090274976314e-01
6.469415965667109081e-01
6.469651832460848739e-01
6.469887690657137869e-01
6.470123540256914607e-01
6.470359381261119314e-01
6.470595213670692347e-01
6.470831037486572956e-01
6.471066852709699280e-01
6.471302659341012786e-01
6.471538457381451614e-01
6.471774246831953903e-01
6.472010027693458900e-01
6.472245799966905855e-01
6.472481563653231795e-01
6.472717318753375970e-01
6.472953065268275408e-01
6.473188803198868246e-01
6.473424532546093735e-01
6.473660253310886681e-01
6.473895965494186333e-01
6.474131669096929720e-01
6.474367364120053869e-01
6.474603050564494700e-01
6.474838728431189239e-01
6.475074397721074515e-01
6.475310058435086447e-01
6.475545710574160951e-01
6.475781354139233947e-01
6.476016989131241353e-01
6.476252615551120195e-01
6.476488233399803063e-01
6.476723842678228094e-01
6.476959443387328985e-01
6.477195035528041656e-01
6.477430619101298692e-01
6.477666194108037123e-01
6.477901760549190646e-01
6.478137318425692959e-01
6.478372867738478869e-01
6.478608408488480963e-01
6.478843940676635160e-01
6.479079464303872937e-01
6.479314979371130212e-01
6.479550485879337351e-01
6.479785983829429163e-01
6.480021473222339345e-01
6.480256954058998264e-01
6.480492426340339618e-01
6.480727890067297103e-01
6.480963345240801088e-01
6.481198791861784159e-01
6.481434229931178903e-01
6.481669659449916798e-01
6.481905080418929321e-01
6.482140492839146839e-01
6.482375896711501939e-01
6.482611292036926098e-01
6.482846678816348573e-01
6.483082057050699731e-01
6.483317426740913270e-01
6.483552787887916224e-01
6.483788140492640073e-01
6.484023484556015182e-01
6.484258820078970809e-01
6.484494147062437319e-01
6.484729465507343971e-01
6.484964775414620020e-01
6.485200076785194723e-01
6.485435369619997337e-01
6.485670653919956008e-01
6.485905929685999993e-01
6.486141196919058549e-01
6.486376455620057602e-01
6.486611705789928628e-01
6.486846947429596444e-01
6.487082180539991416e-01
6.487317405122039471e-01
6.487552621176669865e-01
6.487787828704808524e-01
6.488023027707383594e-01
6.488258218185321002e-01
6.488493400139547784e-01
6.488728573570990976e-01
6.488963738480577614e-01
6.489198894869233625e-01
6.489434042737884933e-01
6.489669182087457466e-01
6.489904312918877149e-01
6.490139435233069909e-01
6.490374549030961671e-01
6.490609654313476140e-01
6.490844751081540354e-01
6.491079839336079127e-01
6.491314919078015055e-01
6.491549990308275175e-01
6.491785053027783192e-01
6.492020107237463922e-01
6.492255152938241070e-01
6.492490190131038341e-01
6.492725218816779442e-01
6.492960238996389188e-01
6.493195250670789065e-01
6.493430253840904998e-01
6.493665248507658472e-01
6.493900234671972083e-01
6.494135212334770646e-01
6.494370181496974537e-01
6.494605142159507460e-01
6.494840094323292012e-01
6.495075037989248568e-01
6.495309973158301942e-01
6.495544899831371399e-01
6.495779818009380646e-01
6.496014727693248947e-01
6.496249628883900007e-01
6.496484521582253091e-01
6.496719405789230795e-01
6.496954281505752382e-01
6.497189148732739339e-01
6.497424007471110929e-01
6.497658857721789749e-01
6.497893699485695063e-01
6.498128532763746135e-01
6.498363357556863340e-01
6.498598173865965943e-01
6.498832981691973210e-01
6.499067781035805513e-01
6.499302571898382119e-01
6.499537354280620072e-01
6.499772128183440856e-01
6.500006893607761516e-01
6.500241650554500206e-01
6.500476399024576191e-01
6.500711139018906515e-01
6.500945870538411553e-01
6.501180593584006129e-01
6.501415308156610617e-01
6.501650014257139842e-01
6.501884711886514179e-01
6.502119401045648450e-01
6.502354081735459701e-01
6.502588753956866086e-01
6.502823417710783538e-01
6.503058072998129102e-01
6.503292719819817602e-01
6.503527358176767192e-01
6.503761988069892697e-01
6.503996609500111159e-01
6.504231222468336293e-01
6.504465826975485143e-01
6.504700423022472533e-01
6.504935010610214396e-01
6.505169589739624447e-01
6.505404160411618619e-01
6.505638722627110626e-01
6.505873276387015292e-01
6.506107821692248550e-01
6.506342358543721893e-01
6.506576886942352367e-01
6.506811406889051463e-01
6.507045918384732897e-01
6.507280421430311490e-01
6.507514916026700957e-01
6.507749402174812792e-01
6.507983879875560707e-01
6.508218349129858415e-01
6.508452809938617412e-01
6.508687262302751408e-01
6.508921706223171899e-01
6.509156141700792597e-01
6.509390568736522775e-01
6.509624987331277257e-01
6.509859397485965316e-01
6.510093799201500664e-01
6.510328192478793685e-01
6.510562577318754762e-01
6.510796953722296498e-01
6.511031321690329277e-01
6.511265681223763480e-01
6.511500032323510601e-01
6.511734374990479912e-01
6.511968709225581797e-01
6.512203035029727749e-01
6.512437352403825930e-01
6.512671661348787833e-01
6.512905961865520510e-01
6.513140253954936565e-01
6.513374537617943050e-01
6.513608812855449237e-01
6.513843079668365510e-01
6.514077338057598920e-01
6.514311588024058741e-01
6.514545829568654245e-01
6.514780062692293594e-01
6.515014287395882731e-01
6.515248503680332037e-01
6.515482711546548567e-01
6.515716910995440481e-01
6.515951102027914832e-01
6.516185284644877562e-01
6.516419458847237944e-01
6.516653624635901920e-01
6.516887782011776542e-01
6.517121930975768862e-01
6.517356071528784822e-01
6.517590203671730364e-01
6.517824327405512541e-01
6.518058442731037294e-01
6.518292549649209455e-01
6.518526648160936077e-01
6.518760738267121990e-01
6.518994819968672028e-01
6.519228893266493241e-01
6.519462958161488242e-01
6.519697014654564082e-01
6.519931062746623374e-01
6.520165102438573168e-01
6.520399133731314967e-01
6.520633156625755822e-01
6.520867171122797235e-01
6.521101177223345147e-01
6.521335174928302170e-01
6.521569164238573135e-01
6.521803145155059545e-01
6.522037117678666229e-01
6.522271081810294691e-01
6.522505037550849760e-01
6.522738984901232939e-01
6.522972923862347949e-01
6.523206854435095181e-01
6.523440776620379467e-01
6.523674690419101196e-01
6.523908595832161872e-01
6.524142492860465214e-01
6.524376381504911615e-01
6.524610261766403685e-01
6.524844133645840705e-01
6.525077997144125286e-01
6.525311852262157819e-01
6.525545699000839805e-01
6.525779537361071636e-01
6.526013367343753702e-01
6.526247188949786393e-01
6.526481002180070101e-01
6.526714807035504107e-01
6.526948603516988801e-01
6.527182391625423463e-01
6.527416171361708486e-01
6.527649942726743149e-01
6.527883705721425622e-01
6.528117460346655188e-01
6.528351206603332235e-01
6.528584944492353825e-01
6.528818674014619239e-01
6.529052395171027756e-01
6.529286107962475327e-01
6.529519812389862343e-01
6.529753508454084754e-01
6.529987196156041840e-01
6.530220875496630661e-01
6.530454546476749389e-01
6.530688209097293973e-01
6.530921863359162582e-01
6.531155509263251169e-01
6.531389146810457902e-01
6.531622776001678732e-01
6.531856396837809609e-01
6.532090009319747592e-01
6.532323613448388633e-01
6.532557209224628680e-01
6.532790796649363685e-01
6.533024375723488486e-01
6.533257946447900144e-01
6.533491508823493499e-01
6.533725062851163390e-01
6.533958608531804657e-01
6.534192145866312140e-01
6.534425674855581789e-01
6.534659195500507334e-01
6.534892707801982503e-01
6.535126211760902137e-01
6.535359707378161076e-01
6.535593194654651938e-01
6.535826673591269564e-01
6.536060144188907683e-01
6.536293606448457805e-01
6.536527060370815878e-01
6.536760505956872302e-01
6.536993943207521918e-01
6.537227372123657343e-01
6.537460792706171198e-01
6.537694204955956101e-01
6.537927608873903562e-01
6.538161004460905090e-01
6.538394391717855525e-01
6.538627770645644155e-01
6.538861141245163600e-01
6.539094503517305368e-01
6.539327857462960969e-01
6.539561203083020802e-01
6.539794540378377485e-01
6.540027869349920309e-01
6.540261189998540781e-01
6.540494502325129300e-01
6.540727806330577376e-01
6.540961102015773188e-01
6.541194389381608243e-01
6.541427668428972941e-01
6.541660939158755461e-01
6.541894201571846201e-01
6.542127455669134450e-01
6.542360701451510607e-01
6.542593938919862850e-01
6.542827168075079358e-01
6.543060388918051640e-01
6.543293601449665653e-01
6.543526805670810687e-01
6.543760001582376029e-01
6.543993189185248749e-01
6.544226368480317024e-01
6.544459539468469034e-01
6.544692702150592956e-01
6.544925856527575858e-01
6.545159002600304810e-01
6.545392140369667988e-01
6.545625269836552462e-01
6.545858391001844190e-01
6.546091503866430239e-01
6.546324608431197678e-01
6.546557704697032465e-01
6.546790792664821668e-01
6.547023872335450134e-01
6.547256943709804933e-01
6.547490006788772021e-01
6.547723061573237358e-01
6.547956108064084679e-01
6.548189146262201055e-01
6.548422176168470221e-01
6.548655197783779247e-01
6.548888211109010760e-01
6.549121216145050717e-01
6.549354212892783966e-01
6.549587201353095356e-01
6.549820181526867513e-01
6.550053153414985285e-01
6.550286117018332410e-01
6.550519072337792625e-01
6.550752019374250779e-01
6.550984958128589497e-01
6.551217888601691408e-01
6.551450810794440249e-01
6.551683724707719758e-01
6.551916630342411452e-01
6.552149527699399068e-01
6.552382416779565233e-01
6.552615297583791465e-01
6.552848170112959281e-01
6.553081034367953528e-01
6.553313890349653503e-01
6.553546738058941834e-01
6.553779577496700037e-01
6.554012408663809630e-01
6.554245231561151019e-01
6.554478046189607943e-01
6.554710852550058586e-01
6.554943650643384467e-01
6.555176440470467103e-01
6.555409222032186900e-01
6.555641995329423155e-01
6.555874760363057385e-01
6.556107517133967777e-01
6.556340265643035847e-01
6.556573005891140893e-01
6.556805737879162210e-01
6.557038461607979096e-01
6.557271177078470847e-01
6.557503884291516760e-01
6.557736583247996132e-01
6.557969273948787148e-01
6.558201956394769105e-01
6.558434630586820191e-01
6.558667296525817481e-01
6.558899954212641381e-01
6.559132603648167859e-01
6.559365244833275099e-01
6.559597877768842400e-01
6.559830502455745727e-01
6.560063118894863265e-01
6.560295727087070983e-01
6.560528327033248175e-01
6.560760918734269698e-01
6.560993502191012627e-01
6.561226077404354040e-01
6.561458644375171012e-01
6.561691203104338399e-01
6.561923753592733277e-01
6.562156295841231612e-01
6.562388829850709371e-01
6.562621355622041408e-01
6.562853873156103690e-01
6.563086382453771073e-01
6.563318883515920632e-01
6.563551376343425003e-01
6.563783860937160153e-01
6.564016337298000936e-01
6.564248805426822209e-01
6.564481265324497716e-01
6.564713716991902315e-01
6.564946160429909749e-01
6.565178595639393766e-01
6.565411022621228110e-01
6.565643441376287637e-01
6.565875851905443872e-01
6.566108254209572781e-01
6.566340648289544779e-01
6.566573034146234722e-01
6.566805411780515245e-01
6.567037781193258983e-01
6.567270142385337461e-01
6.567502495357624426e-01
6.567734840110991401e-01
6.567967176646311023e-01
6.568199504964455926e-01
6.568431825066295415e-01
6.568664136952703236e-01
6.568896440624550914e-01
6.569128736082708864e-01
6.569361023328048610e-01
6.569593302361440568e-01
6.569825573183757372e-01
6.570057835795868328e-01
6.570290090198643851e-01
6.570522336392955465e-01
6.570754574379672475e-01
6.570986804159665295e-01
6.571219025733803232e-01
6.571451239102957809e-01
6.571683444267997221e-01
6.571915641229790772e-01
6.572147829989208878e-01
6.572380010547120843e-01
6.572612182904394862e-01
6.572844347061899128e-01
6.573076503020504058e-01
6.573308650781077844e-01
6.573540790344487572e-01
6.573772921711602546e-01
6.574005044883290960e-01
6.574237159860421009e-01
6.574469266643859777e-01
6.574701365234475459e-01
6.574933455633135138e-01
6.575165537840705898e-01
6.575397611858055935e-01
6.575629677686052332e-01
6.575861735325559954e-01
6.576093784777448104e-01
6.576325826042581646e-01
6.576557859121828775e-01
6.576789884016053245e-01
6.577021900726123249e-01
6.577253909252903652e-01
6.577485909597260427e-01
6.577717901760059549e-01
6.577949885742166991e-01
6.578181861544447617e-01
6.578413829167766291e-01
6.578645788612987877e-01
6.578877739880978348e-01
6.579109682972601458e-01
6.579341617888723182e-01
6.579573544630206161e-01
6.579805463197915261e-01
6.580037373592716454e-01
6.580269275815470165e-01
6.580501169867043476e-01
6.580733055748299032e-01
6.580964933460099475e-01
6.581196803003309670e-01
6.581428664378791149e-01
6.581660517587408776e-01
6.581892362630024085e-01
6.582124199507499718e-01
6.582356028220700539e-01
6.582587848770485861e-01
6.582819661157720548e-01
6.583051465383266132e-01
6.583283261447983037e-01
6.583515049352735016e-01
6.583746829098383602e-01
6.583978600685789218e-01
6.584210364115813396e-01
6.584442119389318782e-01
6.584673866507165796e-01
6.584905605470214862e-01
6.585137336279327513e-01
6.585369058935363062e-01
6.585600773439184152e-01
6.585832479791648986e-01
6.586064177993619095e-01
6.586295868045954904e-01
6.586527549949514615e-01
6.586759223705159760e-01
6.586990889313747433e-01
6.587222546776140275e-01
6.587454196093195380e-01
6.587685837265773170e-01
6.587917470294730737e-01
6.588149095180929615e-01
6.588380711925225786e-01
6.588612320528479671e-01
6.588843920991549474e-01
6.589075513315292287e-01
6.589307097500566313e-01
6.589538673548230863e-01
6.589770241459143030e-01
6.590001801234159906e-01
6.590233352874139694e-01
6.590464896379938375e-01
6.590696431752415263e-01
6.590927958992426339e-01
6.591159478100827585e-01
6.591390989078477203e-01
6.591622491926231175e-01
6.591853986644945484e-01
6.592085473235477222e-01
6.592316951698681260e-01
6.592548422035414690e-01
6.592779884246533495e-01
6.593011338332892546e-01
6.593242784295347825e-01
6.593474222134755314e-01
6.593705651851967664e-01
6.593937073447843078e-01
6.594168486923235317e-01
6.594399892278999253e-01
6.594631289515988648e-01
6.594862678635058373e-01
6.595094059637063300e-01
6.595325432522857190e-01
6.595556797293294915e-01
6.595788153949228017e-01
6.596019502491513586e-01
6.596250842921002056e-01
6.596482175238549406e-01
6.596713499445007178e-01
6.596944815541228024e-01
6.597176123528066816e-01
6.597407423406376203e-01
6.597638715177007729e-01
6.597869998840814043e-01
6.598101274398647798e-01
6.598332541851360533e-01
6.598563801199806012e-01
6.598795052444835774e-01
6.599026295587300250e-01
6.599257530628050983e-01
6.599488757567941732e-01
6.599719976407821820e-01
6.599951187148542786e-01
6.600182389790956172e-01
6.600413584335912409e-01
6.600644770784263038e-01
6.600875949136857379e-01
6.601107119394546974e-01
6.601338281558182253e-01
6.601569435628611426e-01
6.601800581606686036e-01
6.602031719493256512e-01
6.602262849289171065e-01
6.602493970995280126e-01
6.602725084612433015e-01
6.602956190141479054e-01
6.603187287583267562e-01
6.603418376938645640e-01
6.603649458208464829e-01
6.603880531393572229e-01
6.604111596494816050e-01
6.604342653513045613e-01
6.604573702449108019e-01
6.604804743303853698e-01
6.605035776078127530e-01
6.605266800772778835e-01
6.605497817388654713e-01
6.605728825926604486e-01
6.605959826387471923e-01
6.606190818772107454e-01
6.606421803081357069e-01
6.606652779316066759e-01
6.606883747477084734e-01
6.607114707565255873e-01
6.607345659581427277e-01
6.607576603526446046e-01
6.607807539401158170e-01
6.608038467206408528e-01
6.608269386943044221e-01
6.608500298611910129e-01
6.608731202213852240e-01
6.608962097749715436e-01
6.609192985220344596e-01
6.609423864626586820e-01
6.609654735969284767e-01
6.609885599249284427e-01
6.610116454467430680e-01
6.610347301624567296e-01
6.610578140721539153e-01
6.610808971759190023e-01
6.611039794738363673e-01
6.611270609659904984e-01
6.611501416524657726e-01
6.611732215333464557e-01
6.611963006087170358e-01
6.612193788786616677e-01
6.612424563432648394e-01
6.612655330026108169e-01
6.612886088567837550e-01
6.613116839058680307e-01
6.613347581499479100e-01
6.613578315891076587e-01
6.613809042234314317e-01
6.614039760530034950e-01
6.614270470779081146e-01
6.614501172982293342e-01
6.614731867140514199e-01
6.614962553254585265e-01
6.615193231325348089e-01
6.615423901353643110e-01
6.615654563340311878e-01
6.615885217286194830e-01
6.616115863192134627e-01
6.616346501058970597e-01
6.616577130887542069e-01
6.616807752678692811e-01
6.617038366433259933e-01
6.617268972152084983e-01
6.617499569836007289e-01
6.617730159485867292e-01
6.617960741102504318e-01
6.618191314686757698e-01
6.618421880239467869e-01
6.618652437761473051e-01
6.618882987253611461e-01
6.619113528716724648e-01
6.619344062151648611e-01
6.619574587559223788e-01
6.619805104940288398e-01
6.620035614295679549e-01
6.620266115626236569e-01
6.620496608932797677e-01
6.620727094216201092e-01
6.620957571477282810e-01
6.621188040716882162e-01
6.621418501935836254e-01
6.621648955134982195e-01
6.621879400315157094e-01
6.622109837477196947e-01
6.622340266621941085e-01
6.622570687750224394e-01
6.622801100862885093e-01
6.623031505960756959e-01
6.623261903044679322e-01
6.623492292115485958e-01
6.623722673174015085e-01
6.623953046221100482e-01
6.624183411257578147e-01
6.624413768284285187e-01
6.624644117302056490e-01
6.624874458311725833e-01
6.625104791314130326e-01
6.625335116310103745e-01
6.625565433300482088e-01
6.625795742286099133e-01
6.626026043267788657e-01
6.626256336246387768e-01
6.626486621222728024e-01
6.626716898197644312e-01
6.626947167171971520e-01
6.627177428146543425e-01
6.627407681122192695e-01
6.627637926099753107e-01
6.627868163080058439e-01
6.628098392063941358e-01
6.628328613052236751e-01
6.628558826045775065e-01
6.628789031045391189e-01
6.629019228051916679e-01
6.629249417066185313e-01
6.629479598089027537e-01
6.629709771121277129e-01
6.629939936163764536e-01
6.630170093217324645e-01
6.630400242282786794e-01
6.630630383360983648e-01
6.630860516452745657e-01
6.631090641558905485e-01
6.631320758680294691e-01
6.631550867817742612e-01
6.631780968972081913e-01
6.632011062144141933e-01
6.632241147334754228e-01
6.632471224544750354e-01
6.632701293774958540e-01
6.632931355026209230e-01
6.633161408299335093e-01
6.633391453595163245e-01
6.633621490914524133e-01
6.633851520258248202e-01
6.634081541627164791e-01
6.634311555022103235e-01
6.634541560443891761e-01
6.634771557893360816e-01
6.635001547371338626e-01
6.635231528878653418e-01
6.635461502416135637e-01
6.635691467984612402e-01
6.635921425584911937e-01
6.636151375217863579e-01
6.636381316884294446e-01
6.636611250585032762e-01
6.636841176320906754e-01
6.637071094092742429e-01
6.637301003901370233e-01
6.637530905747613952e-01
6.637760799632304032e-01
6.637990685556265369e-01
6.638220563520326190e-01
6.638450433525312500e-01
6.638680295572051415e-01
6.638910149661368942e-01
6.639139995794092197e-01
6.639369833971046075e-01
6.639599664193058803e-01
6.639829486460954167e-01
6.640059300775559281e-01
6.640289107137697933e-01
6.640518905548198347e-01
6.640748696007884311e-01
6.640978478517581829e-01
6.641208253078114687e-01
6.641438019690307781e-01
6.641667778354988227e-01
6.641897529072978701e-01
6.642127271845102987e-01
6.642357006672188202e-01
6.642586733555055911e-01
6.642816452494531010e-01
6.643046163491438394e-01
6.643275866546600739e-01
6.643505561660841829e-01
6.643735248834985452e-01
6.643964928069855391e-01
6.644194599366273213e-01
6.644424262725063812e-01
6.644653918147049865e-01
6.644883565633054046e-01
6.645113205183897920e-01
6.645342836800405273e-01
6.645572460483397670e-01
6.645802076233697786e-01
6.646031684052127186e-01
6.646261283939508546e-01
6.646490875896663431e-01
6.646720459924413404e-01
6.646950036023580033e-01
6.647179604194984881e-01
6.647409164439448404e-01
6.647638716757792166e-01
6.647868261150837732e-01
6.648097797619404448e-01
6.648327326164314988e-01
6.648556846786387586e-01
6.648786359486444919e-01
6.649015864265305220e-01
6.649245361123790055e-01
6.649474850062718767e-01
6.649704331082910702e-01
6.649933804185186315e-01
6.650163269370364949e-01
6.650392726639265950e-01
6.650622175992708662e-01
6.650851617431512430e-01
6.651081050956495488e-01
6.651310476568476071e-01
6.651539894268274633e-01
6.651769304056709409e-01
6.651998705934597522e-01
6.652228099902758318e-01
6.652457485962010031e-01
6.652686864113169785e-01
6.652916234357055814e-01
6.653145596694485242e-01
6.653374951126277415e-01
6.653604297653248345e-01
6.653833636276215158e-01
6.654062966995994977e-01
6.654292289813406036e-01
6.654521604729263240e-01
6.654750911744384823e-01
6.654980210859587908e-01
6.655209502075687400e-01
6.655438785393499312e-01
6.655668060813841880e-01
6.655897328337528895e-01
6.656126587965377484e-01
6.656355839698203658e-01
6.656585083536821212e-01
6.656814319482047271e-01
6.657043547534697847e-01
6.657272767695585625e-01
6.657501979965527728e-01
6.657731184345336839e-01
6.657960380835830083e-01
6.658189569437821254e-01
6.658418750152125254e-01
6.658647922979554767e-01
6.658877087920924698e-01
6.659106244977051059e-01
6.659335394148744314e-01
6.659564535436821586e-01
6.659793668842093339e-01
6.660022794365375587e-01
6.660251912007481012e-01
6.660481021769222298e-01
6.660710123651412129e-01
6.660939217654865407e-01
6.661168303780392597e-01
6.661397382028807490e-01
6.661626452400922771e-01
6.661855514897550012e-01
6.662084569519501898e-01
6.662313616267591110e-01
6.662542655142628112e-01
6.662771686145426697e-01
6.663000709276796218e-01
6.663229724537550469e-01
6.663458731928498802e-01
6.663687731450453899e-01
6.663916723104227335e-01
6.664145706890628462e-01
6.664374682810468853e-01
6.664603650864558970e-01
6.664832611053709277e-01
6.665061563378731346e-01
6.665290507840433420e-01
6.665519444439628183e-01
6.665748373177122765e-01
6.665977294053729851e-01
6.666206207070257683e-01
6.666435112227515614e-01
6.666664009526312995e-01
6.666892898967460290e-01
6.667121780551765742e-01
6.667350654280038702e-01
6.667579520153087413e-01
6.667808378171722339e-01
6.668037228336749500e-01
6.668266070648979360e-01
6.668494905109220161e-01
6.668723731718279035e-01
6.668952550476964225e-01
6.669181361386085083e-01
6.669410164446447631e-01
6.669638959658860111e-01
6.669867747024130766e-01
6.670096526543065618e-01
6.670325298216472909e-01
6.670554062045158661e-01
6.670782818029931116e-01
6.671011566171596296e-01
6.671240306470961334e-01
6.671469038928833362e-01
6.671697763546016180e-01
6.671926480323319142e-01
6.672155189261546049e-01
6.672383890361505143e-01
6.672612583623999116e-01
6.672841269049837321e-01
6.673069946639822447e-01
6.673298616394760518e-01
6.673527278315458666e-01
6.673755932402719582e-01
6.673984578657349287e-01
6.674213217080153804e-01
6.674441847671935824e-01
6.674670470433501368e-01
6.674899085365654239e-01
6.675127692469198237e-01
6.675356291744939385e-01
6.675584883193680374e-01
6.675813466816225006e-01
6.676042042613378191e-01
6.676270610585941512e-01
6.676499170734720989e-01
6.676727723060518205e-01
6.676956267564135850e-01
6.677184804246379946e-01
6.677413333108049853e-01
6.677641854149950484e-01
6.677870367372884530e-01
6.678098872777654682e-01
6.678327370365061411e-01
6.678555860135909628e-01
6.678784342090999804e-01
6.679012816231133520e-01
6.679241282557113468e-01
6.679469741069742339e-01
6.679698191769819493e-01
6.679926634658147622e-01
6.680155069735528306e-01
6.680383497002763127e-01
6.680611916460651445e-01
6.680840328109994841e-01
6.681068731951593787e-01
6.681297127986249862e-01
6.681525516214763538e-01
6.681753896637934176e-01
6.681982269256562246e-01
6.682210634071448219e-01
6.682438991083392565e-01
6.682667340293193536e-01
6.682895681701651602e-01
6.683124015309566124e-01
6.683352341117737572e-01
6.683580659126963086e-01
6.683808969338044248e-01
6.684037271751778198e-01
6.684265566368964295e-01
6.684493853190400792e-01
6.684722132216887047e-01
6.684950403449221312e-01
6.685178666888201837e-01
6.685406922534626872e-01
6.685635170389294668e-01
6.685863410453002365e-01
6.686091642726547102e-01
6.686319867210728241e-01
6.686548083906342921e-01
6.686776292814187173e-01
6.687004493935059246e-01
6.687232687269756282e-01
6.687460872819075419e-01
6.687689050583811579e-01
6.687917220564764120e-01
6.688145382762727964e-01
6.688373537178500250e-01
6.688601683812875898e-01
6.688829822666652047e-01
6.689057953740624729e-01
6.689286077035589972e-01
6.689514192552343808e-01
6.689742300291680044e-01
6.689970400254394711e-01
6.690198492441284950e-01
6.690426576853144569e-01
6.690654653490767378e-01
6.690882722354950518e-01
6.691110783446487797e-01
6.691338836766173026e-01
6.691566882314802234e-01
6.691794920093169230e-01
6.692022950102067824e-01
6.692250972342291826e-01
6.692478986814636155e-01
6.692706993519893510e-01
6.692934992458858812e-01
6.693162983632324758e-01
6.693390967041085160e-01
6.693618942685932716e-01
6.693846910567662345e-01
6.694074870687064527e-01
6.694302823044933071e-01
6.694530767642061786e-01
6.694758704479241151e-01
6.694986633557266087e-01
6.695214554876927071e-01
6.695442468439017913e-01
6.695670374244329093e-01
6.695898272293653308e-01
6.696126162587782149e-01
6.696354045127507204e-01
6.696581919913620062e-01
6.696809786946912313e-01
6.697037646228174435e-01
6.697265497758199126e-01
6.697493341537775757e-01
6.697721177567697026e-01
6.697949005848751192e-01
6.698176826381730953e-01
6.698404639167424568e-01
6.698632444206624736e-01
6.698860241500120827e-01
6.699088031048702208e-01
6.699315812853159358e-01
6.699543586914281645e-01
6.699771353232859550e-01
6.699999111809681329e-01
6.700226862645537462e-01
6.700454605741216207e-01
6.700682341097508044e-01
6.700910068715200119e-01
6.701137788595082911e-01
6.701365500737944680e-01
6.701593205144572574e-01
6.701820901815757070e-01
6.702048590752286428e-01
6.702276271954946685e-01
6.702503945424528320e-01
6.702731611161817371e-01
6.702959269167602097e-01
6.703186919442670755e-01
6.703414561987810494e-01
6.703642196803808462e-01
6.703869823891452917e-01
6.704097443251528787e-01
6.704325054884825441e-01
6.704552658792127806e-01
6.704780254974224141e-01
6.705007843431899373e-01
6.705235424165941760e-01
6.705462997177136231e-01
6.705690562466268823e-01
6.705918120034126684e-01
6.706145669881494742e-01
6.706373212009159035e-01
6.706600746417905601e-01
6.706828273108519367e-01
6.707055792081786372e-01
6.707283303338491542e-01
6.707510806879419807e-01
6.707738302705356093e-01
6.707965790817084217e-01
6.708193271215391329e-01
6.708420743901060135e-01
6.708648208874875563e-01
6.708875666137622540e-01
6.709103115690083774e-01
6.709330557533044193e-01
6.709557991667287613e-01
6.709785418093597853e-01
6.710012836812758730e-01
6.710240247825552951e-01
6.710467651132765443e-01
6.710695046735177804e-01
6.710922434633573852e-01
6.711149814828736293e-01
6.711377187321447835e-01
6.711604552112492295e-01
6.711831909202650159e-01
6.712059258592706357e-01
6.712286600283441373e-01
6.712513934275639027e-01
6.712741260570078694e-01
6.712968579167545302e-01
6.713195890068818228e-01
6.713423193274680179e-01
6.713650488785913861e-01
6.713877776603297542e-01
6.714105056727616150e-01
6.714332329159647950e-01
6.714559593900174539e-01
6.714786850949977515e-01
6.715014100309837364e-01
6.715241341980534573e-01
6.715468575962849629e-01
6.715695802257563019e-01
6.715923020865455229e-01
6.716150231787304525e-01
6.716377435023892506e-01
6.716604630575999657e-01
6.716831818444403135e-01
6.717058998629884536e-01
6.717286171133222128e-01
6.717513335955196396e-01
6.717740493096585608e-01
6.717967642558169139e-01
6.718194784340725256e-01
6.718421918445032226e-01
6.718649044871870535e-01
6.718876163622017339e-01
6.719103274696252015e-01
6.719330378095350609e-01
6.719557473820093607e-01
6.719784561871258166e-01
6.720011642249621442e-01
6.720238714955961701e-01
6.720465779991056099e-01
6.720692837355682903e-01
6.720919887050619268e-01
6.721146929076641241e-01
6.721373963434527088e-01
6.721600990125052855e-01
6.721828009148994587e-01
6.722055020507131662e-01
6.722282024200237904e-01
6.722509020229091581e-01
6.722736008594467627e-01
6.722962989297142089e-01
6.723189962337892123e-01
6.723416927717492664e-01
6.723643885436719758e-01
6.723870835496348342e-01
6.724097777897154460e-01
6.724324712639914159e-01
6.724551639725401264e-01
6.724778559154391822e-01
6.725005470927660767e-01
6.725232375045981925e-01
6.725459271510131343e-01
6.725686160320881735e-01
6.725913041479009147e-01
6.726139914985287405e-01
6.726366780840491444e-01
6.726593639045392869e-01
6.726820489600767727e-01
6.727047332507389843e-01
6.727274167766030821e-01
6.727500995377466708e-01
6.727727815342469109e-01
6.727954627661811848e-01
6.728181432336268752e-01
6.728408229366611426e-01
6.728635018753612584e-01
6.728861800498047163e-01
6.729088574600685657e-01
6.729315341062300782e-01
6.729542099883666362e-01
6.729768851065552893e-01
6.729995594608733089e-01
6.730222330513978557e-01
6.730449058782060900e-01
6.730675779413752835e-01
6.730902492409825966e-01
6.731129197771050787e-01
6.731355895498198905e-01
6.731582585592040813e-01
6.731809268053349227e-01
6.732035942882892421e-01
6.732262610081444221e-01
6.732489269649774011e-01
6.732715921588651176e-01
6.732942565898847320e-01
6.733169202581131829e-01
6.733395831636276307e-01
6.733622453065049029e-01
6.733849066868221600e-01
6.734075673046562294e-01
6.734302271600840495e-01
6.734528862531827809e-01
6.734755445840291399e-01
6.734982021527000651e-01
6.735208589592726058e-01
6.735435150038235896e-01
6.735661702864298439e-01
6.735888248071683071e-01
6.736114785661158066e-01
6.736341315633491700e-01
6.736567837989452245e-01
6.736794352729807978e-01
6.737020859855327171e-01
6.737247359366778099e-01
6.737473851264927927e-01
6.737700335550544928e-01
6.737926812224395157e-01
6.738153281287247998e-01
6.738379742739869505e-01
6.738606196583026842e-01
6.738832642817487173e-01
6.739059081444018773e-01
6.739285512463385475e-01
6.739511935876356663e-01
6.739738351683697282e-01
6.739964759886174495e-01
6.740191160484554356e-01
6.740417553479602919e-01
6.740643938872085128e-01
6.740870316662768147e-01
6.741096686852418030e-01
6.741323049441799720e-01
6.741549404431678161e-01
6.741775751822819407e-01
6.742002091615988402e-01
6.742228423811951199e-01
6.742454748411471632e-01
6.742681065415314645e-01
6.742907374824244071e-01
6.743133676639027074e-01
6.743359970860425268e-01
6.743586257489204705e-01
6.743812536526129220e-01
6.744038807971963756e-01
6.744265071827469926e-01
6.744491328093413784e-01
6.744717576770556944e-01
6.744943817859665458e-01
6.745170051361500940e-01
6.745396277276826114e-01
6.745622495606407032e-01
6.745848706351003088e-01
6.746074909511380335e-01
6.746301105088299277e-01
6.746527293082523746e-01
6.746753473494816467e-01
6.746979646325939051e-01
6.747205811576654222e-01
6.747431969247724703e-01
6.747658119339910998e-01
6.747884261853975829e-01
6.748110396790680809e-01
6.748336524150788662e-01
6.748562643935058780e-01
6.748788756144253886e-01
6.749014860779135594e-01
6.749240957840464405e-01
6.749467047329001934e-01
6.749693129245507572e-01
6.749919203590742933e-01
6.750145270365469630e-01
6.750371329570445944e-01
6.750597381206434600e-01
6.750823425274193879e-01
6.751049461774485394e-01
6.751275490708068538e-01
6.751501512075702705e-01
6.751727525878147285e-01
6.751953532116163892e-01
6.752179530790509698e-01
6.752405521901946317e-01
6.752631505451229810e-01
6.752857481439122900e-01
6.753083449866381649e-01
6.753309410733766560e-01
6.753535364042035916e-01
6.753761309791947998e-01
6.753987247984261089e-01
6.754213178619734581e-01
6.754439101699125647e-01
6.754665017223192569e-01
6.754890925192692519e-01
6.755116825608386000e-01
6.755342718471027963e-01
6.755568603781376691e-01
6.755794481540190466e-01
6.756020351748225350e-01
6.756246214406238515e-01
6.756472069514989354e-01
6.756697917075231707e-01
6.756923757087724969e-01
6.757149589553224089e-01
6.757375414472485131e-01
6.757601231846266376e-01
6.757827041675323887e-01
6.758052843960412615e-01
6.758278638702289731e-01
6.758504425901710189e-01
6.758730205559430049e-01
6.758955977676205373e-01
6.759181742252792224e-01
6.759407499289944443e-01
6.759633248788418092e-01
6.759858990748969232e-01
6.760084725172351705e-01
6.760310452059320463e-01
6.760536171410630457e-01
6.760761883227037750e-01
6.760987587509295071e-01
6.761213284258157374e-01
6.761438973474378500e-01
6.761664655158713400e-01
6.761890329311915915e-01
6.762115995934739887e-01
6.762341655027939158e-01
6.762567306592266458e-01
6.762792950628476740e-01
6.763018587137323845e-01
6.763244216119558283e-01
6.763469837575936117e-01
6.763695451507207856e-01
6.763921057914128454e-01
6.764146656797450641e-01
6.764372248157924927e-01
6.764597831996306265e-01
6.764823408313346276e-01
6.765048977109796580e-01
6.765274538386409908e-01
6.765500092143937882e-01
6.765725638383133234e-01
6.765951177104746472e-01
6.766176708309530330e-01
6.766402231998235317e-01
6.766627748171614165e-01
6.766853256830416274e-01
6.767078757975395487e-01
6.767304251607300092e-01
6.767529737726882821e-01
6.767755216334893076e-01
6.767980687432082476e-01
6.768206151019201533e-01
6.768431607097000757e-01
6.768657055666229549e-01
6.768882496727638420e-01
6.769107930281977881e-01
6.769333356329997331e-01
6.769558774872446172e-01
6.769784185910074914e-01
6.770009589443632958e-01
6.770234985473868594e-01
6.770460374001532333e-01
6.770685755027373576e-01
6.770911128552140612e-01
6.771136494576581732e-01
6.771361853101446338e-01
6.771587204127483828e-01
6.771812547655441383e-01
6.772037883686068405e-01
6.772263212220113182e-01
6.772488533258322896e-01
6.772713846801446946e-01
6.772939152850231403e-01
6.773164451405425668e-01
6.773389742467776919e-01
6.773615026038032338e-01
6.773840302116939105e-01
6.774065570705245509e-01
6.774290831803698731e-01
6.774516085413044841e-01
6.774741331534031019e-01
6.774966570167404445e-01
6.775191801313911188e-01
6.775417024974297320e-01
6.775642241149311129e-01
6.775867449839697576e-01
6.776092651046202731e-01
6.776317844769573773e-01
6.776543031010554552e-01
6.776768209769893359e-01
6.776993381048334042e-01
6.777218544846622672e-01
6.777443701165504208e-01
6.777668850005725831e-01
6.777893991368030280e-01
6.778119125253163624e-01
6.778344251661870823e-01
6.778569370594896837e-01
6.778794482052986625e-01
6.779019586036882927e-01
6.779244682547332923e-01
6.779469771585079352e-01
6.779694853150866063e-01
6.779919927245436906e-01
6.780144993869537950e-01
6.780370053023910826e-01
6.780595104709300491e-01
6.780820148926449686e-01
6.781045185676101150e-01
6.781270214959000953e-01
6.781495236775889612e-01
6.781720251127510979e-01
6.781945258014608902e-01
6.782170257437925009e-01
6.782395249398202042e-01
6.782620233896183848e-01
6.782845210932610946e-01
6.783070180508227187e-01
6.783295142623775309e-01
6.783520097279995831e-01
6.783745044477630382e-01
6.783969984217422811e-01
6.784194916500113637e-01
6.784419841326444489e-01
6.784644758697156997e-01
6.784869668612991678e-01
6.785094571074691272e-01
6.785319466082996298e-01
6.785544353638647275e-01
6.785769233742384721e-01
6.785994106394950265e-01
6.786218971597085536e-01
6.786443829349528833e-01
6.786668679653020675e-01
6.786893522508302690e-01
6.787118357916114286e-01
6.787343185877195983e-01
6.787568006392287190e-01
6.787792819462127314e-01
6.788017625087456874e-01
6.788242423269014170e-01
6.788467214007539718e-01
6.788691997303771819e-01
6.788916773158450990e-01
6.789141541572315530e-01
6.789366302546103737e-01
6.789591056080553910e-01
6.789815802176406567e-01
6.790040540834400007e-01
6.790265272055271417e-01
6.790489995839759096e-01
6.790714712188602453e-01
6.790939421102537565e-01
6.791164122582304952e-01
6.791388816628640690e-01
6.791613503242283079e-01
6.791838182423968195e-01
6.792062854174435449e-01
6.792287518494422027e-01
6.792512175384664008e-01
6.792736824845898580e-01
6.792961466878862931e-01
6.793186101484295358e-01
6.793410728662929721e-01
6.793635348415504316e-01
6.793859960742755222e-01
6.794084565645419627e-01
6.794309163124232498e-01
6.794533753179931024e-01
6.794758335813250172e-01
6.794982911024926020e-01
6.795207478815694646e-01
6.795432039186291018e-01
6.795656592137452323e-01
6.795881137669911309e-01
6.796105675784406275e-01
6.796330206481668856e-01
6.796554729762437352e-01
6.796779245627444510e-01
6.797003754077425297e-01
6.797228255113115791e-01
6.797452748735248740e-01
6.797677234944559110e-01
6.797901713741781871e-01
6.798126185127650878e-01
6.798350649102898879e-01
6.798575105668261953e-01
6.798799554824471736e-01
6.799023996572264306e-01
6.799248430912370189e-01
6.799472857845525464e-01
6.799697277372462878e-01
6.799921689493914068e-01
6.800146094210612890e-01
6.800370491523294314e-01
6.800594881432687755e-01
6.800819263939528181e-01
6.801043639044547229e-01
6.801268006748477646e-01
6.801492367052052179e-01
6.801716719956002466e-01
6.801941065461061253e-01
6.802165403567960178e-01
6.802389734277429767e-01
6.802614057590203878e-01
6.802838373507013037e-01
6.803062682028588881e-01
6.803286983155661938e-01
6.803511276888964954e-01
6.803735563229228456e-01
6.803959842177184081e-01
6.804184113733561245e-01
6.804408377899091587e-01
6.804632634674505631e-01
6.804856884060533906e-01
6.805081126057906937e-01
6.805305360667354142e-01
6.805529587889607157e-01
6.805753807725395399e-01
6.805978020175449394e-01
6.806202225240497450e-01
6.806426422921270092e-01
6.806650613218496737e-01
6.806874796132906802e-01
6.807098971665230813e-01
6.807323139816195967e-01
6.807547300586532790e-01
6.807771453976969589e-01
6.807995599988234670e-01
6.808219738621058559e-01
6.808443869876168453e-01
6.808667993754292658e-01
6.808892110256160590e-01
6.809116219382499446e-01
6.809340321134038643e-01
6.809564415511504265e-01
6.809788502515625730e-01
6.810012582147131344e-01
6.810236654406746082e-01
6.810460719295200471e-01
6.810684776813220598e-01
6.810908826961532547e-01
6.811132869740865736e-01
6.811356905151946250e-01
6.811580933195500176e-01
6.811804953872255819e-01
6.812028967182939265e-01
6.812252973128276601e-01
6.812476971708993911e-01
6.812700962925819503e-01
6.812924946779478352e-01
6.813148923270695434e-01
6.813372892400197944e-01
6.813596854168711969e-01
6.813820808576963595e-01
6.814044755625676686e-01
6.814268695315578439e-01
6.814492627647392720e-01
6.814716552621846724e-01
6.814940470239663206e-01
6.815164380501569363e-01
6.815388283408289061e-01
6.815612178960547274e-01
6.815836067159067868e-01
6.816059948004576929e-01
6.816283821497798323e-01
6.816507687639455915e-01
6.816731546430273569e-01
6.816955397870976263e-01
6.817179241962286751e-01
6.817403078704930008e-01
6.817626908099629901e-01
6.817850730147109184e-01
6.818074544848091723e-01
6.818298352203301382e-01
6.818522152213459808e-01
6.818745944879291976e-01
6.818969730201519530e-01
6.819193508180865226e-01
6.819417278818054040e-01
6.819641042113805396e-01
6.819864798068844269e-01
6.820088546683892305e-01
6.820312287959671149e-01
6.820536021896904666e-01
6.820759748496312280e-01
6.820983467758617858e-01
6.821207179684543043e-01
6.821430884274809481e-01
6.821654581530138817e-01
6.821878271451251585e-01
6.822101954038869431e-01
6.822325629293715110e-01
6.822549297216508046e-01
6.822772957807968774e-01
6.822996611068820050e-01
6.823220256999781297e-01
6.823443895601573050e-01
6.823667526874916955e-01
6.823891150820532436e-01
6.824114767439141138e-01
6.824338376731460265e-01
6.824561978698212572e-01
6.824785573340117484e-01
6.825009160657894425e-01
6.825232740652262819e-01
6.825456313323942092e-01
6.825679878673652778e-01
6.825903436702113192e-01
6.826126987410043867e-01
6.826350530798162008e-01
6.826574066867188151e-01
6.826797595617839498e-01
6.827021117050836585e-01
6.827244631166897726e-01
6.827468137966740125e-01
6.827691637451083206e-01
6.827915129620645285e-01
6.828138614476144674e-01
6.828362092018298579e-01
6.828585562247825314e-01
6.828809025165443192e-01
6.829032480771869418e-01
6.829255929067821196e-01
6.829479370054016840e-01
6.829702803731173555e-01
6.829926230100007434e-01
6.830149649161236791e-01
6.830373060915578831e-01
6.830596465363748537e-01
6.830819862506464224e-01
6.831043252344443095e-01
6.831266634878400135e-01
6.831490010109052546e-01
6.831713378037116424e-01
6.831936738663307862e-01
6.832160091988342954e-01
6.832383438012937793e-01
6.832606776737808474e-01
6.832830108163669980e-01
6.833053432291237295e-01
6.833276749121227622e-01
6.833500058654355946e-01
6.833723360891336140e-01
6.833946655832884298e-01
6.834169943479715403e-01
6.834393223832544439e-01
6.834616496892086390e-01
6.834839762659055129e-01
6.835063021134165639e-01
6.835286272318131795e-01
6.835509516211668579e-01
6.835732752815489865e-01
6.835955982130309527e-01
6.836179204156841438e-01
6.836402418895800581e-01
6.836625626347899720e-01
6.836848826513851618e-01
6.837072019394371258e-01
6.837295204990171404e-01
6.837518383301965930e-01
6.837741554330466487e-01
6.837964718076386950e-01
6.838187874540440081e-01
6.838411023723339754e-01
6.838634165625796513e-01
6.838857300248524229e-01
6.839080427592235667e-01
6.839303547657642479e-01
6.839526660445456319e-01
6.839749765956391059e-01
6.839972864191157242e-01
6.840195955150466522e-01
6.840419038835031662e-01
6.840642115245563204e-01
6.840865184382773911e-01
6.841088246247373217e-01
6.841311300840074994e-01
6.841534348161588674e-01
6.841757388212624802e-01
6.841980420993896139e-01
6.842203446506112119e-01
6.842426464749984394e-01
6.842649475726222397e-01
6.842872479435537780e-01
6.843095475878639977e-01
6.843318465056238420e-01
6.843541446969045872e-01
6.843764421617769544e-01
6.843987389003121091e-01
6.844210349125809945e-01
6.844433301986545537e-01
6.844656247586036191e-01
6.844879185924993559e-01
6.845102117004125963e-01
6.845325040824142837e-01
6.845547957385752502e-01
6.845770866689664391e-01
6.845993768736586826e-01
6.846216663527229240e-01
6.846439551062299955e-01
6.846662431342508404e-01
6.846885304368560687e-01
6.847108170141167349e-01
6.847331028661035601e-01
6.847553879928873766e-01
6.847776723945389055e-01
6.847999560711289790e-01
6.848222390227284295e-01
6.848445212494078671e-01
6.848668027512381240e-01
6.848890835282900325e-01
6.849113635806340916e-01
6.849336429083411337e-01
6.849559215114818800e-01
6.849781993901270516e-01
6.850004765443471477e-01
6.850227529742131116e-01
6.850450286797953314e-01
6.850673036611645284e-01
6.850895779183914236e-01
6.851118514515466273e-01
6.851341242607006388e-01
6.851563963459240680e-01
6.851786677072876364e-01
6.852009383448617319e-01
6.852232082587170758e-01
6.852454774489240563e-01
6.852677459155533946e-01
6.852900136586754787e-01
6.853122806783609189e-01
6.853345469746802143e-01
6.853568125477037531e-01
6.853790773975021455e-01
6.854013415241457796e-01
6.854236049277050435e-01
6.854458676082505475e-01
6.854681295658526796e-01
6.854903908005818280e-01
6.855126513125084919e-01
6.855349111017029484e-01
6.855571701682355856e-01
6.855794285121769027e-01
6.856016861335971768e-01
6.856239430325667961e-01
6.856461992091560376e-01
6.856684546634354005e-01
6.856907093954750509e-01
6.857129634053453771e-01
6.857352166931166559e-01
6.857574692588590537e-01
6.857797211026430695e-01
6.858019722245388694e-01
6.858242226246166195e-01
6.858464723029467081e-01
6.858687212595993010e-01
6.858909694946445645e-01
6.859132170081528868e-01
6.859354638001942117e-01
6.859577098708388165e-01
6.859799552201569783e-01
6.860021998482187522e-01
6.860244437550944152e-01
6.860466869408539115e-01
6.860689294055675180e-01
6.860911711493052900e-01
6.861134121721372825e-01
6.861356524741337726e-01
6.861578920553647043e-01
6.861801309159001327e-01
6.862023690558101130e-01
6.862246064751648111e-01
6.862468431740341712e-01
6.862690791524882483e-01
6.862913144105969865e-01
6.863135489484305518e-01
6.863357827660587773e-01
6.863580158635516071e-01
6.863802482409792072e-01
6.864024798984114106e-01
6.864247108359182725e-01
6.864469410535695149e-01
6.864691705514353037e-01
6.864913993295853611e-01
6.865136273880896312e-01
6.865358547270180578e-01
6.865580813464404741e-01
6.865803072464268242e-01
6.866025324270469410e-01
6.866247568883705465e-01
6.866469806304676959e-01
6.866692036534080001e-01
6.866914259572612922e-01
6.867136475420975161e-01
6.867358684079862829e-01
6.867580885549975367e-01
6.867803079832009994e-01
6.868025266926663930e-01
6.868247446834634395e-01
6.868469619556618611e-01
6.868691785093313795e-01
6.868913943445418280e-01
6.869136094613627064e-01
6.869358238598639588e-01
6.869580375401149741e-01
6.869802505021855854e-01
6.870024627461454036e-01
6.870246742720641508e-01
6.870468850800113270e-01
6.870690951700566540e-01
6.870913045422696319e-01
6.871135131967199827e-01
6.871357211334772064e-01
6.871579283526108028e-01
6.871801348541906052e-01
6.872023406382858912e-01
6.872245457049662720e-01
6.872467500543013585e-01
6.872689536863606508e-01
6.872911566012135376e-01
6.873133587989297411e-01
6.873355602795785391e-01
6.873577610432294316e-01
6.873799610899519186e-01
6.874021604198155000e-01
6.874243590328894538e-01
6.874465569292435019e-01
6.874687541089467002e-01
6.874909505720687708e-01
6.875131463186788805e-01
6.875353413488466403e-01
6.875575356626411061e-01
6.875797292601319999e-01
6.876019221413883775e-01
6.876241143064797390e-01
6.876463057554753622e-01
6.876684964884445250e-01
6.876906865054566165e-01
6.877128758065808034e-01
6.877350643918865858e-01
6.877572522614430195e-01
6.877794394153194935e-01
6.878016258535851746e-01
6.878238115763093408e-01
6.878459965835612699e-01
6.878681808754100180e-01
6.878903644519249738e-01
6.879125473131753044e-01
6.879347294592300655e-01
6.879569108901585350e-01
6.879790916060297690e-01
6.880012716069130452e-01
6.880234508928774195e-01
6.880456294639921699e-01
6.880678073203261302e-01
6.880899844619485783e-01
6.881121608889286811e-01
6.881343366013353835e-01
6.881565115992377413e-01
6.881786858827050324e-01
6.882008594518059796e-01
6.882230323066098610e-01
6.882452044471856212e-01
6.882673758736023162e-01
6.882895465859288908e-01
6.883117165842344010e-01
6.883338858685877915e-01
6.883560544390580072e-01
6.883782222957139929e-01
6.884003894386248046e-01
6.884225558678592760e-01
6.884447215834864631e-01
6.884668865855750886e-01
6.884890508741942083e-01
6.885112144494126563e-01
6.885333773112993772e-01
6.885555394599230938e-01
6.885777008953528622e-01
6.885998616176574050e-01
6.886220216269055561e-01
6.886441809231661493e-01
6.886663395065081295e-01
6.886884973770001084e-01
6.887106545347110309e-01
6.887328109797095088e-01
6.887549667120644870e-01
6.887771217318446881e-01
6.887992760391188352e-01
6.888214296339556508e-01
6.888435825164238580e-01
6.888657346865921793e-01
6.888878861445293378e-01
6.889100368903040561e-01
6.889321869239849461e-01
6.889543362456407305e-01
6.889764848553400212e-01
6.889986327531515409e-01
6.890207799391439014e-01
6.890429264133857146e-01
6.890650721759454811e-01
6.890872172268920348e-01
6.891093615662938765e-01
6.891315051942196179e-01
6.891536481107376488e-01
6.891757903159168031e-01
6.891979318098254703e-01
6.892200725925321514e-01
6.892422126641054581e-01
6.892643520246140021e-01
6.892864906741260622e-01
6.893086286127103612e-01
6.893307658404351779e-01
6.893529023573691239e-01
6.893750381635805891e-01
6.893971732591380741e-01
6.894193076441100798e-01
6.894414413185648849e-01
6.894635742825709901e-01
6.894857065361967852e-01
6.895078380795106598e-01
6.895299689125811149e-01
6.895520990354763180e-01
6.895742284482647699e-01
6.895963571510148604e-01
6.896184851437947572e-01
6.896406124266729609e-01
6.896627389997177504e-01
6.896848648629974043e-01
6.897069900165803125e-01
6.897291144605345314e-01
6.897512381949285620e-01
6.897733612198306830e-01
6.897954835353089509e-01
6.898176051414317556e-01
6.898397260382672647e-01
6.898618462258837569e-01
6.898839657043494000e-01
6.899060844737323617e-01
6.899282025341009206e-01
6.899503198855232444e-01
6.899724365280675009e-01
6.899945524618017467e-01
6.900166676867941495e-01
6.900387822031129881e-01
6.900608960108262080e-01
6.900830091100019770e-01
6.901051215007084627e-01
6.901272331830137219e-01
6.901493441569858112e-01
6.901714544226927872e-01
6.901935639802027067e-01
6.902156728295837373e-01
6.902377809709037138e-01
6.902598884042308036e-01
6.902819951296329526e-01
6.903041011471782173e-01
6.903262064569346546e-01
6.903483110589699878e-01
6.903704149533524959e-01
6.903925181401499023e-01
6.904146206194303748e-01
6.904367223912616369e-01
6.904588234557117454e-01
6.904809238128485349e-01
6.905030234627399510e-01
6.905251224054539394e-01
6.905472206410583347e-01
6.905693181696209715e-01
6.905914149912097955e-01
6.906135111058925302e-01
6.906356065137371214e-01
6.906577012148115147e-01
6.906797952091832116e-01
6.907018884969202688e-01
6.907239810780904099e-01
6.907460729527614696e-01
6.907681641210011714e-01
6.907902545828772389e-01
6.908123443384575069e-01
6.908344333878096988e-01
6.908565217310014273e-01
6.908786093681006379e-01
6.909006962991748324e-01
6.909227825242918453e-01
6.909448680435192891e-01
6.909669528569248875e-01
6.909890369645762531e-01
6.910111203665412205e-01
6.910332030628871802e-01
6.910552850536818559e-01
6.910773663389928601e-01
6.910994469188879163e-01
6.911215267934345263e-01
6.911436059627004136e-01
6.911656844267528577e-01
6.911877621856598042e-01
6.912098392394885327e-01
6.912319155883066557e-01
6.912539912321817859e-01
6.912760661711814247e-01
6.912981404053730738e-01
6.913202139348241237e-01
6.913422867596022980e-01
6.913643588797748762e-01
6.913864302954094709e-01
6.914085010065734727e-01
6.914305710133343830e-01
6.914526403157595924e-01
6.914747089139164915e-01
6.914967768078726928e-01
6.915188439976953649e-01
6.915409104834520093e-01
6.915629762652099055e-01
6.915850413430366661e-01
6.916071057169994596e-01
6.916291693871657875e-01
6.916512323536028184e-01
6.916732946163780538e-01
6.916953561755586621e-01
6.917174170312120340e-01
6.917394771834055600e-01
6.917615366322062975e-01
6.917835953776817481e-01
6.918056534198990803e-01
6.918277107589255737e-01
6.918497673948285076e-01
6.918718233276750507e-01
6.918938785575324824e-01
6.919159330844678601e-01
6.919379869085486856e-01
6.919600400298419052e-01
6.919820924484147984e-01
6.920041441643345337e-01
6.920261951776682796e-01
6.920482454884830936e-01
6.920702950968462552e-01
6.920923440028248219e-01
6.921143922064859622e-01
6.921364397078966224e-01
6.921584865071240822e-01
6.921805326042353990e-01
6.922025779992976302e-01
6.922246226923777224e-01
6.922466666835429550e-01
6.922687099728601634e-01
6.922907525603965162e-01
6.923127944462189598e-01
6.923348356303945517e-01
6.923568761129902382e-01
6.923789158940730770e-01
6.924009549737100144e-01
6.924229933519679969e-01
6.924450310289139709e-01
6.924670680046149940e-01
6.924891042791379014e-01
6.925111398525497508e-01
6.925331747249172665e-01
6.925552088963073949e-01
6.925772423667870825e-01
6.925992751364232758e-01
6.926213072052828101e-01
6.926433385734324100e-01
6.926653692409391327e-01
6.926873992078697029e-01
6.927094284742909558e-01
6.927314570402697269e-01
6.927534849058728517e-01
6.927755120711670545e-01
6.927975385362191707e-01
6.928195643010960358e-01
6.928415893658643743e-01
6.928636137305909104e-01
6.928856373953423686e-01
6.929076603601855844e-01
6.929296826251871710e-01
6.929517041904139640e-01
6.929737250559325767e-01
6.929957452218096225e-01
6.930177646881120479e-01
6.930397834549062441e-01
6.930618015222590467e-01
6.930838188902370689e-01
6.931058355589068132e-01
6.931278515283351149e-01
6.931498667985884765e-01
6.931718813697336223e-01
6.931938952418369437e-01
6.932159084149652761e-01
6.932379208891848998e-01
6.932599326645626503e-01
6.932819437411650298e-01
6.933039541190584298e-01
6.933259637983094636e-01
6.933479727789847447e-01
6.933699810611507752e-01
6.933919886448739467e-01
6.934139955302207614e-01
6.934360017172578328e-01
6.934580072060514411e-01
6.934800119966681997e-01
6.935020160891745000e-01
6.935240194836368444e-01
6.935460221801216241e-01
6.935680241786951195e-01
6.935900254794239439e-01
6.936120260823743777e-01
6.936340259876129233e-01
6.936560251952057499e-01
6.936780237052194709e-01
6.937000215177202556e-01
6.937220186327744953e-01
6.937440150504484704e-01
6.937660107708086832e-01
6.937880057939213030e-01
6.938100001198527211e-01
6.938319937486691069e-01
6.938539866804368517e-01
6.938759789152221247e-01
6.938979704530912063e-01
6.939199612941104878e-01
6.939419514383461385e-01
6.939639408858642167e-01
6.939859296367312247e-01
6.940079176910131098e-01
6.940299050487762633e-01
6.940518917100867435e-01
6.940738776750107197e-01
6.940958629436144722e-01
6.941178475159641703e-01
6.941398313921258723e-01
6.941618145721656363e-01
6.941837970561497428e-01
6.942057788441442501e-01
6.942277599362152163e-01
6.942497403324288108e-01
6.942717200328509808e-01
6.942936990375480066e-01
6.943156773465857245e-01
6.943376549600304148e-01
6.943596318779479137e-01
6.943816081004043905e-01
6.944035836274657925e-01
6.944255584591981778e-01
6.944475325956674938e-01
6.944695060369396877e-01
6.944914787830809288e-01
6.945134508341569424e-01
6.945354221902337866e-01
6.945573928513775197e-01
6.945793628176539780e-01
6.946013320891289977e-01
6.946233006658686371e-01
6.946452685479387323e-01
6.946672357354052307e-01
6.946892022283338575e-01
6.947111680267907818e-01
6.947331331308415070e-01
6.947550975405522022e-01
6.947770612559885928e-01
6.947990242772164038e-01
6.948209866043015825e-01
6.948429482373099653e-01
6.948649091763071661e-01
6.948868694213592434e-01
6.949088289725317003e-01
6.949307878298905949e-01
6.949527459935014306e-01
6.949747034634300435e-01
6.949966602397422699e-01
6.950186163225037239e-01
6.950405717117801307e-01
6.950625264076372156e-01
6.950844804101408148e-01
6.951064337193563203e-01
6.951283863353496795e-01
6.951503382581863955e-01
6.951722894879320824e-01
6.951942400246525766e-01
6.952161898684134922e-01
6.952381390192802213e-01
6.952600874773186002e-01
6.952820352425942430e-01
6.953039823151725418e-01
6.953259286951193330e-01
6.953478743825000086e-01
6.953698193773800718e-01
6.953917636798253588e-01
6.954137072899011507e-01
6.954356502076730617e-01
6.954575924332065950e-01
6.954795339665672538e-01
6.955014748078206521e-01
6.955234149570321822e-01
6.955453544142673472e-01
6.955672931795915392e-01
6.955892312530703725e-01
6.956111686347691281e-01
6.956331053247533092e-01
6.956550413230884189e-01
6.956769766298397384e-01
6.956989112450727708e-01
6.957208451688529083e-01
6.957427784012455430e-01
6.957647109423160670e-01
6.957866427921296504e-01
6.958085739507519074e-01
6.958305044182481192e-01
6.958524341946835667e-01
6.958743632801235313e-01
6.958962916746334049e-01
6.959182193782785797e-01
6.959401463911241148e-01
6.959620727132355134e-01
6.959839983446778344e-01
6.960059232855165812e-01
6.960278475358168127e-01
6.960497710956439210e-01
6.960716939650630763e-01
6.960936161441394487e-01
6.961155376329383193e-01
6.961374584315248581e-01
6.961593785399642353e-01
6.961812979583216210e-01
6.962032166866622962e-01
6.962251347250513200e-01
6.962470520735538626e-01
6.962689687322350940e-01
6.962908847011601843e-01
6.963127999803940815e-01
6.963347145700020668e-01
6.963566284700491993e-01
6.963785416806004269e-01
6.964004542017210309e-01
6.964223660334759591e-01
6.964442771759303819e-01
6.964661876291492471e-01
6.964880973931976138e-01
6.965100064681404302e-01
6.965319148540428662e-01
6.965538225509698700e-01
6.965757295589863896e-01
6.965976358781574840e-01
6.966195415085479903e-01
6.966414464502230786e-01
6.966633507032475858e-01
6.966852542676864601e-01
6.967071571436046495e-01
6.967290593310671021e-01
6.967509608301387658e-01
6.967728616408843667e-01
6.967947617633689639e-01
6.968166611976575053e-01
6.968385599438146061e-01
6.968604580019054362e-01
6.968823553719946107e-01
6.969042520541470775e-01
6.969261480484275628e-01
6.969480433549011256e-01
6.969699379736323808e-01
6.969918319046861654e-01
6.970137251481273166e-01
6.970356177040205603e-01
6.970575095724307335e-01
6.970794007534225623e-01
6.971012912470608835e-01
6.971231810534102014e-01
6.971450701725354637e-01
6.971669586045013967e-01
6.971888463493726151e-01
6.972107334072138451e-01
6.972326197780897017e-01
6.972545054620650218e-01
6.972763904592044204e-01
6.972982747695725125e-01
6.973201583932340242e-01
6.973420413302534593e-01
6.973639235806956549e-01
6.973858051446250039e-01
6.974076860221063434e-01
6.974295662132040663e-01
6.974514457179827875e-01
6.974733245365072332e-01
6.974952026688419071e-01
6.975170801150514244e-01
6.975389568752000669e-01
6.975608329493527826e-01
6.975827083375737425e-01
6.976045830399276726e-01
6.976264570564789658e-01
6.976483303872922370e-01
6.976702030324317683e-01
6.976920749919622855e-01
6.977139462659481817e-01
6.977358168544538497e-01
6.977576867575437936e-01
6.977795559752824062e-01
6.978014245077341915e-01
6.978232923549634314e-01
6.978451595170346300e-01
6.978670259940122911e-01
6.978888917859605856e-01
6.979107568929440175e-01
6.979326213150268687e-01
6.979544850522735322e-01
6.979763481047485119e-01
6.979982104725158676e-01
6.980200721556402144e-01
6.980419331541856121e-01
6.980637934682164536e-01
6.980856530977971319e-01
6.981075120429919290e-01
6.981293703038649046e-01
6.981512278804805627e-01
6.981730847729030742e-01
6.981949409811966101e-01
6.982167965054255632e-01
6.982386513456541044e-01
6.982605055019462936e-01
6.982823589743665238e-01
6.983042117629789658e-01
6.983260638678477905e-01
6.983479152890371688e-01
6.983697660266111606e-01
6.983916160806340478e-01
6.984134654511700013e-01
6.984353141382830810e-01
6.984571621420374576e-01
6.984790094624971912e-01
6.985008560997263416e-01
6.985227020537891907e-01
6.985445473247496873e-01
6.985663919126720023e-01
6.985882358176199736e-01
6.986100790396579940e-01
6.986319215788497905e-01
6.986537634352596449e-01
6.986756046089513950e-01
6.986974450999892117e-01
6.987192849084370438e-01
6.987411240343588403e-01
6.987629624778186610e-01
6.987848002388803437e-01
6.988066373176080592e-01
6.988284737140656455e-01
6.988503094283169403e-01
6.988721444604261146e-01
6.988939788104570061e-01
6.989158124784734527e-01
6.989376454645394032e-01
6.989594777687186955e-01
6.989813093910753894e-01
6.990031403316732117e-01
6.990249705905761113e-01
6.990468001678478149e-01
6.990686290635523825e-01
6.990904572777534298e-01
6.991122848105149057e-01
6.991341116619005369e-01
6.991559378319742724e-01
6.991777633207997278e-01
6.991995881284409631e-01
6.992214122549613720e-01
6.992432357004251253e-01
6.992650584648956169e-01
6.992868805484369066e-01
6.993087019511124991e-01
6.993305226729861213e-01
6.993523427141217219e-01
6.993741620745828058e-01
6.993959807544330998e-01
6.994177987537363306e-01
6.994396160725562250e-01
6.994614327109562879e-01
6.994832486690002460e-01
6.995050639467519371e-01
6.995268785442746440e-01
6.995486924616323154e-01
6.995705056988883452e-01
6.995923182561065712e-01
6.996141301333502760e-01
6.996359413306832975e-01
6.996577518481692515e-01
6.996795616858714206e-01
6.997013708438536428e-01
6.997231793221793117e-01
6.997449871209120431e-01
6.997667942401153418e-01
6.997886006798527125e-01
6.998104064401876601e-01
6.998322115211836891e-01
6.998540159229043045e-01
6.998758196454128999e-01
6.998976226887730911e-01
6.999194250530482719e-01
6.999412267383019470e-01
6.999630277445973991e-01
6.999848280719981330e-01
7.000066277205676535e-01
7.000284266903692432e-01
7.000502249814664069e-01
7.000720225939224273e-01
7.000938195278008092e-01
7.001156157831648352e-01
7.001374113600778992e-01
7.001592062586032839e-01
7.001810004788044939e-01
7.002027940207445900e-01
7.002245868844871879e-01
7.002463790700954593e-01
7.002681705776326870e-01
7.002899614071621537e-01
7.003117515587472530e-01
7.003335410324511567e-01
7.003553298283371475e-01
7.003771179464685082e-01
7.003989053869084103e-01
7.004206921497200256e-01
7.004424782349668588e-01
7.004642636427118596e-01
7.004860483730183107e-01
7.005078324259493838e-01
7.005296158015683616e-01
7.005513984999381938e-01
7.005731805211223850e-01
7.005949618651837740e-01
7.006167425321856435e-01
7.006385225221910540e-01
7.006603018352632883e-01
7.006820804714652962e-01
7.007038584308602491e-01
7.007256357135113189e-01
7.007474123194814553e-01
7.007691882488337187e-01
7.007909635016312810e-01
7.008127380779372029e-01
7.008345119778144339e-01
7.008562852013261457e-01
7.008780577485351770e-01
7.008998296195046995e-01
7.009216008142976628e-01
7.009433713329771276e-01
7.009651411756059325e-01
7.009869103422471381e-01
7.010086788329638052e-01
7.010304466478187724e-01
7.010522137868749892e-01
7.010739802501954054e-01
7.010957460378429706e-01
7.011175111498806345e-01
7.011392755863713466e-01
7.011610393473778347e-01
7.011828024329631592e-01
7.012045648431900480e-01
7.012263265781214505e-01
7.012480876378203165e-01
7.012698480223492625e-01
7.012916077317713492e-01
7.013133667661494153e-01
7.013351251255460772e-01
7.013568828100242847e-01
7.013786398196468763e-01
7.014003961544765797e-01
7.014221518145761225e-01
7.014439068000084543e-01
7.014656611108360806e-01
7.014874147471219512e-01
7.015091677089287936e-01
7.015309199963193354e-01
7.015526716093561932e-01
7.015744225481022056e-01
7.015961728126199892e-01
7.016179224029722716e-01
7.016396713192217804e-01
7.016614195614311322e-01
7.016831671296629436e-01
7.017049140239800531e-01
7.017266602444449664e-01
7.017484057911202999e-01
7.017701506640687814e-01
7.017918948633529164e-01
7.018136383890354324e-01
7.018353812411788351e-01
7.018571234198457409e-01
7.018788649250987666e-01
7.019006057570004176e-01
7.019223459156133105e-01
7.019440854009998398e-01
7.019658242132228443e-01
7.019875623523444963e-01
7.020092998184276345e-01
7.020310366115345424e-01
7.020527727317278366e-01
7.020745081790700226e-01
7.020962429536234950e-01
7.021179770554507593e-01
7.021397104846143211e-01
7.021614432411765749e-01
7.021831753252000263e-01
7.022049067367470698e-01
7.022266374758801000e-01
7.022483675426616223e-01
7.022700969371539204e-01
7.022918256594193886e-01
7.023135537095205327e-01
7.023352810875196361e-01
7.023570077934792044e-01
7.023787338274614100e-01
7.024004591895286476e-01
7.024221838797433115e-01
7.024439078981675744e-01
7.024656312448640527e-01
7.024873539198948080e-01
7.025090759233221238e-01
7.025307972552085056e-01
7.025525179156160149e-01
7.025742379046069352e-01
7.025959572222436611e-01
7.026176758685884760e-01
7.026393938437034414e-01
7.026611111476508409e-01
7.026828277804928469e-01
7.027045437422918539e-01
7.027262590331099235e-01
7.027479736530093390e-01
7.027696876020521621e-01
7.027914008803005652e-01
7.028131134878168318e-01
7.028348254246630233e-01
7.028565366909014234e-01
7.028782472865939823e-01
7.028999572118028727e-01
7.029216664665902670e-01
7.029433750510182266e-01
7.029650829651489241e-01
7.029867902090443099e-01
7.030084967827665565e-01
7.030302026863777254e-01
7.030519079199398780e-01
7.030736124835150758e-01
7.030953163771652692e-01
7.031170196009525197e-01
7.031387221549388888e-01
7.031604240391864380e-01
7.031821252537570066e-01
7.032038257987127672e-01
7.032255256741155591e-01
7.032472248800274439e-01
7.032689234165103720e-01
7.032906212836261828e-01
7.033123184814369377e-01
7.033340150100045873e-01
7.033557108693909710e-01
7.033774060596580391e-01
7.033991005808677421e-01
7.034207944330819195e-01
7.034424876163624107e-01
7.034641801307711662e-01
7.034858719763700252e-01
7.035075631532209384e-01
7.035292536613856340e-01
7.035509435009259516e-01
7.035726326719038415e-01
7.035943211743809211e-01
7.036160090084191410e-01
7.036376961740803404e-01
7.036593826714262478e-01
7.036810685005185917e-01
7.037027536614192114e-01
7.037244381541898353e-01
7.037461219788921918e-01
7.037678051355881204e-01
7.037894876243393494e-01
7.038111694452074962e-01
7.038328505982542893e-01
7.038545310835415680e-01
7.038762109011308388e-01
7.038978900510839409e-01
7.039195685334624919e-01
7.039412463483281091e-01
7.039629234957425208e-01
7.039845999757673445e-01
7.040062757884643085e-01
7.040279509338949193e-01
7.040496254121207942e-01
7.040712992232036616e-01
7.040929723672049168e-01
7.041146448441863992e-01
7.041363166542095042e-01
7.041579877973359602e-01
7.041796582736271626e-01
7.042013280831447286e-01
7.042229972259502757e-01
7.042446657021053102e-01
7.042663335116712275e-01
7.042880006547097560e-01
7.043096671312821799e-01
7.043313329414501167e-01
7.043529980852750727e-01
7.043746625628184432e-01
7.043963263741418457e-01
7.044179895193065644e-01
7.044396519983741056e-01
7.044613138114059758e-01
7.044829749584635703e-01
7.045046354396081734e-01
7.045262952549014024e-01
7.045479544044045417e-01
7.045696128881790976e-01
7.045912707062862435e-01
7.046129278587875966e-01
7.046345843457443303e-01
7.046562401672178400e-01
7.046778953232696319e-01
7.046995498139607683e-01
7.047212036393528667e-01
7.047428567995069892e-01
7.047645092944846423e-01
7.047861611243468882e-01
7.048078122891552333e-01
7.048294627889709618e-01
7.048511126238552471e-01
7.048727617938692624e-01
7.048944102990744032e-01
7.049160581395319536e-01
7.049377053153029760e-01
7.049593518264488656e-01
7.049809976730306849e-01
7.050026428551097180e-01
7.050242873727472492e-01
7.050459312260042299e-01
7.050675744149420554e-01
7.050892169396217879e-01
7.051108588001044897e-01
7.051324999964515561e-01
7.051541405287239384e-01
7.051757803969828098e-01
7.051974196012893437e-01
7.052190581417046022e-01
7.052406960182896478e-01
7.052623332311056537e-01
7.052839697802135710e-01
7.053056056656746842e-01
7.053272408875498334e-01
7.053488754459001919e-01
7.053705093407868221e-01
7.053921425722707861e-01
7.054137751404129242e-01
7.054354070452744097e-01
7.054570382869163048e-01
7.054786688653994497e-01
7.055002987807847958e-01
7.055219280331336273e-01
7.055435566225065624e-01
7.055651845489647744e-01
7.055868118125692146e-01
7.056084384133806120e-01
7.056300643514601401e-01
7.056516896268686390e-01
7.056733142396670599e-01
7.056949381899162432e-01
7.057165614776770290e-01
7.057381841030104797e-01
7.057598060659773243e-01
7.057814273666384031e-01
7.058030480050547784e-01
7.058246679812870683e-01
7.058462872953963352e-01
7.058679059474431972e-01
7.058895239374884945e-01
7.059111412655931783e-01
7.059327579318180890e-01
7.059543739362237336e-01
7.059759892788711744e-01
7.059976039598210296e-01
7.060192179791341394e-01
7.060408313368712330e-01
7.060624440330930396e-01
7.060840560678603994e-01
7.061056674412339307e-01
7.061272781532743625e-01
7.061488882040423132e-01
7.061704975935987338e-01
7.061921063220041317e-01
7.062137143893192359e-01
7.062353217956046647e-01
7.062569285409211473e-01
7.062785346253293017e-01
7.063001400488897463e-01
7.063217448116632102e-01
7.063433489137103116e-01
7.063649523550915577e-01
7.063865551358675665e-01
7.064081572560990674e-01
7.064297587158465674e-01
7.064513595151705738e-01
7.064729596541318157e-01
7.064945591327906893e-01
7.065161579512078127e-01
7.065377561094438041e-01
7.065593536075590597e-01
7.065809504456141976e-01
7.066025466236697250e-01
7.066241421417861490e-01
7.066457370000238658e-01
7.066673311984434935e-01
7.066889247371055394e-01
7.067105176160702884e-01
7.067321098353982478e-01
7.067537013951500358e-01
7.067752922953859374e-01
7.067968825361663487e-01
7.068184721175518881e-01
7.068400610396028405e-01
7.068616493023794911e-01
7.068832369059424581e-01
7.069048238503520265e-01
7.069264101356684815e-01
7.069479957619524413e-01
7.069695807292639689e-01
7.069911650376635714e-01
7.070127486872116451e-01
7.070343316779683640e-01
7.070559140099941242e-01
7.070774956833492109e-01
7.070990766980940201e-01
7.071206570542887260e-01
7.071422367519936136e-01
7.071638157912690792e-01
7.071853941721752967e-01
7.072069718947725514e-01
7.072285489591211283e-01
7.072501253652810904e-01
7.072717011133129450e-01
7.072932762032766441e-01
7.073148506352325837e-01
7.073364244092408271e-01
7.073579975253616592e-01
7.073795699836552542e-01
7.074011417841816751e-01
7.074227129270013181e-01
7.074442834121741353e-01
7.074658532397603006e-01
7.074874224098199882e-01
7.075089909224133722e-01
7.075305587776005156e-01
7.075521259754415926e-01
7.075736925159965551e-01
7.075952583993255773e-01
7.076168236254888333e-01
7.076383881945462750e-01
7.076599521065579657e-01
7.076815153615840792e-01
7.077030779596844567e-01
7.077246399009193834e-01
7.077462011853487001e-01
7.077677618130324699e-01
7.077893217840307560e-01
7.078108810984035104e-01
7.078324397562106851e-01
7.078539977575123432e-01
7.078755551023683257e-01
7.078971117908388067e-01
7.079186678229836271e-01
7.079402231988626282e-01
7.079617779185359838e-01
7.079833319820634241e-01
7.080048853895049010e-01
7.080264381409203667e-01
7.080479902363696620e-01
7.080695416759127392e-01
7.080910924596094391e-01
7.081126425875197139e-01
7.081341920597032935e-01
7.081557408762201300e-01
7.081772890371300644e-01
7.081988365424928267e-01
7.082203833923683689e-01
7.082419295868165321e-01
7.082634751258969352e-01
7.082850200096696414e-01
7.083065642381941585e-01
7.083281078115304386e-01
7.083496507297382117e-01
7.083711929928773188e-01
7.083927346010073789e-01
7.084142755541882330e-01
7.084358158524796112e-01
7.084573554959411323e-01
7.084788944846326375e-01
7.085004328186137457e-01
7.085219704979442978e-01
7.085435075226838020e-01
7.085650438928920991e-01
7.085865796086286972e-01
7.086081146699534372e-01
7.086296490769258272e-01
7.086511828296055970e-01
7.086727159280523658e-01
7.086942483723257524e-01
7.087157801624852649e-01
7.087373112985907442e-01
7.087588417807015873e-01
7.087803716088775241e-01
7.088019007831780627e-01
7.088234293036627109e-01
7.088449571703911989e-01
7.088664843834229234e-01
7.088880109428175036e-01
7.089095368486345583e-01
7.089310621009333735e-01
7.089525866997736792e-01
7.089741106452149833e-01
7.089956339373166827e-01
7.090171565761382855e-01
7.090386785617392995e-01
7.090601998941792328e-01
7.090817205735174822e-01
7.091032405998135557e-01
7.091247599731268503e-01
7.091462786935168738e-01
7.091677967610430233e-01
7.091893141757645846e-01
7.092108309377411768e-01
7.092323470470320856e-01
7.092538625036967082e-01
7.092753773077945523e-01
7.092968914593847929e-01
7.093184049585269380e-01
7.093399178052801624e-01
7.093614299997040851e-01
7.093829415418578810e-01
7.094044524318008360e-01
7.094259626695923471e-01
7.094474722552918111e-01
7.094689811889582920e-01
7.094904894706512977e-01
7.095119971004300030e-01
7.095335040783538050e-01
7.095550104044817674e-01
7.095765160788732873e-01
7.095980211015876504e-01
7.096195254726839208e-01
7.096410291922214952e-01
7.096625322602595487e-01
7.096840346768572561e-01
7.097055364420739032e-01
7.097270375559685540e-01
7.097485380186004944e-01
7.097700378300288993e-01
7.097915369903128324e-01
7.098130354995115798e-01
7.098345333576843164e-01
7.098560305648899948e-01
7.098775271211879012e-01
7.098990230266370993e-01
7.099205182812966530e-01
7.099420128852258483e-01
7.099635068384836378e-01
7.099850001411290856e-01
7.100064927932213665e-01
7.100279847948194334e-01
7.100494761459824611e-01
7.100709668467694025e-01
7.100924568972394324e-01
7.101139462974513927e-01
7.101354350474644583e-01
7.101569231473376931e-01
7.101784105971299388e-01
7.101998973969002593e-01
7.102213835467076075e-01
7.102428690466110472e-01
7.102643538966695314e-01
7.102858380969420127e-01
7.103073216474873330e-01
7.103288045483645563e-01
7.103502867996326353e-01
7.103717684013504119e-01
7.103932493535768389e-01
7.104147296563708691e-01
7.104362093097913444e-01
7.104576883138972176e-01
7.104791666687472196e-01
7.105006443744004141e-01
7.105221214309155320e-01
7.105435978383515261e-01
7.105650735967671272e-01
7.105865487062212882e-01
7.106080231667727398e-01
7.106294969784804350e-01
7.106509701414029934e-01
7.106724426555993679e-01
7.106939145211282893e-01
7.107153857380484885e-01
7.107368563064189182e-01
7.107583262262980872e-01
7.107797954977450594e-01
7.108012641208183435e-01
7.108227320955766704e-01
7.108441994220789928e-01
7.108656661003838195e-01
7.108871321305499924e-01
7.109085975126361312e-01
7.109300622467009667e-01
7.109515263328031187e-01
7.109729897710013180e-01
7.109944525613542954e-01
7.110159147039206706e-01
7.110373761987590635e-01
7.110588370459280938e-01
7.110802972454864923e-01
7.111017567974927678e-01
7.111232157020056510e-01
7.111446739590836508e-01
7.111661315687853868e-01
7.111875885311694789e-01
7.112090448462944359e-01
7.112305005142189884e-01
7.112519555350015343e-01
7.112734099087006934e-01
7.112948636353749743e-01
7.113163167150828858e-01
7.113377691478831588e-01
7.113592209338340799e-01
7.113806720729942690e-01
7.114021225654221237e-01
7.114235724111762638e-01
7.114450216103150870e-01
7.114664701628972132e-01
7.114879180689808180e-01
7.115093653286246322e-01
7.115308119418870536e-01
7.115522579088263688e-01
7.115737032295011977e-01
7.115951479039698269e-01
7.116165919322907651e-01
7.116380353145222992e-01
7.116594780507229379e-01
7.116809201409509678e-01
7.117023615852648977e-01
7.117238023837229033e-01
7.117452425363836044e-01
7.117666820433050656e-01
7.117881209045459068e-01
7.118095591201641925e-01
7.118309966902184316e-01
7.118524336147669107e-01
7.118738698938679166e-01
7.118953055275797359e-01
7.119167405159606554e-01
7.119381748590689618e-01
7.119596085569629418e-01
7.119810416097007710e-01
7.120024740173408473e-01
7.120239057799413462e-01
7.120453368975605546e-01
7.120667673702566480e-01
7.120881971980878022e-01
7.121096263811123039e-01
7.121310549193882178e-01
7.121524828129739415e-01
7.121739100619275398e-01
7.121953366663072993e-01
7.122167626261711737e-01
7.122381879415775607e-01
7.122596126125844140e-01
7.122810366392500203e-01
7.123024600216323332e-01
7.123238827597896394e-01
7.123453048537800036e-01
7.123667263036616015e-01
7.123881471094923867e-01
7.124095672713305349e-01
7.124309867892341108e-01
7.124524056632611790e-01
7.124738238934698042e-01
7.124952414799180511e-01
7.125166584226639843e-01
7.125380747217655575e-01
7.125594903772808353e-01
7.125809053892678824e-01
7.126023197577847634e-01
7.126237334828892100e-01
7.126451465646395089e-01
7.126665590030935027e-01
7.126879707983092560e-01
7.127093819503446115e-01
7.127307924592576338e-01
7.127522023251061656e-01
7.127736115479481604e-01
7.127950201278416831e-01
7.128164280648445761e-01
7.128378353590146821e-01
7.128592420104100658e-01
7.128806480190884587e-01
7.129020533851078145e-01
7.129234581085259759e-01
7.129448621894008964e-01
7.129662656277904187e-01
7.129876684237522744e-01
7.130090705773445281e-01
7.130304720886248004e-01
7.130518729576510450e-01
7.130732731844811045e-01
7.130946727691725995e-01
7.131160717117834835e-01
7.131374700123715993e-01
7.131588676709946784e-01
7.131802646877103413e-01
7.132016610625765418e-01
7.132230567956510114e-01
7.132444518869914818e-01
7.132658463366555734e-01
7.132872401447012400e-01
7.133086333111859911e-01
7.133300258361677804e-01
7.133514177197040063e-01
7.133728089618526225e-01
7.133941995626712496e-01
7.134155895222175081e-01
7.134369788405490187e-01
7.134583675177236239e-01
7.134797555537988334e-01
7.135011429488323786e-01
7.135225297028818803e-01
7.135439158160049589e-01
7.135653012882591240e-01
7.135866861197021072e-01
7.136080703103915290e-01
7.136294538603848991e-01
7.136508367697399491e-01
7.136722190385139664e-01
7.136936006667647936e-01
7.137149816545499403e-01
7.137363620019268051e-01
7.137577417089531195e-01
7.137791207756862821e-01
7.138004992021839135e-01
7.138218769885034121e-01
7.138432541347023985e-01
7.138646306408383824e-01
7.138860065069687622e-01
7.139073817331510474e-01
7.139287563194426367e-01
7.139501302659011506e-01
7.139715035725839876e-01
7.139928762395485462e-01
7.140142482668523360e-01
7.140356196545527556e-01
7.140569904027072035e-01
7.140783605113730781e-01
7.140997299806077780e-01
7.141210988104688129e-01
7.141424670010134701e-01
7.141638345522991482e-01
7.141852014643831348e-01
7.142065677373229393e-01
7.142279333711758493e-01
7.142492983659992634e-01
7.142706627218503579e-01
7.142920264387865315e-01
7.143133895168651826e-01
7.143347519561435988e-01
7.143561137566790675e-01
7.143774749185287654e-01
7.143988354417502018e-01
7.144201953264004423e-01
7.144415545725368855e-01
7.144629131802165967e-01
7.144842711494970855e-01
7.145056284804355284e-01
7.145269851730889910e-01
7.145483412275148716e-01
7.145696966437703468e-01
7.145910514219125931e-01
7.146124055619987869e-01
7.146337590640862159e-01
7.146551119282319453e-01
7.146764641544931518e-01
7.146978157429271228e-01
7.147191666935909238e-01
7.147405170065416202e-01
7.147618666818366107e-01
7.147832157195327385e-01
7.148045641196872912e-01
7.148259118823572233e-01
7.148472590075999333e-01
7.148686054954722646e-01
7.148899513460312827e-01
7.149112965593342750e-01
7.149326411354381960e-01
7.149539850744000002e-01
7.149753283762769751e-01
7.149966710411259641e-01
7.150180130690040325e-01
7.150393544599683571e-01
7.150606952140757810e-01
7.150820353313834810e-01
7.151033748119483002e-01
7.151247136558271933e-01
7.151460518630774477e-01
7.151673894337556847e-01
7.151887263679190809e-01
7.152100626656245907e-01
7.152313983269290576e-01
7.152527333518895469e-01
7.152740677405629022e-01
7.152954014930060778e-01
7.153167346092759171e-01
7.153380670894294857e-01
7.153593989335236270e-01
7.153807301416151843e-01
7.154020607137610011e-01
7.154233906500180318e-01
7.154447199504432309e-01
7.154660486150932197e-01
7.154873766440250638e-01
7.155087040372954954e-01
7.155300307949613581e-01
7.155513569170794952e-01
7.155726824037067502e-01
7.155940072548998554e-01
7.156153314707156543e-01
7.156366550512109903e-01
7.156579779964424848e-01
7.156793003064670922e-01
7.157006219813414338e-01
7.157219430211224642e-01
7.157432634258666937e-01
7.157645831956309657e-01
7.157859023304720125e-01
7.158072208304465667e-01
7.158285386956113605e-01
7.158498559260230154e-01
7.158711725217382638e-01
7.158924884828138380e-01
7.159138038093064704e-01
7.159351185012726715e-01
7.159564325587691735e-01
7.159777459818527090e-01
7.159990587705798992e-01
7.160203709250072546e-01
7.160416824451915074e-01
7.160629933311892792e-01
7.160843035830571912e-01
7.161056132008518649e-01
7.161269221846298105e-01
7.161482305344476496e-01
7.161695382503620033e-01
7.161908453324294932e-01
7.162121517807065185e-01
7.162334575952497007e-01
7.162547627761155500e-01
7.162760673233607989e-01
7.162973712370417356e-01
7.163186745172149816e-01
7.163399771639371583e-01
7.163612791772645538e-01
7.163825805572537897e-01
7.164038813039612652e-01
7.164251814174436017e-01
7.164464808977571986e-01
7.164677797449584551e-01
7.164890779591038816e-01
7.165103755402499885e-01
7.165316724884530641e-01
7.165529688037696188e-01
7.165742644862561628e-01
7.165955595359688735e-01
7.166168539529643722e-01
7.166381477372989472e-01
7.166594408890291090e-01
7.166807334082110348e-01
7.167020252949012349e-01
7.167233165491559976e-01
7.167446071710317224e-01
7.167658971605846974e-01
7.167871865178714330e-01
7.168084752429479956e-01
7.168297633358708953e-01
7.168510507966964207e-01
7.168723376254807489e-01
7.168936238222802793e-01
7.169149093871513001e-01
7.169361943201500997e-01
7.169574786213328554e-01
7.169787622907559665e-01
7.170000453284754993e-01
7.170213277345478531e-01
7.170426095090292051e-01
7.170638906519758438e-01
7.170851711634439463e-01
7.171064510434895789e-01
7.171277302921692520e-01
7.171490089095388099e-01
7.171702868956547627e-01
7.171915642505730659e-01
7.172128409743500077e-01
7.172341170670416544e-01
7.172553925287041832e-01
7.172766673593937714e-01
7.172979415591665964e-01
7.173192151280787243e-01
7.173404880661862215e-01
7.173617603735453763e-01
7.173830320502120328e-01
7.174043030962424794e-01
7.174255735116927823e-01
7.174468432966190079e-01
7.174681124510771113e-01
7.174893809751233809e-01
7.175106488688135498e-01
7.175319161322040173e-01
7.175531827653505168e-01
7.175744487683092254e-01
7.175957141411362095e-01
7.176169788838874242e-01
7.176382429966188248e-01
7.176595064793863665e-01
7.176807693322462267e-01
7.177020315552542495e-01
7.177232931484663903e-01
7.177445541119386041e-01
7.177658144457269573e-01
7.177870741498872942e-01
7.178083332244755699e-01
7.178295916695476286e-01
7.178508494851596478e-01
7.178721066713672494e-01
7.178933632282264998e-01
7.179146191557932433e-01
7.179358744541233239e-01
7.179571291232728081e-01
7.179783831632973179e-01
7.179996365742528086e-01
7.180208893561952355e-01
7.180421415091803317e-01
7.180633930332639414e-01
7.180846439285019089e-01
7.181058941949500785e-01
7.181271438326642942e-01
7.181483928417001783e-01
7.181696412221137971e-01
7.181908889739606616e-01
7.182121360972968382e-01
7.182333825921778381e-01
7.182546284586596164e-01
7.182758736967977953e-01
7.182971183066481080e-01
7.183183622882663988e-01
7.183396056417084008e-01
7.183608483670297362e-01
7.183820904642862493e-01
7.184033319335334511e-01
7.184245727748272969e-01
7.184458129882231869e-01
7.184670525737770763e-01
7.184882915315443652e-01
7.185095298615810089e-01
7.185307675639424074e-01
7.185520046386842941e-01
7.185732410858624020e-01
7.185944769055322423e-01
7.186157120977495483e-01
7.186369466625698310e-01
7.186581806000487127e-01
7.186794139102418155e-01
7.187006465932047616e-01
7.187218786489931732e-01
7.187431100776624504e-01
7.187643408792682154e-01
7.187855710538662013e-01
7.188068006015116973e-01
7.188280295222604366e-01
7.188492578161679303e-01
7.188704854832895785e-01
7.188917125236810035e-01
7.189129389373976053e-01
7.189341647244951172e-01
7.189553898850288283e-01
7.189766144190542496e-01
7.189978383266267814e-01
7.190190616078021568e-01
7.190402842626355540e-01
7.190615062911825950e-01
7.190827276934986800e-01
7.191039484696390982e-01
7.191251686196595827e-01
7.191463881436152006e-01
7.191676070415616850e-01
7.191888253135542142e-01
7.192100429596481881e-01
7.192312599798991180e-01
7.192524763743624039e-01
7.192736921430932240e-01
7.192949072861470894e-01
7.193161218035792892e-01
7.193373356954451125e-01
7.193585489618000706e-01
7.193797616026993413e-01
7.194009736181983250e-01
7.194221850083523107e-01
7.194433957732165874e-01
7.194646059128464444e-01
7.194858154272971706e-01
7.195070243166240553e-01
7.195282325808823876e-01
7.195494402201273454e-01
7.195706472344143290e-01
7.195918536237985164e-01
7.196130593883350857e-01
7.196342645280793260e-01
7.196554690430864154e-01
7.196766729334117541e-01
7.196978761991101869e-01
7.197190788402372252e-01
7.197402808568480470e-01
7.197614822489976083e-01
7.197826830167413092e-01
7.198038831601341059e-01
7.198250826792313983e-01
7.198462815740881426e-01
7.198674798447595169e-01
7.198886774913006992e-01
7.199098745137668676e-01
7.199310709122129781e-01
7.199522666866942089e-01
7.199734618372657380e-01
7.199946563639826325e-01
7.200158502668999594e-01
7.200370435460726748e-01
7.200582362015560678e-01
7.200794282334049834e-01
7.201006196416745997e-01
7.201218104264199837e-01
7.201430005876960916e-01
7.201641901255578793e-01
7.201853790400606359e-01
7.202065673312590954e-01
7.202277549992084360e-01
7.202489420439635026e-01
7.202701284655793623e-01
7.202913142641110822e-01
7.203124994396135072e-01
7.203336839921415935e-01
7.203548679217504080e-01
7.203760512284947959e-01
7.203972339124297131e-01
7.204184159736101156e-01
7.204395974120909596e-01
7.204607782279270900e-01
7.204819584211733519e-01
7.205031379918848122e-01
7.205243169401163161e-01
7.205454952659227086e-01
7.205666729693588346e-01
7.205878500504795392e-01
7.206090265093397784e-01
7.206302023459943973e-01
7.206513775604981298e-01
7.206725521529059320e-01
7.206937261232724268e-01
7.207148994716526813e-01
7.207360721981014295e-01
7.207572443026734055e-01
7.207784157854234541e-01
7.207995866464063095e-01
7.208207568856768166e-01
7.208419265032897094e-01
7.208630954992998330e-01
7.208842638737618103e-01
7.209054316267303752e-01
7.209265987582603730e-01
7.209477652684064264e-01
7.209689311572233805e-01
7.209900964247658584e-01
7.210112610710885939e-01
7.210324250962463211e-01
7.210535885002936629e-01
7.210747512832853534e-01
7.210959134452760155e-01
7.211170749863202722e-01
7.211382359064728576e-01
7.211593962057885054e-01
7.211805558843217279e-01
7.212017149421271478e-01
7.212228733792593882e-01
7.212440311957731831e-01
7.212651883917230444e-01
7.212863449671635951e-01
7.213075009221493472e-01
7.213286562567351456e-01
7.213498109709752804e-01
7.213709650649243743e-01
7.213921185386370505e-01
7.214132713921679319e-01
7.214344236255714193e-01
7.214555752389021359e-01
7.214767262322145935e-01
7.214978766055633042e-01
7.215190263590027797e-01
7.215401754925875322e-01
7.215613240063720735e-01
7.215824719004108045e-01
7.216036191747583484e-01
7.216247658294689948e-01
7.216459118645973669e-01
7.216670572801979766e-01
7.216882020763250027e-01
7.217093462530331793e-01
7.217304898103767963e-01
7.217516327484102545e-01
7.217727750671879550e-01
7.217939167667645206e-01
7.218150578471940193e-01
7.218361983085310740e-01
7.218573381508300857e-01
7.218784773741453442e-01
7.218996159785311395e-01
7.219207539640419835e-01
7.219418913307321661e-01
7.219630280786560883e-01
7.219841642078680399e-01
7.220052997184223109e-01
7.220264346103731912e-01
7.220475688837751926e-01
7.220687025386823832e-01
7.220898355751492748e-01
7.221109679932299352e-01
7.221320997929788765e-01
7.221532309744501665e-01
7.221743615376982062e-01
7.221954914827772853e-01
7.222166208097414719e-01
7.222377495186451668e-01
7.222588776095424379e-01
7.222800050824877971e-01
7.223011319375352013e-01
7.223222581747389404e-01
7.223433837941533042e-01
7.223645087958323607e-01
7.223856331798302888e-01
7.224067569462013783e-01
7.224278800949996970e-01
7.224490026262795350e-01
7.224701245400949601e-01
7.224912458365000401e-01
7.225123665155490649e-01
7.225334865772961024e-01
7.225546060217953315e-01
7.225757248491007090e-01
7.225968430592665248e-01
7.226179606523467358e-01
7.226390776283955208e-01
7.226601939874669478e-01
7.226813097296150845e-01
7.227024248548939989e-01
7.227235393633577587e-01
7.227446532550604319e-01
7.227657665300559753e-01
7.227868791883984567e-01
7.228079912301420551e-01
7.228291026553405052e-01
7.228502134640480969e-01
7.228713236563187872e-01
7.228924332322064217e-01
7.229135421917650683e-01
7.229346505350486840e-01
7.229557582621113365e-01
7.229768653730069827e-01
7.229979718677894684e-01
7.230190777465127505e-01
7.230401830092308968e-01
7.230612876559977531e-01
7.230823916868672763e-01
7.231034951018933121e-01
7.231245979011298175e-01
7.231457000846307492e-01
7.231668016524499532e-01
7.231879026046412751e-01
7.232090029412586718e-01
7.232301026623559892e-01
7.232512017679870731e-01
7.232723002582057692e-01
7.232933981330659234e-01
7.233144953926214926e-01
7.233355920369261005e-01
7.233566880660337040e-01
7.233777834799981488e-01
7.233988782788731697e-01
7.234199724627125017e-01
7.234410660315701014e-01
7.234621589854997037e-01
7.234832513245549324e-01
7.235043430487897442e-01
7.235254341582578741e-01
7.235465246530130567e-01
7.235676145331089160e-01
7.235887037985994086e-01
7.236097924495380473e-01
7.236308804859786781e-01
7.236519679079750356e-01
7.236730547155807436e-01
7.236941409088495369e-01
7.237152264878350394e-01
7.237363114525910968e-01
7.237573958031712218e-01
7.237784795396292603e-01
7.237995626620186140e-01
7.238206451703932398e-01
7.238417270648065394e-01
7.238628083453121365e-01
7.238838890119638769e-01
7.239049690648152735e-01
7.239260485039198390e-01
7.239471273293313081e-01
7.239682055411031936e-01
7.239892831392892303e-01
7.240103601239427089e-01
7.240314364951175863e-01
7.240525122528670421e-01
7.240735873972449221e-01
7.240946619283047392e-01
7.241157358460997839e-01
7.241368091506839022e-01
7.241578818421104957e-01
7.241789539204330772e-01
7.242000253857051595e-01
7.242210962379802552e-01
7.242421664773118772e-01
7.242632361037534272e-01
7.242843051173584179e-01
7.243053735181804731e-01
7.243264413062728835e-01
7.243475084816891618e-01
7.243685750444827098e-01
7.243896409947070403e-01
7.244107063324155549e-01
7.244317710576617664e-01
7.244528351704989655e-01
7.244738986709805539e-01
7.244949615591600445e-01
7.245160238350907278e-01
7.245370854988261167e-01
7.245581465504193908e-01
7.245792069899241739e-01
7.246002668173935346e-01
7.246213260328810968e-01
7.246423846364401511e-01
7.246634426281238772e-01
7.246845000079857879e-01
7.247055567760791739e-01
7.247266129324572148e-01
7.247476684771734234e-01
7.247687234102809795e-01
7.247897777318331736e-01
7.248108314418832965e-01
7.248318845404846389e-01
7.248529370276904915e-01
7.248739889035541450e-01
7.248950401681287792e-01
7.249160908214677956e-01
7.249371408636241521e-01
7.249581902946513612e-01
7.249792391146023807e-01
7.250002873235307232e-01
7.250213349214893466e-01
7.250423819085316524e-01
7.250634282847107093e-01
7.250844740500796970e-01
7.251055192046917952e-01
7.251265637486002946e-01
7.251476076818582639e-01
7.251686510045187717e-01
7.251896937166351087e-01
7.252107358182604546e-01
7.252317773094477671e-01
7.252528181902502258e-01
7.252738584607210104e-01
7.252948981209130785e-01
7.253159371708798320e-01
7.253369756106740063e-01
7.253580134403490032e-01
7.253790506599576693e-01
7.254000872695531843e-01
7.254211232691885058e-01
7.254421586589168136e-01
7.254631934387911762e-01
7.254842276088645514e-01
7.255052611691898967e-01
7.255262941198203919e-01
7.255473264608089945e-01
7.255683581922086622e-01
7.255893893140724638e-01
7.256104198264533567e-01
7.256314497294044097e-01
7.256524790229783584e-01
7.256735077072284934e-01
7.256945357822075504e-01
7.257155632479685980e-01
7.257365901045644829e-01
7.257576163520482737e-01
7.257786419904728170e-01
7.257996670198910705e-01
7.258206914403558807e-01
7.258417152519202054e-01
7.258627384546370021e-01
7.258837610485591174e-01
7.259047830337393981e-01
7.259258044102308016e-01
7.259468251780860637e-01
7.259678453373582530e-01
7.259888648880999940e-01
7.260098838303643554e-01
7.260309021642039617e-01
7.260519198896717707e-01
7.260729370068206290e-01
7.260939535157033831e-01
7.261149694163726576e-01
7.261359847088814101e-01
7.261569993932823763e-01
7.261780134696284028e-01
7.261990269379722251e-01
7.262200397983665789e-01
7.262410520508643108e-01
7.262620636955180453e-01
7.262830747323806291e-01
7.263040851615049087e-01
7.263250949829433978e-01
7.263461041967489429e-01
7.263671128029741686e-01
7.263881208016719215e-01
7.264091281928948263e-01
7.264301349766956184e-01
7.264511411531270335e-01
7.264721467222415852e-01
7.264931516840920089e-01
7.265141560387310404e-01
7.265351597862111932e-01
7.265561629265853139e-01
7.265771654599059159e-01
7.265981673862257351e-01
7.266191687055971737e-01
7.266401694180730786e-01
7.266611695237060742e-01
7.266821690225485630e-01
7.267031679146532808e-01
7.267241662000727409e-01
7.267451638788596791e-01
7.267661609510664977e-01
7.267871574167458215e-01
7.268081532759501640e-01
7.268291485287321496e-01
7.268501431751442921e-01
7.268711372152392158e-01
7.268921306490692125e-01
7.269131234766870175e-01
7.269341156981451446e-01
7.269551073134959962e-01
7.269760983227919748e-01
7.269970887260858161e-01
7.270180785234299226e-01
7.270390677148766967e-01
7.270600563004785410e-01
7.270810442802881912e-01
7.271020316543578277e-01
7.271230184227399640e-01
7.271440045854870027e-01
7.271649901426515683e-01
7.271859750942858414e-01
7.272069594404424464e-01
7.272279431811735639e-01
7.272489263165318185e-01
7.272699088465695016e-01
7.272908907713389048e-01
7.273118720908925416e-01
7.273328528052827036e-01
7.273538329145617931e-01
7.273748124187821018e-01
7.273957913179961432e-01
7.274167696122559867e-01
7.274377473016141460e-01
7.274587243861230235e-01
7.274797008658346886e-01
7.275006767408016550e-01
7.275216520110761032e-01
7.275426266767104355e-01
7.275636007377568326e-01
7.275845741942675859e-01
7.276055470462950980e-01
7.276265192938914383e-01
7.276474909371090094e-01
7.276684619759999917e-01
7.276894324106165657e-01
7.277104022410111339e-01
7.277313714672357658e-01
7.277523400893427530e-01
7.277733081073842758e-01
7.277942755214126258e-01
7.278152423314798725e-01
7.278362085376381962e-01
7.278571741399398887e-01
7.278781391384371302e-01
7.278991035331819903e-01
7.279200673242266495e-01
7.279410305116232882e-01
7.279619930954239759e-01
7.279829550756808931e-01
7.280039164524462203e-01
7.280248772257721379e-01
7.280458373957104934e-01
7.280667969623136893e-01
7.280877559256335729e-01
7.281087142857224359e-01
7.281296720426322366e-01
7.281506291964151556e-01
7.281715857471231512e-01
7.281925416948082930e-01
7.282134970395226503e-01
7.282344517813182927e-01
7.282554059202474006e-01
7.282763594563617104e-01
7.282973123897134027e-01
7.283182647203545468e-01
7.283392164483369902e-01
7.283601675737129133e-01
7.283811180965341636e-01
7.284020680168528106e-01
7.284230173347208126e-01
7.284439660501901281e-01
7.284649141633127156e-01
7.284858616741406445e-01
7.285068085827256512e-01
7.285277548891198052e-01
7.285487005933749538e-01
7.285696456955431666e-01
7.285905901956762909e-01
7.286115340938262852e-01
7.286324773900448859e-01
7.286534200843841624e-01
7.286743621768959622e-01
7.286953036676321327e-01
7.287162445566445212e-01
7.287371848439849753e-01
7.287581245297055643e-01
7.287790636138579137e-01
7.288000020964938708e-01
7.288209399776655051e-01
7.288418772574243309e-01
7.288628139358224178e-01
7.288837500129113911e-01
7.289046854887432092e-01
7.289256203633696085e-01
7.289465546368424365e-01
7.289674883092133184e-01
7.289884213805342128e-01
7.290093538508567450e-01
7.290302857202327624e-01
7.290512169887140015e-01
7.290721476563521986e-01
7.290930777231992010e-01
7.291140071893065233e-01
7.291349360547261238e-01
7.291558643195095168e-01
7.291767919837084388e-01
7.291977190473748482e-01
7.292186455105600373e-01
7.292395713733160756e-01
7.292604966356943663e-01
7.292814212977467569e-01
7.293023453595247618e-01
7.293232688210802284e-01
7.293441916824645599e-01
7.293651139437296038e-01
7.293860356049269855e-01
7.294069566661082193e-01
7.294278771273250417e-01
7.294487969886289669e-01
7.294697162500716203e-01
7.294906349117046274e-01
7.295115529735796134e-01
7.295324704357480927e-01
7.295533872982616908e-01
7.295743035611719218e-01
7.295952192245305223e-01
7.296161342883887846e-01
7.296370487527984450e-01
7.296579626178109068e-01
7.296788758834777955e-01
7.296997885498506253e-01
7.297207006169809107e-01
7.297416120849201659e-01
7.297625229537199054e-01
7.297834332234315324e-01
7.298043428941066724e-01
7.298252519657967285e-01
7.298461604385531043e-01
7.298670683124274250e-01
7.298879755874709829e-01
7.299088822637354035e-01
7.299297883412719790e-01
7.299506938201323347e-01
7.299715987003676521e-01
7.299925029820294453e-01
7.300134066651692288e-01
7.300343097498384060e-01
7.300552122360881580e-01
7.300761141239701102e-01
7.300970154135355550e-01
7.301179161048358957e-01
7.301388161979224245e-01
7.301597156928466559e-01
7.301806145896597711e-01
7.302015128884132844e-01
7.302224105891583772e-01
7.302433076919465638e-01
7.302642041968290254e-01
7.302851001038570544e-01
7.303059954130820541e-01
7.303268901245553169e-01
7.303477842383281349e-01
7.303686777544518005e-01
7.303895706729776061e-01
7.304104629939567328e-01
7.304313547174405841e-01
7.304522458434803411e-01
7.304731363721271853e-01
7.304940263034326309e-01
7.305149156374475261e-01
7.305358043742234964e-01
7.305566925138115009e-01
7.305775800562627209e-01
7.305984670016286708e-01
7.306193533499601989e-01
7.306402391013087083e-01
7.306611242557253805e-01
7.306820088132612856e-01
7.307028927739677160e-01
7.307237761378957419e-01
7.307446589050966557e-01
7.307655410756214165e-01
7.307864226495213167e-01
7.308073036268473155e-01
7.308281840076508162e-01
7.308490637919826671e-01
7.308699429798941605e-01
7.308908215714363665e-01
7.309116995666603556e-01
7.309325769656171978e-01
7.309534537683580746e-01
7.309743299749338341e-01
7.309952055853958797e-01
7.310160805997950595e-01
7.310369550181824438e-01
7.310578288406091030e-01
7.310787020671259961e-01
7.310995746977844156e-01
7.311204467326350986e-01
7.311413181717292264e-01
7.311621890151177583e-01
7.311830592628516534e-01
7.312039289149819821e-01
7.312247979715597035e-01
7.312456664326358879e-01
7.312665342982613836e-01
7.312874015684871498e-01
7.313082682433643678e-01
7.313291343229436636e-01
7.313499998072762187e-01
7.313708646964128812e-01
7.313917289904046104e-01
7.314125926893022545e-01
7.314334557931568837e-01
7.314543183020193462e-01
7.314751802159404903e-01
7.314960415349711642e-01
7.315169022591624381e-01
7.315377623885650493e-01
7.315586219232298459e-01
7.315794808632078983e-01
7.316003392085498325e-01
7.316211969593066078e-01
7.316420541155290724e-01
7.316629106772679636e-01
7.316837666445743515e-01
7.317046220174987514e-01
7.317254767960922335e-01
7.317463309804054239e-01
7.317671845704892819e-01
7.317880375663944337e-01
7.318088899681718384e-01
7.318297417758721224e-01
7.318505929895461337e-01
7.318714436092446096e-01
7.318922936350183983e-01
7.319131430669181260e-01
7.319339919049946408e-01
7.319548401492985690e-01
7.319756877998807587e-01
7.319965348567918362e-01
7.320173813200825386e-01
7.320382271898036031e-01
7.320590724660057669e-01
7.320799171487395451e-01
7.321007612380558971e-01
7.321216047340052269e-01
7.321424476366383827e-01
7.321632899460059907e-01
7.321841316621586770e-01
7.322049727851470680e-01
7.322258133150217896e-01
7.322466532518336901e-01
7.322674925956330627e-01
7.322883313464708666e-01
7.323091695043975058e-01
7.323300070694634956e-01
7.323508440417196841e-01
7.323716804212165865e-01
7.323925162080047180e-01
7.324133514021347047e-01
7.324341860036570617e-01
7.324550200126224153e-01
7.324758534290812806e-01
7.324966862530842837e-01
7.325175184846818288e-01
7.325383501239245421e-01
7.325591811708629386e-01
7.325800116255475336e-01
7.326008414880289532e-01
7.326216707583574905e-01
7.326424994365837717e-01
7.326633275227582009e-01
7.326841550169314043e-01
7.327049819191536750e-01
7.327258082294756392e-01
7.327466339479478119e-01
7.327674590746203753e-01
7.327882836095440666e-01
7.328091075527691789e-01
7.328299309043461163e-01
7.328507536643253939e-01
7.328715758327574159e-01
7.328923974096925864e-01
7.329132183951811985e-01
7.329340387892738784e-01
7.329548585920208081e-01
7.329756778034725029e-01
7.329964964236792557e-01
7.330173144526914708e-01
7.330381318905595522e-01
7.330589487373337931e-01
7.330797649930645976e-01
7.331005806578022588e-01
7.331213957315970697e-01
7.331422102144994346e-01
7.331630241065597575e-01
7.331838374078281095e-01
7.332046501183550058e-01
7.332254622381906284e-01
7.332462737673852704e-01
7.332670847059892250e-01
7.332878950540528962e-01
7.333087048116264661e-01
7.333295139787601169e-01
7.333503225555041416e-01
7.333711305419088333e-01
7.333919379380244852e-01
7.334127447439011682e-01
7.334335509595892866e-01
7.334543565851389113e-01
7.334751616206004465e-01
7.334959660660238523e-01
7.335167699214594217e-01
7.335375731869574478e-01
7.335583758625680018e-01
7.335791779483413766e-01
7.335999794443275324e-01
7.336207803505768732e-01
7.336415806671393591e-01
7.336623803940651722e-01
7.336831795314046056e-01
7.337039780792077304e-01
7.337247760375245065e-01
7.337455734064052271e-01
7.337663701858999632e-01
7.337871663760588969e-01
7.338079619769319883e-01
7.338287569885693085e-01
7.338495514110211504e-01
7.338703452443373632e-01
7.338911384885681288e-01
7.339119311437635185e-01
7.339327232099736031e-01
7.339535146872483429e-01
7.339743055756378087e-01
7.339950958751921828e-01
7.340158855859612030e-01
7.340366747079951626e-01
7.340574632413440215e-01
7.340782511860576287e-01
7.340990385421860553e-01
7.341198253097794835e-01
7.341406114888876511e-01
7.341613970795606292e-01
7.341821820818483779e-01
7.342029664958008572e-01
7.342237503214680272e-01
7.342445335588998478e-01
7.342653162081462792e-01
7.342860982692572813e-01
7.343068797422827032e-01
7.343276606272725049e-01
7.343484409242766464e-01
7.343692206333449768e-01
7.343899997545273450e-01
7.344107782878738222e-01
7.344315562334340353e-01
7.344523335912581663e-01
7.344731103613958423e-01
7.344938865438970232e-01
7.345146621388115582e-01
7.345354371461892962e-01
7.345562115660800862e-01
7.345769853985337772e-01
7.345977586436002182e-01
7.346185313013291474e-01
7.346393033717705245e-01
7.346600748549739768e-01
7.346808457509893531e-01
7.347016160598666135e-01
7.347223857816553849e-01
7.347431549164055165e-01
7.347639234641666350e-01
7.347846914249887007e-01
7.348054587989214514e-01
7.348262255860145142e-01
7.348469917863177381e-01
7.348677573998808610e-01
7.348885224267535099e-01
7.349092868669855338e-01
7.349300507206265598e-01
7.349508139877264368e-01
7.349715766683346807e-01
7.349923387625011406e-01
7.350131002702753324e-01
7.350338611917071052e-01
7.350546215268460859e-01
7.350753812757419015e-01
7.350961404384442899e-01
7.351168990150028781e-01
7.351376570054672932e-01
7.351584144098871620e-01
7.351791712283121116e-01
7.351999274607917689e-01
7.352206831073757609e-01
7.352414381681138256e-01
7.352621926430553678e-01
7.352829465322501257e-01
7.353036998357476151e-01
7.353244525535973519e-01
7.353452046858490743e-01
7.353659562325524091e-01
7.353867071937566502e-01
7.354074575695115357e-01
7.354282073598665814e-01
7.354489565648713034e-01
7.354697051845753286e-01
7.354904532190280619e-01
7.355112006682790193e-01
7.355319475323778278e-01
7.355526938113740032e-01
7.355734395053169505e-01
7.355941846142561857e-01
7.356149291382411137e-01
7.356356730773214725e-01
7.356564164315464449e-01
7.356771592009656580e-01
7.356979013856285166e-01
7.357186429855845367e-01
7.357393840008831232e-01
7.357601244315736810e-01
7.357808642777056152e-01
7.358016035393284415e-01
7.358223422164914540e-01
7.358430803092442796e-01
7.358638178176361011e-01
7.358845547417164346e-01
7.359052910815345738e-01
7.359260268371400349e-01
7.359467620085821116e-01
7.359674965959100978e-01
7.359882305991735096e-01
7.360089640184215298e-01
7.360296968537036744e-01
7.360504291050692371e-01
7.360711607725675121e-01
7.360918918562477931e-01
7.361126223561594850e-01
7.361333522723517708e-01
7.361540816048741664e-01
7.361748103537757437e-01
7.361955385191059076e-01
7.362162661009140630e-01
7.362369930992492817e-01
7.362577195141608577e-01
7.362784453456980849e-01
7.362991705939103682e-01
7.363198952588467794e-01
7.363406193405566125e-01
7.363613428390890503e-01
7.363820657544934978e-01
7.364027880868189158e-01
7.364235098361147092e-01
7.364442310024300609e-01
7.364649515858141537e-01
7.364856715863162817e-01
7.365063910039854056e-01
7.365271098388708193e-01
7.365478280910217057e-01
7.365685457604872477e-01
7.365892628473166281e-01
7.366099793515589189e-01
7.366306952732634139e-01
7.366514106124790739e-01
7.366721253692550819e-01
7.366928395436406207e-01
7.367135531356847622e-01
7.367342661454365782e-01
7.367549785729452516e-01
7.367756904182599653e-01
7.367964016814295691e-01
7.368171123625033569e-01
7.368378224615302896e-01
7.368585319785594390e-01
7.368792409136399879e-01
7.368999492668208973e-01
7.369206570381511279e-01
7.369413642276799736e-01
7.369620708354561733e-01
7.369827768615290209e-01
7.370034823059473661e-01
7.370241871687602808e-01
7.370448914500167259e-01
7.370655951497658842e-01
7.370862982680564945e-01
7.371070008049377398e-01
7.371277027604584697e-01
7.371484041346676452e-01
7.371691049276144492e-01
7.371898051393476203e-01
7.372105047699161195e-01
7.372312038193690187e-01
7.372519022877552786e-01
7.372726001751236380e-01
7.372932974815231688e-01
7.373139942070027208e-01
7.373346903516113660e-01
7.373553859153977319e-01
7.373760808984110016e-01
7.373967753006998027e-01
7.374174691223132072e-01
7.374381623633000649e-01
7.374588550237092255e-01
7.374795471035895389e-01
7.375002386029898549e-01
7.375209295219590233e-01
7.375416198605458939e-01
7.375623096187993166e-01
7.375829987967681411e-01
7.376036873945012173e-01
7.376243754120471730e-01
7.376450628494550799e-01
7.376657497067735658e-01
7.376864359840514807e-01
7.377071216813376742e-01
7.377278067986807741e-01
7.377484913361296304e-01
7.377691752937330927e-01
7.377898586715397888e-01
7.378105414695985687e-01
7.378312236879581709e-01
7.378519053266673344e-01
7.378725863857746869e-01
7.378932668653290783e-01
7.379139467653792472e-01
7.379346260859738216e-01
7.379553048271615401e-01
7.379759829889910305e-01
7.379966605715111427e-01
7.380173375747705045e-01
7.380380139988176325e-01
7.380586898437014876e-01
7.380793651094704755e-01
7.381000397961734460e-01
7.381207139038589160e-01
7.381413874325756241e-01
7.381620603823720872e-01
7.381827327532970440e-01
7.382034045453991222e-01
7.382240757587269497e-01
7.382447463933290432e-01
7.382654164492540305e-01
7.382860859265506503e-01
7.383067548252673085e-01
7.383274231454526326e-01
7.383480908871553616e-01
7.383687580504237902e-01
7.383894246353067681e-01
7.384100906418525900e-01
7.384307560701099948e-01
7.384514209201273882e-01
7.384720851919535090e-01
7.384927488856366518e-01
7.385134120012254444e-01
7.385340745387685146e-01
7.385547364983141572e-01
7.385753978799109998e-01
7.385960586836074482e-01
7.386167189094521301e-01
7.386373785574935624e-01
7.386580376277799287e-01
7.386786961203599677e-01
7.386993540352820853e-01
7.387200113725946871e-01
7.387406681323461788e-01
7.387613243145851882e-01
7.387819799193598991e-01
7.388026349467189391e-01
7.388232893967107140e-01
7.388439432693835185e-01
7.388645965647858693e-01
7.388852492829660612e-01
7.389059014239726109e-01
7.389265529878538130e-01
7.389472039746580734e-01
7.389678543844336867e-01
7.389885042172292806e-01
7.390091534730929279e-01
7.390298021520731453e-01
7.390504502542182275e-01
7.390710977795764691e-01
7.390917447281962760e-01
7.391123911001260538e-01
7.391330368954138752e-01
7.391536821141082569e-01
7.391743267562574937e-01
7.391949708219097692e-01
7.392156143111134892e-01
7.392362572239168372e-01
7.392568995603682191e-01
7.392775413205158186e-01
7.392981825044079303e-01
7.393188231120927378e-01
7.393394631436186470e-01
7.393601025990337305e-01
7.393807414783863940e-01
7.394013797817248212e-01
7.394220175090970848e-01
7.394426546605515904e-01
7.394632912361365218e-01
7.394839272359000626e-01
7.395045626598902855e-01
7.395251975081555962e-01
7.395458317807440674e-01
7.395664654777038827e-01
7.395870985990831148e-01
7.396077311449301694e-01
7.396283631152930083e-01
7.396489945102199259e-01
7.396696253297588841e-01
7.396902555739581775e-01
7.397108852428658787e-01
7.397315143365300605e-01
7.397521428549989064e-01
7.397727707983206002e-01
7.397933981665431036e-01
7.398140249597146001e-01
7.398346511778830514e-01
7.398552768210967523e-01
7.398759018894036643e-01
7.398965263828518601e-01
7.399171503014894125e-01
7.399377736453643939e-01
7.399583964145248771e-01
7.399790186090188238e-01
7.399996402288943065e-01
7.400202612741993979e-01
7.400408817449820598e-01
7.400615016412903646e-01
7.400821209631722741e-01
7.401027397106758610e-01
7.401233578838490867e-01
7.401439754827399131e-01
7.401645925073963017e-01
7.401852089578663252e-01
7.402058248341979452e-01
7.402264401364390123e-01
7.402470548646375992e-01
7.402676690188415565e-01
7.402882825990989568e-01
7.403088956054576508e-01
7.403295080379656001e-01
7.403501198966706554e-01
7.403707311816208891e-01
7.403913418928640411e-01
7.404119520304480728e-01
7.404325615944209460e-01
7.404531705848305112e-01
7.404737790017246191e-01
7.404943868451512312e-01
7.405149941151580872e-01
7.405356008117931488e-01
7.405562069351042664e-01
7.405768124851392908e-01
7.405974174619459616e-01
7.406180218655723513e-01
7.406386256960659775e-01
7.406592289534749129e-01
7.406798316378468972e-01
7.407004337492297807e-01
7.407210352876713033e-01
7.407416362532192045e-01
7.407622366459214458e-01
7.407828364658256559e-01
7.408034357129796854e-01
7.408240343874312739e-01
7.408446324892282719e-01
7.408652300184184192e-01
7.408858269750493442e-01
7.409064233591687865e-01
7.409270191708247078e-01
7.409476144100646255e-01
7.409682090769362794e-01
7.409888031714875201e-01
7.410093966937659760e-01
7.410299896438193867e-01
7.410505820216953810e-01
7.410711738274416982e-01
7.410917650611059670e-01
7.411123557227359271e-01
7.411329458123793179e-01
7.411535353300836571e-01
7.411741242758966841e-01
7.411947126498660277e-01
7.412153004520393162e-01
7.412358876824642895e-01
7.412564743411884649e-01
7.412770604282594711e-01
7.412976459437250476e-01
7.413182308876326010e-01
7.413388152600298708e-01
7.413593990609644857e-01
7.413799822904840742e-01
7.414005649486360428e-01
7.414211470354680200e-01
7.414417285510277456e-01
7.414623094953625149e-01
7.414828898685201786e-01
7.415034696705480322e-01
7.415240489014938152e-01
7.415446275614050453e-01
7.415652056503291290e-01
7.415857831683135837e-01
7.416063601154061491e-01
7.416269364916541207e-01
7.416475122971050160e-01
7.416680875318065747e-01
7.416886621958059811e-01
7.417092362891508639e-01
7.417298098118887406e-01
7.417503827640670178e-01
7.417709551457332129e-01
7.417915269569347325e-01
7.418120981977189832e-01
7.418326688681335934e-01
7.418532389682258588e-01
7.418738084980431857e-01
7.418943774576332029e-01
7.419149458470430947e-01
7.419355136663203787e-01
7.419560809155124614e-01
7.419766475946667494e-01
7.419972137038306492e-01
7.420177792430514563e-01
7.420383442123766882e-01
7.420589086118536404e-01
7.420794724415297194e-01
7.421000357014522208e-01
7.421205983916685511e-01
7.421411605122260058e-01
7.421617220631719913e-01
7.421822830445539143e-01
7.422028434564189592e-01
7.422234032988144214e-01
7.422439625717878187e-01
7.422645212753862243e-01
7.422850794096571558e-01
7.423056369746476868e-01
7.423261939704053347e-01
7.423467503969772840e-01
7.423673062544107193e-01
7.423878615427530470e-01
7.424084162620514515e-01
7.424289704123532285e-01
7.424495239937056734e-01
7.424700770061558597e-01
7.424906294497513048e-01
7.425111813245389714e-01
7.425317326305661547e-01
7.425522833678801504e-01
7.425728335365280319e-01
7.425933831365572058e-01
7.426139321680147454e-01
7.426344806309478352e-01
7.426550285254036599e-01
7.426755758514294037e-01
7.426961226090722512e-01
7.427166687983793869e-01
7.427372144193979953e-01
7.427577594721751497e-01
7.427783039567580348e-01
7.427988478731937239e-01
7.428193912215295125e-01
7.428399340018123631e-01
7.428604762140895712e-01
7.428810178584079882e-01
7.429015589348149096e-01
7.429220994433575198e-01
7.429426393840826703e-01
7.429631787570375456e-01
7.429837175622693302e-01
7.430042557998249864e-01
7.430247934697515877e-01
7.430453305720963186e-01
7.430658671069060306e-01
7.430864030742279080e-01
7.431069384741089134e-01
7.431274733065962312e-01
7.431480075717367129e-01
7.431685412695775428e-01
7.431890744001655724e-01
7.432096069635478752e-01
7.432301389597715247e-01
7.432506703888833721e-01
7.432712012509306021e-01
7.432917315459600660e-01
7.433122612740187263e-01
7.433327904351536564e-01
7.433533190294117077e-01
7.433738470568398427e-01
7.433943745174851347e-01
7.434149014113944354e-01
7.434354277386147070e-01
7.434559534991928009e-01
7.434764786931757907e-01
7.434970033206105278e-01
7.435175273815438635e-01
7.435380508760227602e-01
7.435585738040940695e-01
7.435790961658047538e-01
7.435996179612016643e-01
7.436201391903317637e-01
7.436406598532417922e-01
7.436611799499786013e-01
7.436816994805891534e-01
7.437022184451203000e-01
7.437227368436188923e-01
7.437432546761316710e-01
7.437637719427055982e-01
7.437842886433874146e-01
7.438048047782239713e-01
7.438253203472621200e-01
7.438458353505484899e-01
7.438663497881301545e-01
7.438868636600537432e-01
7.439073769663661073e-01
7.439278897071138763e-01
7.439484018823441236e-01
7.439689134921033675e-01
7.439894245364383485e-01
7.440099350153960289e-01
7.440304449290230382e-01
7.440509542773662277e-01
7.440714630604721158e-01
7.440919712783876649e-01
7.441124789311593934e-01
7.441329860188342638e-01
7.441534925414586832e-01
7.441739984990796142e-01
7.441945038917436861e-01
7.442150087194975283e-01
7.442355129823878812e-01
7.442560166804613742e-01
7.442765198137647475e-01
7.442970223823446307e-01
7.443175243862477641e-01
7.443380258255206661e-01
7.443585267002100769e-01
7.443790270103625151e-01
7.443995267560248319e-01
7.444200259372434347e-01
7.444405245540650640e-01
7.444610226065363490e-01
7.444815200947039191e-01
7.445020170186141817e-01
7.445225133783139881e-01
7.445430091738497458e-01
7.445635044052680840e-01
7.445839990726157431e-01
7.446044931759390195e-01
7.446249867152846535e-01
7.446454796906991636e-01
7.446659721022290679e-01
7.446864639499209959e-01
7.447069552338213549e-01
7.447274459539767744e-01
7.447479361104337725e-01
7.447684257032388677e-01
7.447889147324385783e-01
7.448094031980794227e-01
7.448298911002078082e-01
7.448503784388702531e-01
7.448708652141133868e-01
7.448913514259835056e-01
7.449118370745271278e-01
7.449323221597908828e-01
7.449528066818210670e-01
7.449732906406640875e-01
7.449937740363665739e-01
7.450142568689748224e-01
7.450347391385353513e-01
7.450552208450945679e-01
7.450757019886989907e-01
7.450961825693948049e-01
7.451166625872285287e-01
7.451371420422466807e-01
7.451576209344955570e-01
7.451780992640215651e-01
7.451985770308711121e-01
7.452190542350904945e-01
7.452395308767261195e-01
7.452600069558245055e-01
7.452804824724317267e-01
7.453009574265944126e-01
7.453214318183587483e-01
7.453419056477711413e-01
7.453623789148778878e-01
7.453828516197252840e-01
7.454033237623597374e-01
7.454237953428275443e-01
7.454442663611748898e-01
7.454647368174482924e-01
7.454852067116939374e-01
7.455056760439580099e-01
7.455261448142870284e-01
7.455466130227270671e-01
7.455670806693244224e-01
7.455875477541255014e-01
7.456080142771763786e-01
7.456284802385234611e-01
7.456489456382128234e-01
7.456694104762908726e-01
7.456898747528037941e-01
7.457103384677977731e-01
7.457308016213191060e-01
7.457512642134138670e-01
7.457717262441283523e-01
7.457921877135087474e-01
7.458126486216013484e-01
7.458331089684522297e-01
7.458535687541074655e-01
7.458740279786134630e-01
7.458944866420162967e-01
7.459149447443621517e-01
7.459354022856971023e-01
7.459558592660674448e-01
7.459763156855191424e-01
7.459967715440983804e-01
7.460172268418514552e-01
7.460376815788242189e-01
7.460581357550630788e-01
7.460785893706139982e-01
7.460990424255230513e-01
7.461194949198363124e-01
7.461399468536000779e-01
7.461603982268601998e-01
7.461808490396628635e-01
7.462012992920541432e-01
7.462217489840801132e-01
7.462421981157868478e-01
7.462626466872204212e-01
7.462830946984266856e-01
7.463035421494519372e-01
7.463239890403421395e-01
7.463444353711432555e-01
7.463648811419013596e-01
7.463853263526625259e-01
7.464057710034726068e-01
7.464262150943777874e-01
7.464466586254239200e-01
7.464671015966570788e-01
7.464875440081231162e-01
7.465079858598683282e-01
7.465284271519383452e-01
7.465488678843792414e-01
7.465693080572370910e-01
7.465897476705577462e-01
7.466101867243872814e-01
7.466306252187714376e-01
7.466510631537561782e-01
7.466715005293875773e-01
7.466919373457114872e-01
7.467123736027738712e-01
7.467328093006204703e-01
7.467532444392974700e-01
7.467736790188505003e-01
7.467941130393255245e-01
7.468145465007685058e-01
7.468349794032252964e-01
7.468554117467417486e-01
7.468758435313637145e-01
7.468962747571370464e-01
7.469167054241077075e-01
7.469371355323214390e-01
7.469575650818240931e-01
7.469779940726615219e-01
7.469984225048795778e-01
7.470188503785240020e-01
7.470392776936407575e-01
7.470597044502754747e-01
7.470801306484741167e-01
7.471005562882824247e-01
7.471209813697461399e-01
7.471414058929111146e-01
7.471618298578229789e-01
7.471822532645278070e-01
7.472026761130711181e-01
7.472230984034986534e-01
7.472435201358563761e-01
7.472639413101898054e-01
7.472843619265449044e-01
7.473047819849671924e-01
7.473252014855025216e-01
7.473456204281966331e-01
7.473660388130951571e-01
7.473864566402439458e-01
7.474068739096885183e-01
7.474272906214746159e-01
7.474477067756480908e-01
7.474681223722544621e-01
7.474885374113394709e-01
7.475089518929487475e-01
7.475293658171280331e-01
7.475497791839228467e-01
7.475701919933790407e-01
7.475906042455421341e-01
7.476110159404577571e-01
7.476314270781716509e-01
7.476518376587293346e-01
7.476722476821765495e-01
7.476926571485588147e-01
7.477130660579217603e-01
7.477334744103109054e-01
7.477538822057719914e-01
7.477742894443506483e-01
7.477946961260922842e-01
7.478151022510425294e-01
7.478355078192471250e-01
7.478559128307513681e-01
7.478763172856010000e-01
7.478967211838415396e-01
7.479171245255185063e-01
7.479375273106775301e-01
7.479579295393640193e-01
7.479783312116236038e-01
7.479987323275018030e-01
7.480191328870440248e-01
7.480395328902958996e-01
7.480599323373028353e-01
7.480803312281104622e-01
7.481007295627641884e-01
7.481211273413094220e-01
7.481415245637917932e-01
7.481619212302567101e-01
7.481823173407495808e-01
7.482027128953160355e-01
7.482231078940013713e-01
7.482435023368509963e-01
7.482638962239105407e-01
7.482842895552253015e-01
7.483046823308407980e-01
7.483250745508024382e-01
7.483454662151555192e-01
7.483658573239455603e-01
7.483862478772180804e-01
7.484066378750181547e-01
7.484270273173915244e-01
7.484474162043833756e-01
7.484678045360391163e-01
7.484881923124041547e-01
7.485085795335238990e-01
7.485289661994435351e-01
7.485493523102086932e-01
7.485697378658644485e-01
7.485901228664563201e-01
7.486105073120297160e-01
7.486308912026297113e-01
7.486512745383018252e-01
7.486716573190912438e-01
7.486920395450434862e-01
7.487124212162036274e-01
7.487328023326170756e-01
7.487531828943292389e-01
7.487735629013851923e-01
7.487939423538303441e-01
7.488143212517098801e-01
7.488346995950692087e-01
7.488550773839535157e-01
7.488754546184079874e-01
7.488958312984780319e-01
7.489162074242087241e-01
7.489365829956454723e-01
7.489569580128333515e-01
7.489773324758177697e-01
7.489977063846438021e-01
7.490180797393566348e-01
7.490384525400015647e-01
7.490588247866238891e-01
7.490791964792685720e-01
7.490995676179810214e-01
7.491199382028062015e-01
7.491403082337895203e-01
7.491606777109759419e-01
7.491810466344107633e-01
7.492014150041391707e-01
7.492217828202061281e-01
7.492421500826570435e-01
7.492625167915368811e-01
7.492828829468908269e-01
7.493032485487639560e-01
7.493236135972014544e-01
7.493439780922483973e-01
7.493643420339499706e-01
7.493847054223512494e-01
7.494050682574971978e-01
7.494254305394331128e-01
7.494457922682039586e-01
7.494661534438549211e-01
7.494865140664308534e-01
7.495068741359770526e-01
7.495272336525384826e-01
7.495475926161602187e-01
7.495679510268873358e-01
7.495883088847647979e-01
7.496086661898376802e-01
7.496290229421509466e-01
7.496493791417497832e-01
7.496697347886790430e-01
7.496900898829839122e-01
7.497104444247092436e-01
7.497307984139001125e-01
7.497511518506014827e-01
7.497715047348583184e-01
7.497918570667156946e-01
7.498122088462185753e-01
7.498325600734118135e-01
7.498529107483403733e-01
7.498732608710493297e-01
7.498936104415836468e-01
7.499139594599881775e-01
7.499343079263078859e-01
7.499546558405876251e-01
7.499750032028725810e-01
7.499953500132073847e-01
7.500156962716371112e-01
7.500360419782065025e-01
7.500563871329607446e-01
7.500767317359444686e-01
7.500970757872027495e-01
7.501174192867803292e-01
7.501377622347221719e-01
7.501581046310731304e-01
7.501784464758780580e-01
7.501987877691819184e-01
7.502191285110293428e-01
7.502394687014652952e-01
7.502598083405347396e-01
7.502801474282823069e-01
7.503004859647529612e-01
7.503208239499914445e-01
7.503411613840427208e-01
7.503614982669514211e-01
7.503818345987623983e-01
7.504021703795205056e-01
7.504225056092705959e-01
7.504428402880573001e-01
7.504631744159253603e-01
7.504835079929198516e-01
7.505038410190851828e-01
7.505241734944664289e-01
7.505445054191081100e-01
7.505648367930550791e-01
7.505851676163520780e-01
7.506054978890438489e-01
7.506258276111751337e-01
7.506461567827906745e-01
7.506664854039351020e-01
7.506868134746531585e-01
7.507071409949895857e-01
7.507274679649891258e-01
7.507477943846964097e-01
7.507681202541560683e-01
7.507884455734129547e-01
7.508087703425116999e-01
7.508290945614968237e-01
7.508494182304131792e-01
7.508697413493052863e-01
7.508900639182178871e-01
7.509103859371956124e-01
7.509307074062830933e-01
7.509510283255249607e-01
7.509713486949658456e-01
7.509916685146503790e-01
7.510119877846231917e-01
7.510323065049288038e-01
7.510526246756119573e-01
7.510729422967172830e-01
7.510932593682891900e-01
7.511135758903723092e-01
7.511338918630112715e-01
7.511542072862507080e-01
7.511745221601351385e-01
7.511948364847090831e-01
7.512151502600171726e-01
7.512354634861039271e-01
7.512557761630138664e-01
7.512760882907915105e-01
7.512963998694814904e-01
7.513167108991282150e-01
7.513370213797763153e-01
7.513573313114703112e-01
7.513776406942545005e-01
7.513979495281737364e-01
7.514182578132722057e-01
7.514385655495945393e-01
7.514588727371851462e-01
7.514791793760885463e-01
7.514994854663493706e-01
7.515197910080118060e-01
7.515400960011204834e-01
7.515604004457198117e-01
7.515807043418543110e-01
7.516010076895682790e-01
7.516213104889063468e-01
7.516416127399128122e-01
7.516619144426320842e-01
7.516822155971085717e-01
7.517025162033867947e-01
7.517228162615111620e-01
7.517431157715259715e-01
7.517634147334756323e-01
7.517837131474045531e-01
7.518040110133571430e-01
7.518243083313778108e-01
7.518446051015108544e-01
7.518649013238006829e-01
7.518851969982915939e-01
7.519054921250279966e-01
7.519257867040542997e-01
7.519460807354146903e-01
7.519663742191536882e-01
7.519866671553153692e-01
7.520069595439443644e-01
7.520272513850847496e-01
7.520475426787809337e-01
7.520678334250772146e-01
7.520881236240178902e-01
7.521084132756471474e-01
7.521287023800095062e-01
7.521489909371490423e-01
7.521692789471101648e-01
7.521895664099370604e-01
7.522098533256740271e-01
7.522301396943653629e-01
7.522504255160551434e-01
7.522707107907878887e-01
7.522909955186075637e-01
7.523112796995585771e-01
7.523315633336851160e-01
7.523518464210313672e-01
7.523721289616416286e-01
7.523924109555599760e-01
7.524126924028308183e-01
7.524329733034981205e-01
7.524532536576061803e-01
7.524735334651991847e-01
7.524938127263214316e-01
7.525140914410168858e-01
7.525343696093297341e-01
7.525546472313042745e-01
7.525749243069846939e-01
7.525952008364149570e-01
7.526154768196392508e-01
7.526357522567018732e-01
7.526560271476467889e-01
7.526763014925181849e-01
7.526965752913602481e-01
7.527168485442169432e-01
7.527371212511324572e-01
7.527573934121508659e-01
7.527776650273163561e-01
7.527979360966730038e-01
7.528182066202647738e-01
7.528384765981358528e-01
7.528587460303303169e-01
7.528790149168921308e-01
7.528992832578654815e-01
7.529195510532943336e-01
7.529398183032227632e-01
7.529600850076948459e-01
7.529803511667545468e-01
7.530006167804459416e-01
7.530208818488131062e-01
7.530411463719000054e-01
7.530614103497506040e-01
7.530816737824089779e-01
7.531019366699192030e-01
7.531221990123251331e-01
7.531424608096707329e-01
7.531627220620001895e-01
7.531829827693573565e-01
7.532032429317860878e-01
7.532235025493305702e-01
7.532437616220346577e-01
7.532640201499423149e-01
7.532842781330975068e-01
7.533045355715440872e-01
7.533247924653261318e-01
7.533450488144874946e-01
7.533653046190721403e-01
7.533855598791239228e-01
7.534058145946866958e-01
7.534260687658045352e-01
7.534463223925212949e-01
7.534665754748808286e-01
7.534868280129271012e-01
7.535070800067038554e-01
7.535273314562550562e-01
7.535475823616246682e-01
7.535678327228563234e-01
7.535880825399940974e-01
7.536083318130817332e-01
7.536285805421631956e-01
7.536488287272821163e-01
7.536690763684825711e-01
7.536893234658081919e-01
7.537095700193029435e-01
7.537298160290105686e-01
7.537500614949749211e-01
7.537703064172397438e-01
7.537905507958488904e-01
7.538107946308462148e-01
7.538310379222754598e-01
7.538512806701802571e-01
7.538715228746046826e-01
7.538917645355922570e-01
7.539120056531868341e-01
7.539322462274321568e-01
7.539524862583720788e-01
7.539727257460502319e-01
7.539929646905103588e-01
7.540132030917962025e-01
7.540334409499516166e-01
7.540536782650202330e-01
7.540739150370456834e-01
7.540941512660718216e-01
7.541143869521422793e-01
7.541346220953007995e-01
7.541548566955911248e-01
7.541750907530567760e-01
7.541953242677416069e-01
7.542155572396891383e-01
7.542357896689432240e-01
7.542560215555473846e-01
7.542762528995453630e-01
7.542964837009807910e-01
7.543167139598973003e-01
7.543369436763386338e-01
7.543571728503482010e-01
7.543774014819698559e-01
7.543976295712471192e-01
7.544178571182236226e-01
7.544380841229429979e-01
7.544583105854488769e-01
7.544785365057847804e-01
7.544987618839944510e-01
7.545189867201212985e-01
7.545392110142089548e-01
7.545594347663011625e-01
7.545796579764412204e-01
7.545998806446729823e-01
7.546201027710397469e-01
7.546403243555852569e-01
7.546605453983530332e-01
7.546807658993864854e-01
7.547009858587293563e-01
7.547212052764249446e-01
7.547414241525169931e-01
7.547616424870489116e-01
7.547818602800642207e-01
7.548020775316065523e-01
7.548222942417192050e-01
7.548425104104456995e-01
7.548627260378296677e-01
7.548829411239145193e-01
7.549031556687437750e-01
7.549233696723608444e-01
7.549435831348092485e-01
7.549637960561323968e-01
7.549840084363738102e-01
7.550042202755768983e-01
7.550244315737850709e-01
7.550446423310418487e-01
7.550648525473906414e-01
7.550850622228748588e-01
7.551052713575379105e-01
7.551254799514232063e-01
7.551456880045741560e-01
7.551658955170341692e-01
7.551861024888466556e-01
7.552063089200550250e-01
7.552265148107026871e-01
7.552467201608329406e-01
7.552669249704893062e-01
7.552871292397148606e-01
7.553073329685533466e-01
7.553275361570478408e-01
7.553477388052417529e-01
7.553679409131784928e-01
7.553881424809013589e-01
7.554083435084536502e-01
7.554285439958788873e-01
7.554487439432201468e-01
7.554689433505208385e-01
7.554891422178242610e-01
7.555093405451738242e-01
7.555295383326126046e-01
7.555497355801841231e-01
7.555699322879315671e-01
7.555901284558982356e-01
7.556103240841274271e-01
7.556305191726624404e-01
7.556507137215463521e-01
7.556709077308225719e-01
7.556911012005343986e-01
7.557112941307250198e-01
7.557314865214376232e-01
7.557516783727156184e-01
7.557718696846019713e-01
7.557920604571400913e-01
7.558122506903731663e-01
7.558324403843443839e-01
7.558526295390969318e-01
7.558728181546741087e-01
7.558930062311191023e-01
7.559131937684748781e-01
7.559333807667849570e-01
7.559535672260921935e-01
7.559737531464399973e-01
7.559939385278714452e-01
7.560141233704297248e-01
7.560343076741580237e-01
7.560544914390993076e-01
7.560746746652969863e-01
7.560948573527940253e-01
7.561150395016335013e-01
7.561352211118587130e-01
7.561554021835127370e-01
7.561755827166386501e-01
7.561957627112795288e-01
7.562159421674785609e-01
7.562361210852787119e-01
7.562562994647232806e-01
7.562764773058551215e-01
7.562966546087174224e-01
7.563168313733533710e-01
7.563370075998058217e-01
7.563571832881179624e-01
7.563773584383328696e-01
7.563975330504936201e-01
7.564177071246430684e-01
7.564378806608245132e-01
7.564580536590806981e-01
7.564782261194549218e-01
7.564983980419901499e-01
7.565185694267292371e-01
7.565387402737153710e-01
7.565589105829914063e-01
7.565790803546005305e-01
7.565992495885855984e-01
7.566194182849896865e-01
7.566395864438556496e-01
7.566597540652265641e-01
7.566799211491453958e-01
7.567000876956551103e-01
7.567202537047986732e-01
7.567404191766189392e-01
7.567605841111589848e-01
7.567807485084617758e-01
7.568009123685700557e-01
7.568210756915270121e-01
7.568412384773752777e-01
7.568614007261580401e-01
7.568815624379181539e-01
7.569017236126983628e-01
7.569218842505417433e-01
7.569420443514911501e-01
7.569622039155894377e-01
7.569823629428794609e-01
7.570025214334042962e-01
7.570226793872065763e-01
7.570428368043292666e-01
7.570629936848152219e-01
7.570831500287074078e-01
7.571033058360484569e-01
7.571234611068814457e-01
7.571436158412490069e-01
7.571637700391941062e-01
7.571839237007595980e-01
7.572040768259882260e-01
7.572242294149227337e-01
7.572443814676060869e-01
7.572645329840811401e-01
7.572846839643904149e-01
7.573048344085769878e-01
7.573249843166834916e-01
7.573451336887527807e-01
7.573652825248275988e-01
7.573854308249506895e-01
7.574055785891649073e-01
7.574257258175128849e-01
7.574458725100374767e-01
7.574660186667814266e-01
7.574861642877874779e-01
7.575063093730982633e-01
7.575264539227567484e-01
7.575465979368053437e-01
7.575667414152870149e-01
7.575868843582443946e-01
7.576070267657202262e-01
7.576271686377571424e-01
7.576473099743979978e-01
7.576674507756852028e-01
7.576875910416617232e-01
7.577077307723700805e-01
7.577278699678530183e-01
7.577480086281531690e-01
7.577681467533131654e-01
7.577882843433757509e-01
7.578084213983835582e-01
7.578285579183792198e-01
7.578486939034052572e-01
7.578688293535045251e-01
7.578889642687195449e-01
7.579090986490929494e-01
7.579292324946673709e-01
7.579493658054853311e-01
7.579694985815895736e-01
7.579896308230226198e-01
7.580097625298271025e-01
7.580298937020455430e-01
7.580500243397205740e-01
7.580701544428948280e-01
7.580902840116108266e-01
7.581104130459110912e-01
7.581305415458382546e-01
7.581506695114348382e-01
7.581707969427434746e-01
7.581909238398065742e-01
7.582110502026666587e-01
7.582311760313664717e-01
7.582513013259483126e-01
7.582714260864548139e-01
7.582915503129286083e-01
7.583116740054119953e-01
7.583317971639474964e-01
7.583519197885777441e-01
7.583720418793451490e-01
7.583921634362922326e-01
7.584122844594615165e-01
7.584324049488953001e-01
7.584525249046363271e-01
7.584726443267267859e-01
7.584927632152094201e-01
7.585128815701264182e-01
7.585329993915204128e-01
7.585531166794337032e-01
7.585732334339088112e-01
7.585933496549882582e-01
7.586134653427142327e-01
7.586335804971293673e-01
7.586536951182760724e-01
7.586738092061966476e-01
7.586939227609335035e-01
7.587140357825291614e-01
7.587341482710258100e-01
7.587542602264660818e-01
7.587743716488921653e-01
7.587944825383464709e-01
7.588145928948714092e-01
7.588347027185093907e-01
7.588548120093027149e-01
7.588749207672937924e-01
7.588950289925248116e-01
7.589151366850382940e-01
7.589352438448765392e-01
7.589553504720818466e-01
7.589754565666965158e-01
7.589955621287628462e-01
7.590156671583232484e-01
7.590357716554199108e-01
7.590558756200953550e-01
7.590759790523916584e-01
7.590960819523511205e-01
7.591161843200161519e-01
7.591362861554290520e-01
7.591563874586318983e-01
7.591764882296671013e-01
7.591965884685769606e-01
7.592166881754036645e-01
7.592367873501895126e-01
7.592568859929765823e-01
7.592769841038073952e-01
7.592970816827240288e-01
7.593171787297686715e-01
7.593372752449836227e-01
7.593573712284111821e-01
7.593774666800933160e-01
7.593975616000725459e-01
7.594176559883907274e-01
7.594377498450903818e-01
7.594578431702135868e-01
7.594779359638024196e-01
7.594980282258991799e-01
7.595181199565459451e-01
7.595382111557850147e-01
7.595583018236584660e-01
7.595783919602084877e-01
7.595984815654771571e-01
7.596185706395067738e-01
7.596386591823393042e-01
7.596587471940169367e-01
7.596788346745819709e-01
7.596989216240762621e-01
7.597190080425421099e-01
7.597390939300215917e-01
7.597591792865567850e-01
7.597792641121898782e-01
7.597993484069628378e-01
7.598194321709177412e-01
7.598395154040968880e-01
7.598595981065421334e-01
7.598796802782956661e-01
7.598997619193994524e-01
7.599198430298956808e-01
7.599399236098264288e-01
7.599600036592335517e-01
7.599800831781593491e-01
7.600001621666456764e-01
7.600202406247346110e-01
7.600403185524681193e-01
7.600603959498883899e-01
7.600804728170373892e-01
7.601005491539570835e-01
7.601206249606894394e-01
7.601407002372765342e-01
7.601607749837603345e-01
7.601808492001829176e-01
7.602009228865861390e-01
7.602209960430119651e-01
7.602410686695025843e-01
7.602611407660997411e-01
7.602812123328454019e-01
7.603012833697817552e-01
7.603213538769505453e-01
7.603414238543937387e-01
7.603614933021533018e-01
7.603815622202712010e-01
7.604016306087892918e-01
7.604216984677496516e-01
7.604417657971940248e-01
7.604618325971643777e-01
7.604818988677026770e-01
7.605019646088507779e-01
7.605220298206506468e-01
7.605420945031440283e-01
7.605621586563729997e-01
7.605822222803793053e-01
7.606022853752048007e-01
7.606223479408914523e-01
7.606424099774810044e-01
7.606624714850155344e-01
7.606825324635366758e-01
7.607025929130862840e-01
7.607226528337063254e-01
7.607427122254385443e-01
7.607627710883249073e-01
7.607828294224070476e-01
7.608028872277269317e-01
7.608229445043263039e-01
7.608430012522469088e-01
7.608630574715307127e-01
7.608831131622194599e-01
7.609031683243547839e-01
7.609232229579786511e-01
7.609432770631328058e-01
7.609633306398591035e-01
7.609833836881990665e-01
7.610034362081946613e-01
7.610234881998876322e-01
7.610435396633197236e-01
7.610635905985325689e-01
7.610836410055681345e-01
7.611036908844679427e-01
7.611237402352737380e-01
7.611437890580273757e-01
7.611638373527704893e-01
7.611838851195449340e-01
7.612039323583922323e-01
7.612239790693541286e-01
7.612440252524723672e-01
7.612640709077886925e-01
7.612841160353446268e-01
7.613041606351820256e-01
7.613242047073425223e-01
7.613442482518676391e-01
7.613642912687992315e-01
7.613843337581789328e-01
7.614043757200483764e-01
7.614244171544490847e-01
7.614444580614229130e-01
7.614644984410113837e-01
7.614845382932560192e-01
7.615045776181986747e-01
7.615246164158808728e-01
7.615446546863442467e-01
7.615646924296303188e-01
7.615847296457807225e-01
7.616047663348372021e-01
7.616248024968411690e-01
7.616448381318343674e-01
7.616648732398583199e-01
7.616849078209544377e-01
7.617049418751645762e-01
7.617249754025301467e-01
7.617450084030926716e-01
7.617650408768938952e-01
7.617850728239751179e-01
7.618051042443780840e-01
7.618251351381442049e-01
7.618451655053151139e-01
7.618651953459323334e-01
7.618852246600372746e-01
7.619052534476715710e-01
7.619252817088767449e-01
7.619453094436940965e-01
7.619653366521654814e-01
7.619853633343320887e-01
7.620053894902355518e-01
7.620254151199172821e-01
7.620454402234188018e-01
7.620654648007816334e-01
7.620854888520471881e-01
7.621055123772568773e-01
7.621255353764523344e-01
7.621455578496748595e-01
7.621655797969658641e-01
7.621856012183669815e-01
7.622056221139194010e-01
7.622256424836648669e-01
7.622456623276444576e-01
7.622656816458998064e-01
7.622857004384723245e-01
7.623057187054033124e-01
7.623257364467342923e-01
7.623457536625065645e-01
7.623657703527616514e-01
7.623857865175407422e-01
7.624058021568853594e-01
7.624258172708369141e-01
7.624458318594365958e-01
7.624658459227260376e-01
7.624858594607463180e-01
7.625058724735390703e-01
7.625258849611453726e-01
7.625458969236067475e-01
7.625659083609644950e-01
7.625859192732599157e-01
7.626059296605343096e-01
7.626259395228290883e-01
7.626459488601855519e-01
7.626659576726450007e-01
7.626859659602486241e-01
7.627059737230379444e-01
7.627259809610540398e-01
7.627459876743383216e-01
7.627659938629320902e-01
7.627859995268766458e-01
7.628060046662130667e-01
7.628260092809828752e-01
7.628460133712271496e-01
7.628660169369871902e-01
7.628860199783042972e-01
7.629060224952196601e-01
7.629260244877745789e-01
7.629460259560102431e-01
7.629660268999679529e-01
7.629860273196887865e-01
7.630060272152141554e-01
7.630260265865851377e-01
7.630460254338430337e-01
7.630660237570289217e-01
7.630860215561841020e-01
7.631060188313497639e-01
7.631260155825669855e-01
7.631460118098770673e-01
7.631660075133211985e-01
7.631860026929404572e-01
7.632059973487760329e-01
7.632259914808691148e-01
7.632459850892608921e-01
7.632659781739924432e-01
7.632859707351049572e-01
7.633059627726395124e-01
7.633259542866372982e-01
7.633459452771395037e-01
7.633659357441870963e-01
7.633859256878212651e-01
7.634059151080831995e-01
7.634259040050138667e-01
7.634458923786544560e-01
7.634658802290460455e-01
7.634858675562297137e-01
7.635058543602465386e-01
7.635258406411377097e-01
7.635458263989440830e-01
7.635658116337069590e-01
7.635857963454671937e-01
7.636057805342659766e-01
7.636257642001443857e-01
7.636457473431433884e-01
7.636657299633040630e-01
7.636857120606673766e-01
7.637056936352744074e-01
7.637256746871662338e-01
7.637456552163839341e-01
7.637656352229682533e-01
7.637856147069604917e-01
7.638055936684013947e-01
7.638255721073321514e-01
7.638455500237937290e-01
7.638655274178270949e-01
7.638855042894732161e-01
7.639054806387730601e-01
7.639254564657677049e-01
7.639454317704978958e-01
7.639654065530048221e-01
7.639853808133293400e-01
7.640053545515123057e-01
7.640253277675949084e-01
7.640453004616178934e-01
7.640652726336222278e-01
7.640852442836487679e-01
7.641052154117387030e-01
7.641251860179326671e-01
7.641451561022717387e-01
7.641651256647966628e-01
7.641850947055486287e-01
7.642050632245681596e-01
7.642250312218964448e-01
7.642449986975743403e-01
7.642649656516425916e-01
7.642849320841420546e-01
7.643048979951138078e-01
7.643248633845985962e-01
7.643448282526371651e-01
7.643647925992705927e-01
7.643847564245395132e-01
7.644047197284848938e-01
7.644246825111475907e-01
7.644446447725684601e-01
7.644646065127881362e-01
7.644845677318476973e-01
7.645045284297877775e-01
7.645244886066492329e-01
7.645444482624729199e-01
7.645644073972994725e-01
7.645843660111699691e-01
7.646043241041250438e-01
7.646242816762054417e-01
7.646442387274520192e-01
7.646641952579054102e-01
7.646841512676065822e-01
7.647041067565962802e-01
7.647240617249151384e-01
7.647440161726039021e-01
7.647639700997034273e-01
7.647839235062544594e-01
7.648038763922976324e-01
7.648238287578736916e-01
7.648437806030234931e-01
7.648637319277876712e-01
7.648836827322068599e-01
7.649036330163219155e-01
7.649235827801734722e-01
7.649435320238022751e-01
7.649634807472488474e-01
7.649834289505541562e-01
7.650033766337587249e-01
7.650233237969031874e-01
7.650432704400282891e-01
7.650632165631747750e-01
7.650831621663830573e-01
7.651031072496941032e-01
7.651230518131484359e-01
7.651429958567865786e-01
7.651629393806493873e-01
7.651828823847772743e-01
7.652028248692110957e-01
7.652227668339912636e-01
7.652427082791586344e-01
7.652626492047536200e-01
7.652825896108169657e-01
7.653025294973891945e-01
7.653224688645108298e-01
7.653424077122227276e-01
7.653623460405651890e-01
7.653822838495789593e-01
7.654022211393045616e-01
7.654221579097826300e-01
7.654420941610536877e-01
7.654620298931582578e-01
7.654819651061369745e-01
7.655018998000303609e-01
7.655218339748789402e-01
7.655417676307232355e-01
7.655617007676038810e-01
7.655816333855612887e-01
7.656015654846360929e-01
7.656214970648687057e-01
7.656414281262997612e-01
7.656613586689696715e-01
7.656812886929189599e-01
7.657012181981881493e-01
7.657211471848177631e-01
7.657410756528482132e-01
7.657610036023200228e-01
7.657809310332737152e-01
7.658008579457497023e-01
7.658207843397883963e-01
7.658407102154304313e-01
7.658606355727161086e-01
7.658805604116859511e-01
7.659004847323803711e-01
7.659204085348397806e-01
7.659403318191047028e-01
7.659602545852155497e-01
7.659801768332127336e-01
7.660000985631366666e-01
7.660200197750277606e-01
7.660399404689263170e-01
7.660598606448729697e-01
7.660797803029080200e-01
7.660996994430717688e-01
7.661196180654047394e-01
7.661395361699471218e-01
7.661594537567395502e-01
7.661793708258223257e-01
7.661992873772356383e-01
7.662192034110200112e-01
7.662391189272157455e-01
7.662590339258632532e-01
7.662789484070028356e-01
7.662988623706749047e-01
7.663187758169196506e-01
7.663386887457774854e-01
7.663586011572887102e-01
7.663785130514937372e-01
7.663984244284327563e-01
7.664183352881461797e-01
7.664382456306743086e-01
7.664581554560573329e-01
7.664780647643356648e-01
7.664979735555494944e-01
7.665178818297392338e-01
7.665377895869450731e-01
7.665576968272072023e-01
7.665776035505660335e-01
7.665975097570618679e-01
7.666174154467347845e-01
7.666373206196251955e-01
7.666572252757731798e-01
7.666771294152191496e-01
7.666970330380032950e-01
7.667169361441658060e-01
7.667368387337468727e-01
7.667567408067867962e-01
7.667766423633258777e-01
7.667965434034040850e-01
7.668164439270618304e-01
7.668363439343391930e-01
7.668562434252764737e-01
7.668761423999137516e-01
7.668960408582912169e-01
7.669159388004491706e-01
7.669358362264278028e-01
7.669557331362670816e-01
7.669756295300073079e-01
7.669955254076885609e-01
7.670154207693511417e-01
7.670353156150350182e-01
7.670552099447804917e-01
7.670751037586276411e-01
7.670949970566165454e-01
7.671148898387872839e-01
7.671347821051802685e-01
7.671546738558352452e-01
7.671745650907925151e-01
7.671944558100922684e-01
7.672143460137744730e-01
7.672342357018792081e-01
7.672541248744466635e-01
7.672740135315168075e-01
7.672939016731298301e-01
7.673137892993258102e-01
7.673336764101447161e-01
7.673535630056266266e-01
7.673734490858117319e-01
7.673933346507400000e-01
7.674132197004513989e-01
7.674331042349861187e-01
7.674529882543841275e-01
7.674728717586853932e-01
7.674927547479301060e-01
7.675126372221582338e-01
7.675325191814096337e-01
7.675524006257244958e-01
7.675722815551427880e-01
7.675921619697045895e-01
7.676120418694497571e-01
7.676319212544182591e-01
7.676518001246501743e-01
7.676716784801855820e-01
7.676915563210642279e-01
7.677114336473263023e-01
7.677313104590116621e-01
7.677511867561602754e-01
7.677710625388119992e-01
7.677909378070070234e-01
7.678108125607850942e-01
7.678306868001862906e-01
7.678505605252503585e-01
7.678704337360174881e-01
7.678903064325273142e-01
7.679101786148200270e-01
7.679300502829353725e-01
7.679499214369133187e-01
7.679697920767937225e-01
7.679896622026165520e-01
7.680095318144216643e-01
7.680294009122490273e-01
7.680492694961383870e-01
7.680691375661296005e-01
7.680890051222627468e-01
7.681088721645775719e-01
7.681287386931139327e-01
7.681486047079115753e-01
7.681684702090105787e-01
7.681883351964506890e-01
7.682081996702717630e-01
7.682280636305136579e-01
7.682479270772160085e-01
7.682677900104190050e-01
7.682876524301621712e-01
7.683075143364853643e-01
7.683273757294285522e-01
7.683472366090313699e-01
7.683670969753336744e-01
7.683869568283753226e-01
7.684068161681960607e-01
7.684266749948357456e-01
7.684465333083340122e-01
7.684663911087307175e-01
7.684862483960656077e-01
7.685061051703785395e-01
7.685259614317091481e-01
7.685458171800972904e-01
7.685656724155826014e-01
7.685855271382049381e-01
7.686053813480039354e-01
7.686252350450194504e-01
7.686450882292911180e-01
7.686649409008587952e-01
7.686847930597620060e-01
7.687046447060406074e-01
7.687244958397342343e-01
7.687443464608825217e-01
7.687641965695254376e-01
7.687840461657023949e-01
7.688038952494532507e-01
7.688237438208175289e-01
7.688435918798350865e-01
7.688634394265455585e-01
7.688832864609884687e-01
7.689031329832036743e-01
7.689229789932306991e-01
7.689428244911092891e-01
7.689626694768789683e-01
7.689825139505794827e-01
7.690023579122504671e-01
7.690222013619314456e-01
7.690420442996621642e-01
7.690618867254822577e-01
7.690817286394312502e-01
7.691015700415487766e-01
7.691214109318745829e-01
7.691412513104479709e-01
7.691610911773087977e-01
7.691809305324965873e-01
7.692007693760509746e-01
7.692206077080113724e-01
7.692404455284175269e-01
7.692602828373088508e-01
7.692801196347250903e-01
7.692999559207057692e-01
7.693197916952903004e-01
7.693396269585183189e-01
7.693594617104294597e-01
7.693792959510631357e-01
7.693991296804588709e-01
7.694189628986564111e-01
7.694387956056949474e-01
7.694586278016143366e-01
7.694784594864538807e-01
7.694982906602531036e-01
7.695181213230515294e-01
7.695379514748887928e-01
7.695577811158041959e-01
7.695776102458372625e-01
7.695974388650276277e-01
7.696172669734145932e-01
7.696370945710376832e-01
7.696569216579364214e-01
7.696767482341502209e-01
7.696965742997186055e-01
7.697163998546809882e-01
7.697362248990766709e-01
7.697560494329453995e-01
7.697758734563263650e-01
7.697956969692590912e-01
7.698155199717831021e-01
7.698353424639375886e-01
7.698551644457621856e-01
7.698749859172961951e-01
7.698948068785790300e-01
7.699146273296501031e-01
7.699344472705489384e-01
7.699542667013147268e-01
7.699740856219869922e-01
7.699939040326050366e-01
7.700137219332081617e-01
7.700335393238360027e-01
7.700533562045277503e-01
7.700731725753228174e-01
7.700929884362603950e-01
7.701128037873801180e-01
7.701326186287211772e-01
7.701524329603228747e-01
7.701722467822246232e-01
7.701920600944657247e-01
7.702118728970855921e-01
7.702316851901234163e-01
7.702514969736184991e-01
7.702713082476103645e-01
7.702911190121380924e-01
7.703109292672410957e-01
7.703307390129585652e-01
7.703505482493300249e-01
7.703703569763944436e-01
7.703901651941914563e-01
7.704099729027600318e-01
7.704297801021395831e-01
7.704495867923693009e-01
7.704693929734885982e-01
7.704891986455365549e-01
7.705090038085525839e-01
7.705288084625757650e-01
7.705486126076455111e-01
7.705684162438009022e-01
7.705882193710813510e-01
7.706080219895258265e-01
7.706278240991738526e-01
7.706476257000643981e-01
7.706674267922367649e-01
7.706872273757301439e-01
7.707070274505837260e-01
7.707268270168368129e-01
7.707466260745284847e-01
7.707664246236979322e-01
7.707862226643844572e-01
7.708060201966270286e-01
7.708258172204649483e-01
7.708456137359374072e-01
7.708654097430834851e-01
7.708852052419424838e-01
7.709050002325532613e-01
7.709247947149552305e-01
7.709445886891874711e-01
7.709643821552890630e-01
7.709841751132991972e-01
7.710039675632569534e-01
7.710237595052015225e-01
7.710435509391719844e-01
7.710633418652073079e-01
7.710831322833467949e-01
7.711029221936295253e-01
7.711227115960944678e-01
7.711425004907808134e-01
7.711622888777276419e-01
7.711820767569739221e-01
7.712018641285589560e-01
7.712216509925216013e-01
7.712414373489010488e-01
7.712612231977362676e-01
7.712810085390663373e-01
7.713007933729303378e-01
7.713205776993673490e-01
7.713403615184163398e-01
7.713601448301163899e-01
7.713799276345065792e-01
7.713997099316257655e-01
7.714194917215131397e-01
7.714392730042075597e-01
7.714590537797482162e-01
7.714788340481739670e-01
7.714986138095238921e-01
7.715183930638369603e-01
7.715381718111521403e-01
7.715579500515085121e-01
7.715777277849449334e-01
7.715975050115004841e-01
7.716172817312140220e-01
7.716370579441246269e-01
7.716568336502711567e-01
7.716766088496925802e-01
7.716963835424279772e-01
7.717161577285160945e-01
7.717359314079960120e-01
7.717557045809066985e-01
7.717754772472870117e-01
7.717952494071758096e-01
7.718150210606120609e-01
7.718347922076348455e-01
7.718545628482827992e-01
7.718743329825950017e-01
7.718941026106103109e-01
7.719138717323676957e-01
7.719336403479059028e-01
7.719534084572639010e-01
7.719731760604805482e-01
7.719929431575947021e-01
7.720127097486453316e-01
7.720324758336711835e-01
7.720522414127112265e-01
7.720720064858042075e-01
7.720917710529890954e-01
7.721115351143045258e-01
7.721312986697895786e-01
7.721510617194830006e-01
7.721708242634236496e-01
7.721905863016502725e-01
7.722103478342017269e-01
7.722301088611168707e-01
7.722498693824344507e-01
7.722696293981933247e-01
7.722893889084322394e-01
7.723091479131900527e-01
7.723289064125056225e-01
7.723486644064174733e-01
7.723684218949646851e-01
7.723881788781857827e-01
7.724079353561197347e-01
7.724276913288051771e-01
7.724474467962809676e-01
7.724672017585858530e-01
7.724869562157584690e-01
7.725067101678377846e-01
7.725264636148622133e-01
7.725462165568708350e-01
7.725659689939021746e-01
7.725857209259949787e-01
7.726054723531879942e-01
7.726252232755199678e-01
7.726449736930295353e-01
7.726647236057555546e-01
7.726844730137365502e-01
7.727042219170113801e-01
7.727239703156185691e-01
7.727437182095969748e-01
7.727634655989851220e-01
7.727832124838217576e-01
7.728029588641456282e-01
7.728227047399952587e-01
7.728424501114093959e-01
7.728621949784266754e-01
7.728819393410858440e-01
7.729016831994254266e-01
7.729214265534840589e-01
7.729411694033003766e-01
7.729609117489131265e-01
7.729806535903609443e-01
7.730003949276822439e-01
7.730201357609158830e-01
7.730398760901002753e-01
7.730596159152741675e-01
7.730793552364760846e-01
7.730990940537446621e-01
7.731188323671185358e-01
7.731385701766362306e-01
7.731583074823363821e-01
7.731780442842575152e-01
7.731977805824381544e-01
7.732175163769169357e-01
7.732372516677324947e-01
7.732569864549233563e-01
7.732767207385279340e-01
7.732964545185849747e-01
7.733161877951327812e-01
7.733359205682102111e-01
7.733556528378555672e-01
7.733753846041073743e-01
7.733951158670042680e-01
7.734148466265847732e-01
7.734345768828873036e-01
7.734543066359503838e-01
7.734740358858125386e-01
7.734937646325124039e-01
7.735134928760882822e-01
7.735332206165786983e-01
7.735529478540221771e-01
7.735726745884572431e-01
7.735924008199223101e-01
7.736121265484559029e-01
7.736318517740964351e-01
7.736515764968823206e-01
7.736713007168520839e-01
7.736910244340442500e-01
7.737107476484971214e-01
7.737304703602492228e-01
7.737501925693388571e-01
7.737699142758046600e-01
7.737896354796849341e-01
7.738093561810182042e-01
7.738290763798427729e-01
7.738487960761970541e-01
7.738685152701194614e-01
7.738882339616485195e-01
7.739079521508225312e-01
7.739276698376797992e-01
7.739473870222588481e-01
7.739671037045980917e-01
7.739868198847357217e-01
7.740065355627102628e-01
7.740262507385600177e-01
7.740459654123234001e-01
7.740656795840387128e-01
7.740853932537443693e-01
7.741051064214786726e-01
7.741248190872800361e-01
7.741445312511866517e-01
7.741642429132369330e-01
7.741839540734692937e-01
7.742036647319219256e-01
7.742233748886331313e-01
7.742430845436414355e-01
7.742627936969849189e-01
7.742825023487019953e-01
7.743022104988309673e-01
7.743219181474101376e-01
7.743416252944776978e-01
7.743613319400719508e-01
7.743810380842313101e-01
7.744007437269939675e-01
7.744204488683981147e-01
7.744401535084821653e-01
7.744598576472843110e-01
7.744795612848427435e-01
7.744992644211957655e-01
7.745189670563816797e-01
7.745386691904386778e-01
7.745583708234049514e-01
7.745780719553188032e-01
7.745977725862184249e-01
7.746174727161421192e-01
7.746371723451279667e-01
7.746568714732142702e-01
7.746765701004391103e-01
7.746962682268409006e-01
7.747159658524577219e-01
7.747356629773276548e-01
7.747553596014891131e-01
7.747750557249801773e-01
7.747947513478389281e-01
7.748144464701036682e-01
7.748341410918125893e-01
7.748538352130036611e-01
7.748735288337152971e-01
7.748932219539854671e-01
7.749129145738523627e-01
7.749326066933541757e-01
7.749522983125289866e-01
7.749719894314148760e-01
7.749916800500501468e-01
7.750113701684728795e-01
7.750310597867210438e-01
7.750507489048329424e-01
7.750704375228464338e-01
7.750901256407999318e-01
7.751098132587314060e-01
7.751295003766788261e-01
7.751491869946804947e-01
7.751688731127742704e-01
7.751885587309984560e-01
7.752082438493910210e-01
7.752279284679900462e-01
7.752476125868336121e-01
7.752672962059597994e-01
7.752869793254065778e-01
7.753066619452120278e-01
7.753263440654142302e-01
7.753460256860512656e-01
7.753657068071611036e-01
7.753853874287818249e-01
7.754050675509513990e-01
7.754247471737077957e-01
7.754444262970892066e-01
7.754641049211336012e-01
7.754837830458789494e-01
7.755034606713631096e-01
7.755231377976243845e-01
7.755428144247005218e-01
7.755624905526296020e-01
7.755821661814495949e-01
7.756018413111984700e-01
7.756215159419141969e-01
7.756411900736348564e-01
7.756608637063983069e-01
7.756805368402425183e-01
7.757002094752053489e-01
7.757198816113249906e-01
7.757395532486391909e-01
7.757592243871859194e-01
7.757788950270032569e-01
7.757985651681289507e-01
7.758182348106009707e-01
7.758379039544572864e-01
7.758575725997358674e-01
7.758772407464744614e-01
7.758969083947111489e-01
7.759165755444836776e-01
7.759362421958301281e-01
7.759559083487881370e-01
7.759755740033958960e-01
7.759952391596910415e-01
7.760149038177115433e-01
7.760345679774953709e-01
7.760542316390801609e-01
7.760738948025039941e-01
7.760935574678046178e-01
7.761132196350200019e-01
7.761328813041878938e-01
7.761525424753460412e-01
7.761722031485325246e-01
7.761918633237850917e-01
7.762115230011413791e-01
7.762311821806394674e-01
7.762508408623171041e-01
7.762704990462121479e-01
7.762901567323622354e-01
7.763098139208053361e-01
7.763294706115791977e-01
7.763491268047215677e-01
7.763687825002703047e-01
7.763884376982632674e-01
7.764080923987380922e-01
7.764277466017326379e-01
7.764474003072846520e-01
7.764670535154318820e-01
7.764867062262121866e-01
7.765063584396632024e-01
7.765260101558226769e-01
7.765456613747285797e-01
7.765653120964184364e-01
7.765849623209299946e-01
7.766046120483011128e-01
7.766242612785694277e-01
7.766439100117726868e-01
7.766635582479485267e-01
7.766832059871349170e-01
7.767028532293692722e-01
7.767224999746894509e-01
7.767421462231332008e-01
7.767617919747380473e-01
7.767814372295418490e-01
7.768010819875822426e-01
7.768207262488968645e-01
7.768403700135234624e-01
7.768600132814995618e-01
7.768796560528630213e-01
7.768992983276514774e-01
7.769189401059024558e-01
7.769385813876537039e-01
7.769582221729429694e-01
7.769778624618076668e-01
7.769975022542855436e-01
7.770171415504143475e-01
7.770367803502314930e-01
7.770564186537747275e-01
7.770760564610817989e-01
7.770956937721900104e-01
7.771153305871373318e-01
7.771349669059610665e-01
7.771546027286989622e-01
7.771742380553885443e-01
7.771938728860675605e-01
7.772135072207734252e-01
7.772331410595437751e-01
7.772527744024162466e-01
7.772724072494282543e-01
7.772920396006176569e-01
7.773116714560217577e-01
7.773313028156780824e-01
7.773509336796244895e-01
7.773705640478981715e-01
7.773901939205369871e-01
7.774098232975782397e-01
7.774294521790595658e-01
7.774490805650184910e-01
7.774687084554925409e-01
7.774883358505192410e-01
7.775079627501361168e-01
7.775275891543806939e-01
7.775472150632903867e-01
7.775668404769027209e-01
7.775864653952553329e-01
7.776060898183855263e-01
7.776257137463308267e-01
7.776453371791288705e-01
7.776649601168170722e-01
7.776845825594327355e-01
7.777042045070134968e-01
7.777238259595968817e-01
7.777434469172200826e-01
7.777630673799208472e-01
7.777826873477364789e-01
7.778023068207043922e-01
7.778219257988621127e-01
7.778415442822470549e-01
7.778611622708967444e-01
7.778807797648483735e-01
7.779003967641394679e-01
7.779200132688075531e-01
7.779396292788899325e-01
7.779592447944240208e-01
7.779788598154472323e-01
7.779984743419969817e-01
7.780180883741106834e-01
7.780377019118257520e-01
7.780573149551793799e-01
7.780769275042092037e-01
7.780965395589524158e-01
7.781161511194464309e-01
7.781357621857286633e-01
7.781553727578364166e-01
7.781749828358071053e-01
7.781945924196780329e-01
7.782142015094866139e-01
7.782338101052700408e-01
7.782534182070657280e-01
7.782730258149110902e-01
7.782926329288434308e-01
7.783122395488999423e-01
7.783318456751181502e-01
7.783514513075351360e-01
7.783710564461884251e-01
7.783906610911150992e-01
7.784102652423526836e-01
7.784298688999382598e-01
7.784494720639093535e-01
7.784690747343030459e-01
7.784886769111566407e-01
7.785082785945075523e-01
7.785278797843929732e-01
7.785474804808500959e-01
7.785670806839163349e-01
7.785866803936288827e-01
7.786062796100248207e-01
7.786258783331416744e-01
7.786454765630165253e-01
7.786650742996866770e-01
7.786846715431893218e-01
7.787042682935616522e-01
7.787238645508409718e-01
7.787434603150644730e-01
7.787630555862693482e-01
7.787826503644929010e-01
7.788022446497722129e-01
7.788218384421444762e-01
7.788414317416469945e-01
7.788610245483169603e-01
7.788806168621914550e-01
7.789002086833076710e-01
7.789198000117029119e-01
7.789393908474142592e-01
7.789589811904789052e-01
7.789785710409339314e-01
7.789981603988166414e-01
7.790177492641640056e-01
7.790373376370134384e-01
7.790569255174017993e-01
7.790765129053663918e-01
7.790960998009442973e-01
7.791156862041727083e-01
7.791352721150887062e-01
7.791548575337294835e-01
7.791744424601320107e-01
7.791940268943334802e-01
7.792136108363709734e-01
7.792331942862816829e-01
7.792527772441025791e-01
7.792723597098708543e-01
7.792919416836235902e-01
7.793115231653977570e-01
7.793311041552305474e-01
7.793506846531590426e-01
7.793702646592203243e-01
7.793898441734513627e-01
7.794094231958892394e-01
7.794290017265710357e-01
7.794485797655338333e-01
7.794681573128147134e-01
7.794877343684505355e-01
7.795073109324786031e-01
7.795268870049356646e-01
7.795464625858590235e-01
7.795660376752854281e-01
7.795856122732521820e-01
7.796051863797960335e-01
7.796247599949541751e-01
7.796443331187635772e-01
7.796639057512612103e-01
7.796834778924840448e-01
7.797030495424691621e-01
7.797226207012534216e-01
7.797421913688739048e-01
7.797617615453675821e-01
7.797813312307713129e-01
7.798009004251222898e-01
7.798204691284572609e-01
7.798400373408131969e-01
7.798596050622271791e-01
7.798791722927361780e-01
7.798987390323769420e-01
7.799183052811866634e-01
7.799378710392019798e-01
7.799574363064600835e-01
7.799770010829978339e-01
7.799965653688520906e-01
7.800161291640597128e-01
7.800356924686577820e-01
7.800552552826831576e-01
7.800748176061726991e-01
7.800943794391632657e-01
7.801139407816918281e-01
7.801335016337952455e-01
7.801530619955103774e-01
7.801726218668741941e-01
7.801921812479234442e-01
7.802117401386950979e-01
7.802312985392260147e-01
7.802508564495530541e-01
7.802704138697129643e-01
7.802899707997427159e-01
7.803095272396791682e-01
7.803290831895590696e-01
7.803486386494192795e-01
7.803681936192967683e-01
7.803877480992281734e-01
7.804073020892503543e-01
7.804268555894002812e-01
7.804464085997145917e-01
7.804659611202302560e-01
7.804855131509839117e-01
7.805050646920125290e-01
7.805246157433527454e-01
7.805441663050415313e-01
7.805637163771155240e-01
7.805832659596114720e-01
7.806028150525663456e-01
7.806223636560167822e-01
7.806419117699995303e-01
7.806614593945514491e-01
7.806810065297092871e-01
7.807005531755096817e-01
7.807200993319894922e-01
7.807396449991854670e-01
7.807591901771343545e-01
7.807787348658727922e-01
7.807982790654376393e-01
7.808178227758655332e-01
7.808373659971932224e-01
7.808569087294574551e-01
7.808764509726949798e-01
7.808959927269423229e-01
7.809155339922363437e-01
7.809350747686137906e-01
7.809546150561111899e-01
7.809741548547654011e-01
7.809936941646130615e-01
7.810132329856906974e-01
7.810327713180352793e-01
7.810523091616832225e-01
7.810718465166712754e-01
7.810913833830360753e-01
7.811109197608143706e-01
7.811304556500427987e-01
7.811499910507579969e-01
7.811695259629966026e-01
7.811890603867951421e-01
7.812085943221904749e-01
7.812281277692190162e-01
7.812476607279175145e-01
7.812671931983226070e-01
7.812867251804708202e-01
7.813062566743987913e-01
7.813257876801432689e-01
7.813453181977406681e-01
7.813648482272276263e-01
7.813843777686408920e-01
7.814039068220168804e-01
7.814234353873922290e-01
7.814429634648035750e-01
7.814624910542873337e-01
7.814820181558803647e-01
7.815015447696189721e-01
7.815210708955397934e-01
7.815405965336793548e-01
7.815601216840744048e-01
7.815796463467612476e-01
7.815991705217765206e-01
7.816186942091568612e-01
7.816382174089385737e-01
7.816577401211584064e-01
7.816772623458528857e-01
7.816967840830583159e-01
7.817163053328114453e-01
7.817358260951486892e-01
7.817553463701065741e-01
7.817748661577215152e-01
7.817943854580301499e-01
7.818139042710688935e-01
7.818334225968742723e-01
7.818529404354828127e-01
7.818724577869308190e-01
7.818919746512549285e-01
7.819114910284916675e-01
7.819310069186773404e-01
7.819505223218483625e-01
7.819700372380414821e-01
7.819895516672928926e-01
7.820090656096391202e-01
7.820285790651165803e-01
7.820480920337619102e-01
7.820676045156111922e-01
7.820871165107011747e-01
7.821066280190680509e-01
7.821261390407484582e-01
7.821456495757787009e-01
7.821651596241950832e-01
7.821846691860342426e-01
7.822041782613324834e-01
7.822236868501261098e-01
7.822431949524515371e-01
7.822627025683452917e-01
7.822822096978437889e-01
7.823017163409831110e-01
7.823212224977998952e-01
7.823407281683304459e-01
7.823602333526111785e-01
7.823797380506783972e-01
7.823992422625684062e-01
7.824187459883176210e-01
7.824382492279624568e-01
7.824577519815391069e-01
7.824772542490840976e-01
7.824967560306336223e-01
7.825162573262239851e-01
7.825357581358917125e-01
7.825552584596728867e-01
7.825747582976039229e-01
7.825942576497212366e-01
7.826137565160610210e-01
7.826332548966595803e-01
7.826527527915532190e-01
7.826722502007782412e-01
7.826917471243710622e-01
7.827112435623677644e-01
7.827307395148046520e-01
7.827502349817181404e-01
7.827697299631444228e-01
7.827892244591198034e-01
7.828087184696804757e-01
7.828282119948627438e-01
7.828477050347028010e-01
7.828671975892370627e-01
7.828866896585016111e-01
7.829061812425327505e-01
7.829256723413666741e-01
7.829451629550396863e-01
7.829646530835879803e-01
7.829841427270476384e-01
7.830036318854551869e-01
7.830231205588465970e-01
7.830426087472581731e-01
7.830620964507259973e-01
7.830815836692864851e-01
7.831010704029756075e-01
7.831205566518297800e-01
7.831400424158849738e-01
7.831595276951774931e-01
7.831790124897434202e-01
7.831984967996191704e-01
7.832179806248406040e-01
7.832374639654440251e-01
7.832569468214656272e-01
7.832764291929414924e-01
7.832959110799078140e-01
7.833153924824007852e-01
7.833348734004564884e-01
7.833543538341110057e-01
7.833738337834005305e-01
7.833933132483612560e-01
7.834127922290291535e-01
7.834322707254405271e-01
7.834517487376313483e-01
7.834712262656376991e-01
7.834907033094958839e-01
7.835101798692417630e-01
7.835296559449116405e-01
7.835491315365414877e-01
7.835686066441673869e-01
7.835880812678255314e-01
7.836075554075517813e-01
7.836270290633824409e-01
7.836465022353535925e-01
7.836659749235010963e-01
7.836854471278611456e-01
7.837049188484697115e-01
7.837243900853629874e-01
7.837438608385768335e-01
7.837633311081475540e-01
7.837828008941108981e-01
7.838022701965030592e-01
7.838217390153601194e-01
7.838412073507179390e-01
7.838606752026126001e-01
7.838801425710801851e-01
7.838996094561567762e-01
7.839190758578781226e-01
7.839385417762804176e-01
7.839580072113996323e-01
7.839774721632717380e-01
7.839969366319327060e-01
7.840164006174185074e-01
7.840358641197652245e-01
7.840553271390087176e-01
7.840747896751850687e-01
7.840942517283301383e-01
7.841137132984800084e-01
7.841331743856705394e-01
7.841526349899377024e-01
7.841720951113173577e-01
7.841915547498456984e-01
7.842110139055583629e-01
7.842304725784915442e-01
7.842499307686811028e-01
7.842693884761627876e-01
7.842888457009727921e-01
7.843083024431468653e-01
7.843277587027208675e-01
7.843472144797308809e-01
7.843666697742127658e-01
7.843861245862023823e-01
7.844055789157355907e-01
7.844250327628482511e-01
7.844444861275764458e-01
7.844639390099559240e-01
7.844833914100225458e-01
7.845028433278121716e-01
7.845222947633607724e-01
7.845417457167040975e-01
7.845611961878780072e-01
7.845806461769184725e-01
7.846000956838613538e-01
7.846195447087422892e-01
7.846389932515973609e-01
7.846584413124623181e-01
7.846778888913729100e-01
7.846973359883649968e-01
7.847167826034745497e-01
7.847362287367372069e-01
7.847556743881889396e-01
7.847751195578653860e-01
7.847945642458025173e-01
7.848140084520359716e-01
7.848334521766017202e-01
7.848528954195355123e-01
7.848723381808729860e-01
7.848917804606501125e-01
7.849112222589025301e-01
7.849306635756660988e-01
7.849501044109766790e-01
7.849695447648697977e-01
7.849889846373814262e-01
7.850084240285473136e-01
7.850278629384029871e-01
7.850473013669845290e-01
7.850667393143273554e-01
7.850861767804674374e-01
7.851056137654405243e-01
7.851250502692821431e-01
7.851444862920281542e-01
7.851639218337143067e-01
7.851833568943762387e-01
7.852027914740498105e-01
7.852222255727704381e-01
7.852416591905742038e-01
7.852610923274965238e-01
7.852805249835731471e-01
7.852999571588398231e-01
7.853193888533323008e-01
7.853388200670861075e-01
7.853582508001369922e-01
7.853776810525207042e-01
7.853971108242727706e-01
7.854165401154290516e-01
7.854359689260249633e-01
7.854553972560962549e-01
7.854748251056787867e-01
7.854942524748078636e-01
7.855136793635193460e-01
7.855331057718488719e-01
7.855525316998319685e-01
7.855719571475042740e-01
7.855913821149015375e-01
7.856108066020592862e-01
7.856302306090131582e-01
7.856496541357987917e-01
7.856690771824518249e-01
7.856884997490076739e-01
7.857079218355020878e-01
7.857273434419707048e-01
7.857467645684490520e-01
7.857661852149726567e-01
7.857856053815771569e-01
7.858050250682981908e-01
7.858244442751711745e-01
7.858438630022318572e-01
7.858632812495156550e-01
7.858826990170583171e-01
7.859021163048951486e-01
7.859215331130618987e-01
7.859409494415939834e-01
7.859603652905270410e-01
7.859797806598965986e-01
7.859991955497380722e-01
7.860186099600871001e-01
7.860380238909792094e-01
7.860574373424499273e-01
7.860768503145347808e-01
7.860962628072691860e-01
7.861156748206886702e-01
7.861350863548287604e-01
7.861544974097249838e-01
7.861739079854128676e-01
7.861933180819278277e-01
7.862127276993052805e-01
7.862321368375808639e-01
7.862515454967899942e-01
7.862709536769681984e-01
7.862903613781507817e-01
7.863097686003733822e-01
7.863291753436713050e-01
7.863485816080801882e-01
7.863679873936352260e-01
7.863873927003721676e-01
7.864067975283262069e-01
7.864262018775328711e-01
7.864456057480276874e-01
7.864650091398459608e-01
7.864844120530231075e-01
7.865038144875945436e-01
7.865232164435957962e-01
7.865426179210621704e-01
7.865620189200291934e-01
7.865814194405321702e-01
7.866008194826064059e-01
7.866202190462875388e-01
7.866396181316106517e-01
7.866590167386113830e-01
7.866784148673250376e-01
7.866978125177870318e-01
7.867172096900326705e-01
7.867366063840972590e-01
7.867560026000163242e-01
7.867753983378250604e-01
7.867947935975588836e-01
7.868141883792532099e-01
7.868335826829433444e-01
7.868529765086645922e-01
7.868723698564522584e-01
7.868917627263418701e-01
7.869111551183685105e-01
7.869305470325675955e-01
7.869499384689745414e-01
7.869693294276245421e-01
7.869887199085529028e-01
7.870081099117950396e-01
7.870274994373861466e-01
7.870468884853616398e-01
7.870662770557566024e-01
7.870856651486065614e-01
7.871050527639465999e-01
7.871244399018121340e-01
7.871438265622384689e-01
7.871632127452606875e-01
7.871825984509143170e-01
7.872019836792343295e-01
7.872213684302562520e-01
7.872407527040151676e-01
7.872601365005462704e-01
7.872795198198850875e-01
7.872989026620665909e-01
7.873182850271260858e-01
7.873376669150988771e-01
7.873570483260201591e-01
7.873764292599251258e-01
7.873958097168489711e-01
7.874151896968270004e-01
7.874345691998944075e-01
7.874539482260862755e-01
7.874733267754380206e-01
7.874927048479846148e-01
7.875120824437613631e-01
7.875314595628034597e-01
7.875508362051460987e-01
7.875702123708243629e-01
7.875895880598735577e-01
7.876089632723287659e-01
7.876283380082252927e-01
7.876477122675981102e-01
7.876670860504824123e-01
7.876864593569135042e-01
7.877058321869263580e-01
7.877252045405562786e-01
7.877445764178382381e-01
7.877639478188075417e-01
7.877833187434991613e-01
7.878026891919484020e-01
7.878220591641902359e-01
7.878414286602598571e-01
7.878607976801923485e-01
7.878801662240227932e-01
7.878995342917863853e-01
7.879189018835182079e-01
7.879382689992532329e-01
7.879576356390267655e-01
7.879770018028737777e-01
7.879963674908293525e-01
7.880157327029285730e-01
7.880350974392064112e-01
7.880544616996981722e-01
7.880738254844388280e-01
7.880931887934633506e-01
7.881125516268069342e-01
7.881319139845045507e-01
7.881512758665911722e-01
7.881706372731019927e-01
7.881899982040720953e-01
7.882093586595363410e-01
7.882287186395298129e-01
7.882480781440875939e-01
7.882674371732447671e-01
7.882867957270361936e-01
7.883061538054969564e-01
7.883255114086621385e-01
7.883448685365667119e-01
7.883642251892456487e-01
7.883835813667339210e-01
7.884029370690666116e-01
7.884222922962785818e-01
7.884416470484049144e-01
7.884610013254806926e-01
7.884803551275406663e-01
7.884997084546199186e-01
7.885190613067534215e-01
7.885384136839762581e-01
7.885577655863231783e-01
7.885771170138291541e-01
7.885964679665293797e-01
7.886158184444584940e-01
7.886351684476516910e-01
7.886545179761437208e-01
7.886738670299695553e-01
7.886932156091642776e-01
7.887125637137626377e-01
7.887319113437997187e-01
7.887512584993102704e-01
7.887706051803292651e-01
7.887899513868916745e-01
7.888092971190322489e-01
7.888286423767860711e-01
7.888479871601880022e-01
7.888673314692729033e-01
7.888866753040756352e-01
7.889060186646310591e-01
7.889253615509741469e-01
7.889447039631396486e-01
7.889640459011625362e-01
7.889833873650776708e-01
7.890027283549199133e-01
7.890220688707240138e-01
7.890414089125249442e-01
7.890607484803575655e-01
7.890800875742567388e-01
7.890994261942571031e-01
7.891187643403937413e-01
7.891381020127012924e-01
7.891574392112147285e-01
7.891767759359687995e-01
7.891961121869983664e-01
7.892154479643381793e-01
7.892347832680232100e-01
7.892541180980879867e-01
7.892734524545675923e-01
7.892927863374966657e-01
7.893121197469099570e-01
7.893314526828424382e-01
7.893507851453287483e-01
7.893701171344037482e-01
7.893894486501021879e-01
7.894087796924588174e-01
7.894281102615083867e-01
7.894474403572857568e-01
7.894667699798255667e-01
7.894860991291626773e-01
7.895054278053317276e-01
7.895247560083675786e-01
7.895440837383049804e-01
7.895634109951784607e-01
7.895827377790231028e-01
7.896020640898733234e-01
7.896213899277639836e-01
7.896407152927297224e-01
7.896600401848054007e-01
7.896793646040256576e-01
7.896986885504252429e-01
7.897180120240386847e-01
7.897373350249009549e-01
7.897566575530464705e-01
7.897759796085102035e-01
7.897953011913265708e-01
7.898146223015304335e-01
7.898339429391565414e-01
7.898532631042393115e-01
7.898725827968136048e-01
7.898919020169139493e-01
7.899112207645752060e-01
7.899305390398319027e-01
7.899498568427186784e-01
7.899691741732702832e-01
7.899884910315212450e-01
7.900078074175062026e-01
7.900271233312599062e-01
7.900464387728168836e-01
7.900657537422118848e-01
7.900850682394794378e-01
7.901043822646540704e-01
7.901236958177706438e-01
7.901430088988635747e-01
7.901623215079675022e-01
7.901816336451171763e-01
7.902009453103469028e-01
7.902202565036915427e-01
7.902395672251856240e-01
7.902588774748636746e-01
7.902781872527602225e-01
7.902974965589100176e-01
7.903168053933474768e-01
7.903361137561073502e-01
7.903554216472239435e-01
7.903747290667320069e-01
7.903940360146660682e-01
7.904133424910606553e-01
7.904326484959502963e-01
7.904519540293696300e-01
7.904712590913530734e-01
7.904905636819352654e-01
7.905098678011506230e-01
7.905291714490337851e-01
7.905484746256191686e-01
7.905677773309413015e-01
7.905870795650348226e-01
7.906063813279342600e-01
7.906256826196739196e-01
7.906449834402883292e-01
7.906642837898122389e-01
7.906835836682798435e-01
7.907028830757257820e-01
7.907221820121844713e-01
7.907414804776905504e-01
7.907607784722783251e-01
7.907800759959823234e-01
7.907993730488369621e-01
7.908186696308767694e-01
7.908379657421362730e-01
7.908572613826497788e-01
7.908765565524518149e-01
7.908958512515767980e-01
7.909151454800591452e-01
7.909344392379333843e-01
7.909537325252339324e-01
7.909730253419952062e-01
7.909923176882516227e-01
7.910116095640375988e-01
7.910309009693874405e-01
7.910501919043357866e-01
7.910694823689169430e-01
7.910887723631652158e-01
7.911080618871151326e-01
7.911273509408011106e-01
7.911466395242573446e-01
7.911659276375184735e-01
7.911852152806188032e-01
7.912045024535925286e-01
7.912237891564742887e-01
7.912430753892983892e-01
7.912623611520990252e-01
7.912816464449107245e-01
7.913009312677679041e-01
7.913202156207046478e-01
7.913394995037555946e-01
7.913587829169549392e-01
7.913780658603370988e-01
7.913973483339363790e-01
7.914166303377870859e-01
7.914359118719235253e-01
7.914551929363801142e-01
7.914744735311910473e-01
7.914937536563908527e-01
7.915130333120136141e-01
7.915323124980937486e-01
7.915515912146655619e-01
7.915708694617633601e-01
7.915901472394214489e-01
7.916094245476740232e-01
7.916287013865555000e-01
7.916479777561000741e-01
7.916672536563420515e-01
7.916865290873157379e-01
7.917058040490553283e-01
7.917250785415952397e-01
7.917443525649695557e-01
7.917636261192125824e-01
7.917828992043586256e-01
7.918021718204419912e-01
7.918214439674967631e-01
7.918407156455572471e-01
7.918599868546577492e-01
7.918792575948324641e-01
7.918985278661155869e-01
7.919177976685414233e-01
7.919370670021440572e-01
7.919563358669579056e-01
7.919756042630169413e-01
7.919948721903555811e-01
7.920141396490079089e-01
7.920334066390081196e-01
7.920526731603905191e-01
7.920719392131891912e-01
7.920912047974383308e-01
7.921104699131722437e-01
7.921297345604250140e-01
7.921489987392307253e-01
7.921682624496236835e-01
7.921875256916380836e-01
7.922067884653078984e-01
7.922260507706675448e-01
7.922453126077509955e-01
7.922645739765924455e-01
7.922838348772259787e-01
7.923030953096859008e-01
7.923223552740061848e-01
7.923416147702210255e-01
7.923608737983646177e-01
7.923801323584710454e-01
7.923993904505743924e-01
7.924186480747087424e-01
7.924379052309082905e-01
7.924571619192071203e-01
7.924764181396393159e-01
7.924956738922389610e-01
7.925149291770402504e-01
7.925341839940772681e-01
7.925534383433838759e-01
7.925726922249944906e-01
7.925919456389429740e-01
7.926111985852634101e-01
7.926304510639899936e-01
7.926497030751566975e-01
7.926689546187976054e-01
7.926882056949466904e-01
7.927074563036382582e-01
7.927267064449060596e-01
7.927459561187842896e-01
7.927652053253070319e-01
7.927844540645082594e-01
7.928037023364220559e-01
7.928229501410822833e-01
7.928421974785232473e-01
7.928614443487786989e-01
7.928806907518828329e-01
7.928999366878696220e-01
7.929191821567730392e-01
7.929384271586271682e-01
7.929576716934658709e-01
7.929769157613233421e-01
7.929961593622333327e-01
7.930154024962300374e-01
7.930346451633473182e-01
7.930538873636192587e-01
7.930731290970797209e-01
7.930923703637627886e-01
7.931116111637023236e-01
7.931308514969324097e-01
7.931500913634869088e-01
7.931693307633997936e-01
7.931885696967050370e-01
7.932078081634366118e-01
7.932270461636284908e-01
7.932462836973144249e-01
7.932655207645286088e-01
7.932847573653046824e-01
7.933039934996768405e-01
7.933232291676789449e-01
7.933424643693447464e-01
7.933616991047083289e-01
7.933809333738036651e-01
7.934001671766643948e-01
7.934194005133247130e-01
7.934386333838183702e-01
7.934578657881792285e-01
7.934770977264411496e-01
7.934963291986382172e-01
7.935155602048041823e-01
7.935347907449729066e-01
7.935540208191782519e-01
7.935732504274541910e-01
7.935924795698345857e-01
7.936117082463530759e-01
7.936309364570438563e-01
7.936501642019404557e-01
7.936693914810769579e-01
7.936886182944871138e-01
7.937078446422046740e-01
7.937270705242637225e-01
7.937462959406977880e-01
7.937655208915409544e-01
7.937847453768269723e-01
7.938039693965895927e-01
7.938231929508626772e-01
7.938424160396800877e-01
7.938616386630755750e-01
7.938808608210828899e-01
7.939000825137358941e-01
7.939193037410684495e-01
7.939385245031141958e-01
7.939577447999071058e-01
7.939769646314808194e-01
7.939961839978690872e-01
7.940154028991058821e-01
7.940346213352247329e-01
7.940538393062596123e-01
7.940730568122441602e-01
7.940922738532122382e-01
7.941114904291974863e-01
7.941307065402336551e-01
7.941499221863546065e-01
7.941691373675939802e-01
7.941883520839856381e-01
7.942075663355631088e-01
7.942267801223603652e-01
7.942459934444109360e-01
7.942652063017485720e-01
7.942844186944071350e-01
7.943036306224202647e-01
7.943228420858216010e-01
7.943420530846448946e-01
7.943612636189238962e-01
7.943804736886922457e-01
7.943996832939835828e-01
7.944188924348317693e-01
7.944381011112703339e-01
7.944573093233330274e-01
7.944765170710534896e-01
7.944957243544654713e-01
7.945149311736025011e-01
7.945341375284984409e-01
7.945533434191867084e-01
7.945725488457011654e-01
7.945917538080754516e-01
7.946109583063430959e-01
7.946301623405378489e-01
7.946493659106933505e-01
7.946685690168431293e-01
7.946877716590208252e-01
7.947069738372601888e-01
7.947261755515948600e-01
7.947453768020582565e-01
7.947645775886842401e-01
7.947837779115062284e-01
7.948029777705579724e-01
7.948221771658730006e-01
7.948413760974848419e-01
7.948605745654272470e-01
7.948797725697337446e-01
7.948989701104378636e-01
7.949181671875732436e-01
7.949373638011735244e-01
7.949565599512721237e-01
7.949757556379027923e-01
7.949949508610989479e-01
7.950141456208943413e-01
7.950333399173222793e-01
7.950525337504165124e-01
7.950717271202105696e-01
7.950909200267378685e-01
7.951101124700320488e-01
7.951293044501267504e-01
7.951484959670552799e-01
7.951676870208513881e-01
7.951868776115484927e-01
7.952060677391801224e-01
7.952252574037798061e-01
7.952444466053810723e-01
7.952636353440173389e-01
7.952828236197222456e-01
7.953020114325292100e-01
7.953211987824718721e-01
7.953403856695835383e-01
7.953595720938977376e-01
7.953787580554481096e-01
7.953979435542679610e-01
7.954171285903909316e-01
7.954363131638503281e-01
7.954554972746796793e-01
7.954746809229124027e-01
7.954938641085821383e-01
7.955130468317221926e-01
7.955322290923660944e-01
7.955514108905472614e-01
7.955705922262991114e-01
7.955897730996551731e-01
7.956089535106487531e-01
7.956281334593133803e-01
7.956473129456824722e-01
7.956664919697895577e-01
7.956856705316678324e-01
7.957048486313508251e-01
7.957240262688720644e-01
7.957432034442647462e-01
7.957623801575623990e-01
7.957815564087984406e-01
7.958007321980062887e-01
7.958199075252192500e-01
7.958390823904707423e-01
7.958582567937941832e-01
7.958774307352228794e-01
7.958966042147903597e-01
7.959157772325299307e-01
7.959349497884747882e-01
7.959541218826585718e-01
7.959732935151144773e-01
7.959924646858759223e-01
7.960116353949762136e-01
7.960308056424487688e-01
7.960499754283268947e-01
7.960691447526438980e-01
7.960883136154331963e-01
7.961074820167280963e-01
7.961266499565619048e-01
7.961458174349679284e-01
7.961649844519794739e-01
7.961841510076299588e-01
7.962033171019526900e-01
7.962224827349808631e-01
7.962416479067478958e-01
7.962608126172869838e-01
7.962799768666315448e-01
7.962991406548147744e-01
7.963183039818699793e-01
7.963374668478305773e-01
7.963566292527296531e-01
7.963757911966006242e-01
7.963949526794766864e-01
7.964141137013911464e-01
7.964332742623771999e-01
7.964524343624682645e-01
7.964715940016974249e-01
7.964907531800980989e-01
7.965099118977033710e-01
7.965290701545466590e-01
7.965482279506610475e-01
7.965673852860798432e-01
7.965865421608362418e-01
7.966056985749635500e-01
7.966248545284949634e-01
7.966440100214636777e-01
7.966631650539029996e-01
7.966823196258460138e-01
7.967014737373259159e-01
7.967206273883761236e-01
7.967397805790296106e-01
7.967589333093196835e-01
7.967780855792795380e-01
7.967972373889422588e-01
7.968163887383411526e-01
7.968355396275094149e-01
7.968546900564801305e-01
7.968738400252866061e-01
7.968929895339618152e-01
7.969121385825390647e-01
7.969312871710514390e-01
7.969504352995322449e-01
7.969695829680144561e-01
7.969887301765312682e-01
7.970078769251159878e-01
7.970270232138014777e-01
7.970461690426211554e-01
7.970653144116078836e-01
7.970844593207950801e-01
7.971036037702156074e-01
7.971227477599027722e-01
7.971418912898896592e-01
7.971610343602092419e-01
7.971801769708948271e-01
7.971993191219793884e-01
7.972184608134961215e-01
7.972376020454781109e-01
7.972567428179583304e-01
7.972758831309699756e-01
7.972950229845461312e-01
7.973141623787198817e-01
7.973333013135243119e-01
7.973524397889923954e-01
7.973715778051573277e-01
7.973907153620520827e-01
7.974098524597098558e-01
7.974289890981635098e-01
7.974481252774462403e-01
7.974672609975911319e-01
7.974863962586311583e-01
7.975055310605992931e-01
7.975246654035287319e-01
7.975437992874523374e-01
7.975629327124033052e-01
7.975820656784146090e-01
7.976011981855192223e-01
7.976203302337502299e-01
7.976394618231406053e-01
7.976585929537233222e-01
7.976777236255314651e-01
7.976968538385980079e-01
7.977159835929559240e-01
7.977351128886382980e-01
7.977542417256779927e-01
7.977733701041079817e-01
7.977924980239614605e-01
7.978116254852712919e-01
7.978307524880703383e-01
7.978498790323916845e-01
7.978690051182683041e-01
7.978881307457331706e-01
7.979072559148191468e-01
7.979263806255593172e-01
7.979455048779865445e-01
7.979646286721338022e-01
7.979837520080339530e-01
7.980028748857200815e-01
7.980219973052251614e-01
7.980411192665819442e-01
7.980602407698234035e-01
7.980793618149825130e-01
7.980984824020921353e-01
7.981176025311853550e-01
7.981367222022948127e-01
7.981558414154537040e-01
7.981749601706946695e-01
7.981940784680507939e-01
7.982131963075549397e-01
7.982323136892399695e-01
7.982514306131387460e-01
7.982705470792842428e-01
7.982896630877092115e-01
7.983087786384466256e-01
7.983278937315293478e-01
7.983470083669902406e-01
7.983661225448621668e-01
7.983852362651778778e-01
7.984043495279704583e-01
7.984234623332726599e-01
7.984425746811172342e-01
7.984616865715370437e-01
7.984807980045651732e-01
7.984999089802341521e-01
7.985190194985769541e-01
7.985381295596264417e-01
7.985572391634152556e-01
7.985763483099764803e-01
7.985954569993428676e-01
7.986145652315470578e-01
7.986336730066220246e-01
7.986527803246005197e-01
7.986718871855152946e-01
7.986909935893993229e-01
7.987100995362852451e-01
7.987292050262058130e-01
7.987483100591940000e-01
7.987674146352824467e-01
7.987865187545039047e-01
7.988056224168912367e-01
7.988247256224771942e-01
7.988438283712945287e-01
7.988629306633761029e-01
7.988820324987544463e-01
7.989011338774625326e-01
7.989202347995330022e-01
7.989393352649986069e-01
7.989584352738922091e-01
7.989775348262463384e-01
7.989966339220939684e-01
7.990157325614676287e-01
7.990348307444001819e-01
7.990539284709242684e-01
7.990730257410726400e-01
7.990921225548780482e-01
7.991112189123731335e-01
7.991303148135906476e-01
7.991494102585632309e-01
7.991685052473237461e-01
7.991875997799047227e-01
7.992066938563389122e-01
7.992257874766589554e-01
7.992448806408977147e-01
7.992639733490876086e-01
7.992830656012616108e-01
7.993021573974521399e-01
7.993212487376919473e-01
7.993403396220137846e-01
7.993594300504501815e-01
7.993785200230338894e-01
7.993976095397974380e-01
7.994166986007736897e-01
7.994357872059950632e-01
7.994548753554943099e-01
7.994739630493041815e-01
7.994930502874570966e-01
7.995121370699858065e-01
7.995312233969229521e-01
7.995503092683010626e-01
7.995693946841527788e-01
7.995884796445108522e-01
7.996075641494077013e-01
7.996266481988760777e-01
7.996457317929485109e-01
7.996648149316576415e-01
7.996838976150359990e-01
7.997029798431162240e-01
7.997220616159309570e-01
7.997411429335126165e-01
7.997602237958939542e-01
7.997793042031074995e-01
7.997983841551857820e-01
7.998174636521614422e-01
7.998365426940668987e-01
7.998556212809349031e-01
7.998746994127978738e-01
7.998937770896884514e-01
7.999128543116390544e-01
7.999319310786823234e-01
7.999510073908508989e-01
7.999700832481770885e-01
7.999891586506936436e-01
8.000082335984328719e-01
8.000273080914275248e-01
8.000463821297100209e-01
8.000654557133128897e-01
8.000845288422685497e-01
8.001036015166096416e-01
8.001226737363686947e-01
8.001417455015780167e-01
8.001608168122703590e-01
8.001798876684780293e-01
8.001989580702335569e-01
8.002180280175694715e-01
8.002370975105181916e-01
8.002561665491123577e-01
8.002752351333841663e-01
8.002943032633663689e-01
8.003133709390912731e-01
8.003324381605914084e-01
8.003515049278991933e-01
8.003705712410470463e-01
8.003896371000674970e-01
8.004087025049929638e-01
8.004277674558559763e-01
8.004468319526888420e-01
8.004658959955239794e-01
8.004849595843939181e-01
8.005040227193311875e-01
8.005230854003679841e-01
8.005421476275368375e-01
8.005612094008700552e-01
8.005802707204002777e-01
8.005993315861598125e-01
8.006183919981809671e-01
8.006374519564962711e-01
8.006565114611380318e-01
8.006755705121386679e-01
8.006946291095305979e-01
8.007136872533462402e-01
8.007327449436179023e-01
8.007518021803778918e-01
8.007708589636588492e-01
8.007899152934928599e-01
8.008089711699124535e-01
8.008280265929499375e-01
8.008470815626377304e-01
8.008661360790080286e-01
8.008851901420933617e-01
8.009042437519260371e-01
8.009232969085383624e-01
8.009423496119626451e-01
8.009614018622313036e-01
8.009804536593766455e-01
8.009995050034309783e-01
8.010185558944266093e-01
8.010376063323958462e-01
8.010566563173711074e-01
8.010757058493847005e-01
8.010947549284687108e-01
8.011138035546557790e-01
8.011328517279779904e-01
8.011518994484676526e-01
8.011709467161570730e-01
8.011899935310785592e-01
8.012090398932645297e-01
8.012280858027470698e-01
8.012471312595584871e-01
8.012661762637310892e-01
8.012852208152971833e-01
8.013042649142890772e-01
8.013233085607389672e-01
8.013423517546790498e-01
8.013613944961416324e-01
8.013804367851590227e-01
8.013994786217634170e-01
8.014185200059870118e-01
8.014375609378622256e-01
8.014566014174210329e-01
8.014756414446959631e-01
8.014946810197189908e-01
8.015137201425224234e-01
8.015327588131384573e-01
8.015517970315995111e-01
8.015708347979374482e-01
8.015898721121847981e-01
8.016089089743736462e-01
8.016279453845360781e-01
8.016469813427045121e-01
8.016660168489109228e-01
8.016850519031876177e-01
8.017040865055669041e-01
8.017231206560806456e-01
8.017421543547613716e-01
8.017611876016410566e-01
8.017802203967517860e-01
8.017992527401259784e-01
8.018182846317956081e-01
8.018373160717929826e-01
8.018563470601500764e-01
8.018753775968991970e-01
8.018944076820724298e-01
8.019134373157019713e-01
8.019324664978197958e-01
8.019514952284583220e-01
8.019705235076494132e-01
8.019895513354252659e-01
8.020085787118181875e-01
8.020276056368600415e-01
8.020466321105831353e-01
8.020656581330194435e-01
8.020846837042012734e-01
8.021037088241604884e-01
8.021227334929293962e-01
8.021417577105398600e-01
8.021607814770242983e-01
8.021798047924144637e-01
8.021988276567427745e-01
8.022178500700409831e-01
8.022368720323415081e-01
8.022558935436761018e-01
8.022749146040770718e-01
8.022939352135763924e-01
8.023129553722060381e-01
8.023319750799983163e-01
8.023509943369850905e-01
8.023700131431983351e-01
8.023890314986703576e-01
8.024080494034330213e-01
8.024270668575185228e-01
8.024460838609587254e-01
8.024651004137857147e-01
8.024841165160315759e-01
8.025031321677281726e-01
8.025221473689078122e-01
8.025411621196023582e-01
8.025601764198437849e-01
8.025791902696640667e-01
8.025982036690954002e-01
8.026172166181696488e-01
8.026362291169187868e-01
8.026552411653748997e-01
8.026742527635699620e-01
8.026932639115359480e-01
8.027122746093049432e-01
8.027312848569087000e-01
8.027502946543794149e-01
8.027693040017488402e-01
8.027883128990491723e-01
8.028073213463122748e-01
8.028263293435701220e-01
8.028453368908546883e-01
8.028643439881978372e-01
8.028833506356316541e-01
8.029023568331880023e-01
8.029213625808988564e-01
8.029403678787961907e-01
8.029593727269118686e-01
8.029783771252777536e-01
8.029973810739260420e-01
8.030163845728883754e-01
8.030353876221968390e-01
8.030543902218832963e-01
8.030733923719796108e-01
8.030923940725177568e-01
8.031113953235297087e-01
8.031303961250472190e-01
8.031493964771022620e-01
8.031683963797267012e-01
8.031873958329525109e-01
8.032063948368114437e-01
8.032253933913354738e-01
8.032443914965565757e-01
8.032633891525063907e-01
8.032823863592168934e-01
8.033013831167200580e-01
8.033203794250476371e-01
8.033393752842314939e-01
8.033583706943036029e-01
8.033773656552956055e-01
8.033963601672395871e-01
8.034153542301671891e-01
8.034343478441102748e-01
8.034533410091008188e-01
8.034723337251706843e-01
8.034913259923515128e-01
8.035103178106751676e-01
8.035293091801735121e-01
8.035483001008784099e-01
8.035672905728217241e-01
8.035862805960350963e-01
8.036052701705505008e-01
8.036242592963995790e-01
8.036432479736141943e-01
8.036622362022262100e-01
8.036812239822673787e-01
8.037002113137694526e-01
8.037191981967642951e-01
8.037381846312836586e-01
8.037571706173592956e-01
8.037761561550229583e-01
8.037951412443063992e-01
8.038141258852414817e-01
8.038331100778599581e-01
8.038520938221934697e-01
8.038710771182739911e-01
8.038900599661329416e-01
8.039090423658024065e-01
8.039280243173139162e-01
8.039470058206993341e-01
8.039659868759903016e-01
8.039849674832185711e-01
8.040039476424158948e-01
8.040229273536140253e-01
8.040419066168447149e-01
8.040608854321394938e-01
8.040798637995303366e-01
8.040988417190487736e-01
8.041178191907265571e-01
8.041367962145953285e-01
8.041557727906869513e-01
8.041747489190329556e-01
8.041937245996650940e-01
8.042126998326150078e-01
8.042316746179145603e-01
8.042506489555951710e-01
8.042696228456888141e-01
8.042885962882267981e-01
8.043075692832410972e-01
8.043265418307633530e-01
8.043455139308249846e-01
8.043644855834579666e-01
8.043834567886937181e-01
8.044024275465638807e-01
8.044213978571003176e-01
8.044403677203345593e-01
8.044593371362981360e-01
8.044783061050228001e-01
8.044972746265401931e-01
8.045162427008819561e-01
8.045352103280795086e-01
8.045541775081648250e-01
8.045731442411692136e-01
8.045921105271244267e-01
8.046110763660619947e-01
8.046300417580136699e-01
8.046490067030109827e-01
8.046679712010854635e-01
8.046869352522686425e-01
8.047058988565923832e-01
8.047248620140881048e-01
8.047438247247873377e-01
8.047627869887217233e-01
8.047817488059229030e-01
8.048007101764222959e-01
8.048196711002515435e-01
8.048386315774422872e-01
8.048575916080260573e-01
8.048765511920343840e-01
8.048955103294987978e-01
8.049144690204508290e-01
8.049334272649221189e-01
8.049523850629440869e-01
8.049713424145483742e-01
8.049902993197665113e-01
8.050092557786299174e-01
8.050282117911703450e-01
8.050471673574191023e-01
8.050661224774077196e-01
8.050850771511678383e-01
8.051040313787308778e-01
8.051229851601284793e-01
8.051419384953919511e-01
8.051608913845529347e-01
8.051798438276428493e-01
8.051987958246932253e-01
8.052177473757355930e-01
8.052366984808013717e-01
8.052556491399220917e-01
8.052745993531292834e-01
8.052935491204542551e-01
8.053124984419286481e-01
8.053314473175837707e-01
8.053503957474512642e-01
8.053693437315624370e-01
8.053882912699489305e-01
8.054072383626419418e-01
8.054261850096731123e-01
8.054451312110738614e-01
8.054640769668756084e-01
8.054830222771097725e-01
8.055019671418077731e-01
8.055209115610011406e-01
8.055398555347211831e-01
8.055587990629994311e-01
8.055777421458671927e-01
8.055966847833559985e-01
8.056156269754971566e-01
8.056345687223221974e-01
8.056535100238624292e-01
8.056724508801491602e-01
8.056913912912140319e-01
8.057103312570883524e-01
8.057292707778034302e-01
8.057482098533906845e-01
8.057671484838815346e-01
8.057860866693072888e-01
8.058050244096994774e-01
8.058239617050892978e-01
8.058428985555081692e-01
8.058618349609875109e-01
8.058807709215586312e-01
8.058997064372529495e-01
8.059186415081017740e-01
8.059375761341364131e-01
8.059565103153882859e-01
8.059754440518887009e-01
8.059943773436689662e-01
8.060133101907605013e-01
8.060322425931946144e-01
8.060511745510026138e-01
8.060701060642158078e-01
8.060890371328655046e-01
8.061079677569831237e-01
8.061268979365997511e-01
8.061458276717470284e-01
8.061647569624559306e-01
8.061836858087579882e-01
8.062026142106845095e-01
8.062215421682665806e-01
8.062404696815356209e-01
8.062593967505229386e-01
8.062783233752598422e-01
8.062972495557775288e-01
8.063161752921073067e-01
8.063351005842803731e-01
8.063540254323282586e-01
8.063729498362819381e-01
8.063918737961727201e-01
8.064107973120320239e-01
8.064297203838909356e-01
8.064486430117808746e-01
8.064675651957329272e-01
8.064864869357784016e-01
8.065054082319484952e-01
8.065243290842745161e-01
8.065432494927877727e-01
8.065621694575192402e-01
8.065810889785003379e-01
8.066000080557622631e-01
8.066189266893362131e-01
8.066378448792533851e-01
8.066567626255449763e-01
8.066756799282422952e-01
8.066945967873764278e-01
8.067135132029786826e-01
8.067324291750801457e-01
8.067513447037120145e-01
8.067702597889055971e-01
8.067891744306919799e-01
8.068080886291023601e-01
8.068270023841679350e-01
8.068459156959199019e-01
8.068648285643893470e-01
8.068837409896074675e-01
8.069026529716054608e-01
8.069215645104144130e-01
8.069404756060656325e-01
8.069593862585902055e-01
8.069782964680192183e-01
8.069972062343837571e-01
8.070161155577151302e-01
8.070350244380444238e-01
8.070539328754027242e-01
8.070728408698212286e-01
8.070917484213310233e-01
8.071106555299631946e-01
8.071295621957488287e-01
8.071484684187192338e-01
8.071673741989053852e-01
8.071862795363383691e-01
8.072051844310492719e-01
8.072240888830692906e-01
8.072429928924295117e-01
8.072618964591610213e-01
8.072807995832949057e-01
8.072997022648621401e-01
8.073186045038939218e-01
8.073375063004213370e-01
8.073564076544754720e-01
8.073753085660873019e-01
8.073942090352880241e-01
8.074131090621086138e-01
8.074320086465801571e-01
8.074509077887336295e-01
8.074698064886002280e-01
8.074887047462109280e-01
8.075076025615968156e-01
8.075264999347888661e-01
8.075453968658181658e-01
8.075642933547158009e-01
8.075831894015126355e-01
8.076020850062398670e-01
8.076209801689284706e-01
8.076398748896094215e-01
8.076587691683138059e-01
8.076776630050725991e-01
8.076965563999168873e-01
8.077154493528775347e-01
8.077343418639856276e-01
8.077532339332721412e-01
8.077721255607681616e-01
8.077910167465045532e-01
8.078099074905122912e-01
8.078287977928225727e-01
8.078476876534661510e-01
8.078665770724741124e-01
8.078854660498773210e-01
8.079043545857068631e-01
8.079232426799937139e-01
8.079421303327688486e-01
8.079610175440631314e-01
8.079799043139075376e-01
8.079987906423330424e-01
8.080176765293706209e-01
8.080365619750512485e-01
8.080554469794056782e-01
8.080743315424651074e-01
8.080932156642602893e-01
8.081120993448221990e-01
8.081309825841818117e-01
8.081498653823699918e-01
8.081687477394177144e-01
8.081876296553558436e-01
8.082065111302153548e-01
8.082253921640271122e-01
8.082442727568219798e-01
8.082631529086309330e-01
8.082820326194848359e-01
8.083009118894145528e-01
8.083197907184510589e-01
8.083386691066251073e-01
8.083575470539677843e-01
8.083764245605097321e-01
8.083953016262820368e-01
8.084141782513155627e-01
8.084330544356409520e-01
8.084519301792892909e-01
8.084708054822913326e-01
8.084896803446780522e-01
8.085085547664800920e-01
8.085274287477285382e-01
8.085463022884541440e-01
8.085651753886876625e-01
8.085840480484600690e-01
8.086029202678022276e-01
8.086217920467447806e-01
8.086406633853187031e-01
8.086595342835548594e-01
8.086784047414838916e-01
8.086972747591367749e-01
8.087161443365442626e-01
8.087350134737372187e-01
8.087538821707465075e-01
8.087727504276026602e-01
8.087916182443367630e-01
8.088104856209795690e-01
8.088293525575617204e-01
8.088482190541140815e-01
8.088670851106675164e-01
8.088859507272527782e-01
8.089048159039005093e-01
8.089236806406416846e-01
8.089425449375069466e-01
8.089614087945271592e-01
8.089802722117329647e-01
8.089991351891552274e-01
8.090179977268247002e-01
8.090368598247721366e-01
8.090557214830281785e-01
8.090745827016236902e-01
8.090934434805893138e-01
8.091123038199559137e-01
8.091311637197542428e-01
8.091500231800148324e-01
8.091688822007685467e-01
8.091877407820461388e-01
8.092065989238783619e-01
8.092254566262958582e-01
8.092443138893292698e-01
8.092631707130094609e-01
8.092820270973669627e-01
8.093008830424326394e-01
8.093197385482372441e-01
8.093385936148111970e-01
8.093574482421854732e-01
8.093763024303906040e-01
8.093951561794573424e-01
8.094140094894164417e-01
8.094328623602984329e-01
8.094517147921339584e-01
8.094705667849538822e-01
8.094894183387887354e-01
8.095082694536692713e-01
8.095271201296260211e-01
8.095459703666898488e-01
8.095648201648911746e-01
8.095836695242607517e-01
8.096025184448293333e-01
8.096213669266273394e-01
8.096402149696856343e-01
8.096590625740347491e-01
8.096779097397053260e-01
8.096967564667278960e-01
8.097156027551332125e-01
8.097344486049519174e-01
8.097532940162145421e-01
8.097721389889518395e-01
8.097909835231942299e-01
8.098098276189723554e-01
8.098286712763169692e-01
8.098475144952584914e-01
8.098663572758276752e-01
8.098851996180549406e-01
8.099040415219711520e-01
8.099228829876066182e-01
8.099417240149919817e-01
8.099605646041579954e-01
8.099794047551349685e-01
8.099982444679537652e-01
8.100170837426446946e-01
8.100359225792383988e-01
8.100547609777656310e-01
8.100735989382567004e-01
8.100924364607422490e-01
8.101112735452528080e-01
8.101301101918189085e-01
8.101489464004711927e-01
8.101677821712401917e-01
8.101866175041563256e-01
8.102054523992502366e-01
8.102242868565523448e-01
8.102431208760932924e-01
8.102619544579034994e-01
8.102807876020136080e-01
8.102996203084540383e-01
8.103184525772553215e-01
8.103372844084479887e-01
8.103561158020625710e-01
8.103749467581294885e-01
8.103937772766792724e-01
8.104126073577423428e-01
8.104314370013493418e-01
8.104502662075306896e-01
8.104690949763169172e-01
8.104879233077384448e-01
8.105067512018256926e-01
8.105255786586091915e-01
8.105444056781194728e-01
8.105632322603869566e-01
8.105820584054420630e-01
8.106008841133153231e-01
8.106197093840370460e-01
8.106385342176378739e-01
8.106573586141482268e-01
8.106761825735984139e-01
8.106950060960189663e-01
8.107138291814403042e-01
8.107326518298928475e-01
8.107514740414071275e-01
8.107702958160134532e-01
8.107891171537423558e-01
8.108079380546240333e-01
8.108267585186892390e-01
8.108455785459680598e-01
8.108643981364911379e-01
8.108832172902887825e-01
8.109020360073913025e-01
8.109208542878293402e-01
8.109396721316330936e-01
8.109584895388329828e-01
8.109773065094594280e-01
8.109961230435428492e-01
8.110149391411135555e-01
8.110337548022019671e-01
8.110525700268385041e-01
8.110713848150533645e-01
8.110901991668770794e-01
8.111090130823400690e-01
8.111278265614724203e-01
8.111466396043047755e-01
8.111654522108673326e-01
8.111842643811905118e-01
8.112030761153046221e-01
8.112218874132399726e-01
8.112406982750269835e-01
8.112595087006958527e-01
8.112783186902771115e-01
8.112971282438009579e-01
8.113159373612977010e-01
8.113347460427977609e-01
8.113535542883313356e-01
8.113723620979288453e-01
8.113911694716205991e-01
8.114099764094367950e-01
8.114287829114078532e-01
8.114475889775639716e-01
8.114663946079355705e-01
8.114851998025528479e-01
8.115040045614461128e-01
8.115228088846456744e-01
8.115416127721817308e-01
8.115604162240847019e-01
8.115792192403847860e-01
8.115980218211122921e-01
8.116168239662974182e-01
8.116356256759704735e-01
8.116544269501616560e-01
8.116732277889013858e-01
8.116920281922197500e-01
8.117108281601470576e-01
8.117296276927136178e-01
8.117484267899496286e-01
8.117672254518852881e-01
8.117860236785507944e-01
8.118048214699765674e-01
8.118236188261926944e-01
8.118424157472294844e-01
8.118612122331170244e-01
8.118800082838856236e-01
8.118988038995655909e-01
8.119175990801869025e-01
8.119363938257799784e-01
8.119551881363750168e-01
8.119739820120019935e-01
8.119927754526914399e-01
8.120115684584733318e-01
8.120303610293778673e-01
8.120491531654352446e-01
8.120679448666757727e-01
8.120867361331295387e-01
8.121055269648266295e-01
8.121243173617974653e-01
8.121431073240719112e-01
8.121618968516803871e-01
8.121806859446528692e-01
8.121994746030196666e-01
8.122182628268109772e-01
8.122370506160566661e-01
8.122558379707871534e-01
8.122746248910325262e-01
8.122934113768228714e-01
8.123121974281883872e-01
8.123309830451591607e-01
8.123497682277653897e-01
8.123685529760371615e-01
8.123873372900045631e-01
8.124061211696977924e-01
8.124249046151468256e-01
8.124436876263819718e-01
8.124624702034332069e-01
8.124812523463307290e-01
8.125000340551046252e-01
8.125188153297849825e-01
8.125375961704017769e-01
8.125563765769853175e-01
8.125751565495654694e-01
8.125939360881725415e-01
8.126127151928365100e-01
8.126314938635874618e-01
8.126502721004553731e-01
8.126690499034705528e-01
8.126878272726628660e-01
8.127066042080623998e-01
8.127253807096993521e-01
8.127441567776036990e-01
8.127629324118054166e-01
8.127817076123347029e-01
8.128004823792215339e-01
8.128192567124958856e-01
8.128380306121879562e-01
8.128568040783277215e-01
8.128755771109451578e-01
8.128943497100703519e-01
8.129131218757332800e-01
8.129318936079640290e-01
8.129506649067925750e-01
8.129694357722488940e-01
8.129882062043631841e-01
8.130069762031651992e-01
8.130257457686852485e-01
8.130445149009530859e-01
8.130632835999987984e-01
8.130820518658523621e-01
8.131008196985437531e-01
8.131195870981030582e-01
8.131383540645601427e-01
8.131571205979450934e-01
8.131758866982878864e-01
8.131946523656183867e-01
8.132134175999666814e-01
8.132321824013626355e-01
8.132509467698363359e-01
8.132697107054176477e-01
8.132884742081365470e-01
8.133072372780231207e-01
8.133259999151071229e-01
8.133447621194185295e-01
8.133635238909874277e-01
8.133822852298436823e-01
8.134010461360172695e-01
8.134198066095379431e-01
8.134385666504359014e-01
8.134573262587408982e-01
8.134760854344827985e-01
8.134948441776918004e-01
8.135136024883975470e-01
8.135323603666300141e-01
8.135511178124192888e-01
8.135698748257950141e-01
8.135886314067872771e-01
8.136073875554259427e-01
8.136261432717408759e-01
8.136448985557619418e-01
8.136636534075191163e-01
8.136824078270421534e-01
8.137011618143611402e-01
8.137199153695057197e-01
8.137386684925059788e-01
8.137574211833916715e-01
8.137761734421926629e-01
8.137949252689389290e-01
8.138136766636601127e-01
8.138324276263863011e-01
8.138511781571472481e-01
8.138699282559729298e-01
8.138886779228929891e-01
8.139074271579372910e-01
8.139261759611358116e-01
8.139449243325184158e-01
8.139636722721147466e-01
8.139824197799547800e-01
8.140011668560682701e-01
8.140199135004851927e-01
8.140386597132351909e-01
8.140574054943481297e-01
8.140761508438537630e-01
8.140948957617820669e-01
8.141136402481627954e-01
8.141323843030257024e-01
8.141511279264005418e-01
8.141698711183171788e-01
8.141886138788054783e-01
8.142073562078950832e-01
8.142260981056158586e-01
8.142448395719975585e-01
8.142635806070700477e-01
8.142823212108629694e-01
8.143010613834061884e-01
8.143198011247294588e-01
8.143385404348626455e-01
8.143572793138352806e-01
8.143760177616772289e-01
8.143947557784183555e-01
8.144134933640883034e-01
8.144322305187168265e-01
8.144509672423336788e-01
8.144697035349686143e-01
8.144884393966513869e-01
8.145071748274117507e-01
8.145259098272793485e-01
8.145446443962839345e-01
8.145633785344552624e-01
8.145821122418230864e-01
8.146008455184171604e-01
8.146195783642670163e-01
8.146383107794025191e-01
8.146570427638533118e-01
8.146757743176491484e-01
8.146945054408197828e-01
8.147132361333947470e-01
8.147319663954037949e-01
8.147506962268767916e-01
8.147694256278431579e-01
8.147881545983327589e-01
8.148068831383751265e-01
8.148256112480001256e-01
8.148443389272372883e-01
8.148630661761163685e-01
8.148817929946670091e-01
8.149005193829188531e-01
8.149192453409015435e-01
8.149379708686447232e-01
8.149566959661781462e-01
8.149754206335314555e-01
8.149941448707341829e-01
8.150128686778159715e-01
8.150315920548065751e-01
8.150503150017356369e-01
8.150690375186326886e-01
8.150877596055273733e-01
8.151064812624493339e-01
8.151252024894282133e-01
8.151439232864936546e-01
8.151626436536753006e-01
8.151813635910025724e-01
8.152000830985053348e-01
8.152188021762130088e-01
8.152375208241553484e-01
8.152562390423617744e-01
8.152749568308620409e-01
8.152936741896855688e-01
8.153123911188621120e-01
8.153311076184212025e-01
8.153498236883924832e-01
8.153685393288053751e-01
8.153872545396895211e-01
8.154059693210745641e-01
8.154246836729900361e-01
8.154433975954654690e-01
8.154621110885305058e-01
8.154808241522145673e-01
8.154995367865472966e-01
8.155182489915582256e-01
8.155369607672769972e-01
8.155556721137330323e-01
8.155743830309558628e-01
8.155930935189751319e-01
8.156118035778202602e-01
8.156305132075208908e-01
8.156492224081065556e-01
8.156679311796065646e-01
8.156866395220506716e-01
8.157053474354684086e-01
8.157240549198890855e-01
8.157427619753423453e-01
8.157614686018577199e-01
8.157801747994646302e-01
8.157988805681926081e-01
8.158175859080712966e-01
8.158362908191298946e-01
8.158549953013981559e-01
8.158736993549053906e-01
8.158924029796812416e-01
8.159111061757550187e-01
8.159298089431562540e-01
8.159485112819145902e-01
8.159672131920592264e-01
8.159859146736199165e-01
8.160046157266258593e-01
8.160233163511066978e-01
8.160420165470917420e-01
8.160607163146105236e-01
8.160794156536925748e-01
8.160981145643672052e-01
8.161168130466638360e-01
8.161355111006121099e-01
8.161542087262413370e-01
8.161729059235808270e-01
8.161916026926602230e-01
8.162102990335088348e-01
8.162289949461561944e-01
8.162476904306316117e-01
8.162663854869643965e-01
8.162850801151843028e-01
8.163037743153204184e-01
8.163224680874022754e-01
8.163411614314592946e-01
8.163598543475207858e-01
8.163785468356162811e-01
8.163972388957749793e-01
8.164159305280265233e-01
8.164346217324001120e-01
8.164533125089252774e-01
8.164720028576312183e-01
8.164906927785473556e-01
8.165093822717032213e-01
8.165280713371279031e-01
8.165467599748510441e-01
8.165654481849019541e-01
8.165841359673098321e-01
8.166028233221042099e-01
8.166215102493142863e-01
8.166401967489694824e-01
8.166588828210992190e-01
8.166775684657326950e-01
8.166962536828994423e-01
8.167149384726285488e-01
8.167336228349495464e-01
8.167523067698917449e-01
8.167709902774843433e-01
8.167896733577567625e-01
8.168083560107383123e-01
8.168270382364583027e-01
8.168457200349460434e-01
8.168644014062307335e-01
8.168830823503419047e-01
8.169017628673087561e-01
8.169204429571604864e-01
8.169391226199265166e-01
8.169578018556360455e-01
8.169764806643184940e-01
8.169951590460030610e-01
8.170138370007189454e-01
8.170325145284955681e-01
8.170511916293622390e-01
8.170698683033480458e-01
8.170885445504824096e-01
8.171072203707944182e-01
8.171258957643136034e-01
8.171445707310690532e-01
8.171632452710899663e-01
8.171819193844057638e-01
8.172005930710455335e-01
8.172192663310385852e-01
8.172379391644142288e-01
8.172566115712016632e-01
8.172752835514300873e-01
8.172939551051286999e-01
8.173126262323268110e-01
8.173312969330536193e-01
8.173499672073383238e-01
8.173686370552102343e-01
8.173873064766984387e-01
8.174059754718321358e-01
8.174246440406406355e-01
8.174433121831532478e-01
8.174619798993988384e-01
8.174806471894069393e-01
8.174993140532066382e-01
8.175179804908270231e-01
8.175366465022972928e-01
8.175553120876468682e-01
8.175739772469046152e-01
8.175926419800999545e-01
8.176113062872618631e-01
8.176299701684197618e-01
8.176486336236025165e-01
8.176672966528395481e-01
8.176859592561599444e-01
8.177046214335927932e-01
8.177232831851672934e-01
8.177419445109126439e-01
8.177606054108579325e-01
8.177792658850322471e-01
8.177979259334648976e-01
8.178165855561849718e-01
8.178352447532214464e-01
8.178539035246036315e-01
8.178725618703606148e-01
8.178912197905214843e-01
8.179098772851153276e-01
8.179285343541713438e-01
8.179471909977186206e-01
8.179658472157863569e-01
8.179845030084035296e-01
8.180031583755992264e-01
8.180218133174026462e-01
8.180404678338428770e-01
8.180591219249490065e-01
8.180777755907500115e-01
8.180964288312752020e-01
8.181150816465534437e-01
8.181337340366140465e-01
8.181523860014858762e-01
8.181710375411981317e-01
8.181896886557797899e-01
8.182083393452600495e-01
8.182269896096678874e-01
8.182456394490322804e-01
8.182642888633825384e-01
8.182829378527475273e-01
8.183015864171562237e-01
8.183202345566379377e-01
8.183388822712215349e-01
8.183575295609361033e-01
8.183761764258106197e-01
8.183948228658742829e-01
8.184134688811559588e-01
8.184321144716846241e-01
8.184507596374895888e-01
8.184694043785996076e-01
8.184880486950438794e-01
8.185066925868512699e-01
8.185253360540508671e-01
8.185439790966716478e-01
8.185626217147426997e-01
8.185812639082928888e-01
8.185999056773513027e-01
8.186185470219470295e-01
8.186371879421089348e-01
8.186558284378659955e-01
8.186744685092471885e-01
8.186931081562816015e-01
8.187117473789982114e-01
8.187303861774258840e-01
8.187490245515935960e-01
8.187676625015304355e-01
8.187863000272653791e-01
8.188049371288271816e-01
8.188235738062450420e-01
8.188422100595478259e-01
8.188608458887643993e-01
8.188794812939237389e-01
8.188981162750549325e-01
8.189167508321868461e-01
8.189353849653483453e-01
8.189540186745685180e-01
8.189726519598761190e-01
8.189912848213002361e-01
8.190099172588696241e-01
8.190285492726133709e-01
8.190471808625603423e-01
8.190658120287394039e-01
8.190844427711796438e-01
8.191030730899097057e-01
8.191217029849586773e-01
8.191403324563554245e-01
8.191589615041289241e-01
8.191775901283079309e-01
8.191962183289213106e-01
8.192148461059981512e-01
8.192334734595672074e-01
8.192521003896573450e-01
8.192707268962975409e-01
8.192893529795166607e-01
8.193079786393435704e-01
8.193266038758070247e-01
8.193452286889360003e-01
8.193638530787593632e-01
8.193824770453058681e-01
8.194011005886044918e-01
8.194197237086841001e-01
8.194383464055734478e-01
8.194569686793015117e-01
8.194755905298970466e-01
8.194942119573888073e-01
8.195128329618058816e-01
8.195314535431768022e-01
8.195500737015306569e-01
8.195686934368962007e-01
8.195873127493021881e-01
8.196059316387773741e-01
8.196245501053508464e-01
8.196431681490511378e-01
8.196617857699072252e-01
8.196804029679479742e-01
8.196990197432020286e-01
8.197176360956981434e-01
8.197362520254654061e-01
8.197548675325323497e-01
8.197734826169278399e-01
8.197920972786806315e-01
8.198107115178197013e-01
8.198293253343735820e-01
8.198479387283711395e-01
8.198665516998412395e-01
8.198851642488126368e-01
8.199037763753139751e-01
8.199223880793740094e-01
8.199409993610217162e-01
8.199596102202857395e-01
8.199782206571947230e-01
8.199968306717776434e-01
8.200154402640630336e-01
8.200340494340797592e-01
8.200526581818565752e-01
8.200712665074221253e-01
8.200898744108052751e-01
8.201084818920346686e-01
8.201270889511390605e-01
8.201456955881472055e-01
8.201643018030877474e-01
8.201829075959895521e-01
8.202015129668811522e-01
8.202201179157914135e-01
8.202387224427489798e-01
8.202573265477824949e-01
8.202759302309208245e-01
8.202945334921926124e-01
8.203131363316263913e-01
8.203317387492511381e-01
8.203503407450952745e-01
8.203689423191876662e-01
8.203875434715569570e-01
8.204061442022319017e-01
8.204247445112409221e-01
8.204433443986129948e-01
8.204619438643765417e-01
8.204805429085604285e-01
8.204991415311932990e-01
8.205177397323036859e-01
8.205363375119203440e-01
8.205549348700719170e-01
8.205735318067870487e-01
8.205921283220942719e-01
8.206107244160224523e-01
8.206293200886001227e-01
8.206479153398560378e-01
8.206665101698186193e-01
8.206851045785165111e-01
8.207036985659785788e-01
8.207222921322332443e-01
8.207408852773092622e-01
8.207594780012351654e-01
8.207780703040394865e-01
8.207966621857510914e-01
8.208152536463982907e-01
8.208338446860099502e-01
8.208524353046146027e-01
8.208710255022407809e-01
8.208896152789170175e-01
8.209082046346720674e-01
8.209267935695344631e-01
8.209453820835328486e-01
8.209639701766956454e-01
8.209825578490516085e-01
8.210011451006292704e-01
8.210197319314570530e-01
8.210383183415638220e-01
8.210569043309778881e-01
8.210754898997278950e-01
8.210940750478423755e-01
8.211126597753499734e-01
8.211312440822792214e-01
8.211498279686586521e-01
8.211684114345167984e-01
8.211869944798821930e-01
8.212055771047834796e-01
8.212241593092490799e-01
8.212427410933075267e-01
8.212613224569874637e-01
8.212799034003173126e-01
8.212984839233257173e-01
8.213170640260410993e-01
8.213356437084919914e-01
8.213542229707069264e-01
8.213728018127143260e-01
8.213913802345429449e-01
8.214099582362210938e-01
8.214285358177771945e-01
8.214471129792400017e-01
8.214656897206378261e-01
8.214842660419993114e-01
8.215028419433527684e-01
8.215214174247267298e-01
8.215399924861498393e-01
8.215585671276504076e-01
8.215771413492569675e-01
8.215957151509979406e-01
8.216142885329019707e-01
8.216328614949972575e-01
8.216514340373125558e-01
8.216700061598760652e-01
8.216885778627164294e-01
8.217071491458620702e-01
8.217257200093414093e-01
8.217442904531827574e-01
8.217628604774148693e-01
8.217814300820659446e-01
8.217999992671645160e-01
8.218185680327388942e-01
8.218371363788177231e-01
8.218557043054293132e-01
8.218742718126020863e-01
8.218928389003645751e-01
8.219114055687449794e-01
8.219299718177719427e-01
8.219485376474736649e-01
8.219671030578787896e-01
8.219856680490155165e-01
8.220042326209124894e-01
8.220227967735977970e-01
8.220413605071000829e-01
8.220599238214476578e-01
8.220784867166688326e-01
8.220970491927921397e-01
8.221156112498458901e-01
8.221341728878585053e-01
8.221527341068582961e-01
8.221712949068736842e-01
8.221898552879330913e-01
8.222084152500648280e-01
8.222269747932972050e-01
8.222455339176586442e-01
8.222640926231774561e-01
8.222826509098821735e-01
8.223012087778008850e-01
8.223197662269621233e-01
8.223383232573941992e-01
8.223568798691254234e-01
8.223754360621842174e-01
8.223939918365987811e-01
8.224125471923975361e-01
8.224311021296087931e-01
8.224496566482609738e-01
8.224682107483821669e-01
8.224867644300009051e-01
8.225053176931454990e-01
8.225238705378441484e-01
8.225424229641252749e-01
8.225609749720170782e-01
8.225795265615478691e-01
8.225980777327460691e-01
8.226166284856398780e-01
8.226351788202576065e-01
8.226537287366276763e-01
8.226722782347780649e-01
8.226908273147374162e-01
8.227093759765338188e-01
8.227279242201954723e-01
8.227464720457509095e-01
8.227650194532282191e-01
8.227835664426556006e-01
8.228021130140615869e-01
8.228206591674741555e-01
8.228392049029217281e-01
8.228577502204326155e-01
8.228762951200349063e-01
8.228948396017569111e-01
8.229133836656269407e-01
8.229319273116730837e-01
8.229504705399238729e-01
8.229690133504072858e-01
8.229875557431516331e-01
8.230060977181851145e-01
8.230246392755360407e-01
8.230431804152325004e-01
8.230617211373029152e-01
8.230802614417753738e-01
8.230988013286780758e-01
8.231173407980393320e-01
8.231358798498872309e-01
8.231544184842500833e-01
8.231729567011559778e-01
8.231914945006332252e-01
8.232100318827100249e-01
8.232285688474144658e-01
8.232471053947748585e-01
8.232656415248192916e-01
8.232841772375759648e-01
8.233027125330730778e-01
8.233212474113388302e-01
8.233397818724014217e-01
8.233583159162889409e-01
8.233768495430295875e-01
8.233953827526515612e-01
8.234139155451830616e-01
8.234324479206520664e-01
8.234509798790868862e-01
8.234695114205157207e-01
8.234880425449665475e-01
8.235065732524675663e-01
8.235251035430469768e-01
8.235436334167329786e-01
8.235621628735535493e-01
8.235806919135368886e-01
8.235992205367110852e-01
8.236177487431044497e-01
8.236362765327448487e-01
8.236548039056605930e-01
8.236733308618797711e-01
8.236918574014303607e-01
8.237103835243405614e-01
8.237289092306385729e-01
8.237474345203523729e-01
8.237659593935101610e-01
8.237844838501399147e-01
8.238030078902698339e-01
8.238215315139280071e-01
8.238400547211425229e-01
8.238585775119413590e-01
8.238770998863526041e-01
8.238956218444045687e-01
8.239141433861250086e-01
8.239326645115422343e-01
8.239511852206843345e-01
8.239697055135791759e-01
8.239882253902549580e-01
8.240067448507396586e-01
8.240252638950614772e-01
8.240437825232482805e-01
8.240623007353282681e-01
8.240808185313294176e-01
8.240993359112798178e-01
8.241178528752074461e-01
8.241363694231403914e-01
8.241548855551067421e-01
8.241734012711343649e-01
8.241919165712514594e-01
8.242104314554860034e-01
8.242289459238659743e-01
8.242474599764193499e-01
8.242659736131743298e-01
8.242844868341587805e-01
8.243029996394006798e-01
8.243215120289281161e-01
8.243400240027691783e-01
8.243585355609516219e-01
8.243770467035036464e-01
8.243955574304532297e-01
8.244140677418282381e-01
8.244325776376568715e-01
8.244510871179668854e-01
8.244695961827863684e-01
8.244881048321432981e-01
8.245066130660656523e-01
8.245251208845814084e-01
8.245436282877185441e-01
8.245621352755049260e-01
8.245806418479686428e-01
8.245991480051376721e-01
8.246176537470398804e-01
8.246361590737031344e-01
8.246546639851556337e-01
8.246731684814251340e-01
8.246916725625396127e-01
8.247101762285270476e-01
8.247286794794154163e-01
8.247471823152325854e-01
8.247656847360065324e-01
8.247841867417650130e-01
8.248026883325362268e-01
8.248211895083479295e-01
8.248396902692280985e-01
8.248581906152046006e-01
8.248766905463054133e-01
8.248951900625584033e-01
8.249136891639914371e-01
8.249321878506324923e-01
8.249506861225094356e-01
8.249691839796501336e-01
8.249876814220825638e-01
8.250061784498345929e-01
8.250246750629340875e-01
8.250431712614089141e-01
8.250616670452869394e-01
8.250801624145960300e-01
8.250986573693642745e-01
8.251171519096192064e-01
8.251356460353889144e-01
8.251541397467012651e-01
8.251726330435840140e-01
8.251911259260651388e-01
8.252096183941723950e-01
8.252281104479337603e-01
8.252466020873768793e-01
8.252650933125297295e-01
8.252835841234202885e-01
8.253020745200760899e-01
8.253205645025252224e-01
8.253390540707954415e-01
8.253575432249146138e-01
8.253760319649104948e-01
8.253945202908108403e-01
8.254130082026437387e-01
8.254314957004367237e-01
8.254499827842177728e-01
8.254684694540147527e-01
8.254869557098551969e-01
8.255054415517673050e-01
8.255239269797784996e-01
8.255424119939168692e-01
8.255608965942100586e-01
8.255793807806859341e-01
8.255978645533721405e-01
8.256163479122966553e-01
8.256348308574872341e-01
8.256533133889716325e-01
8.256717955067774950e-01
8.256902772109327993e-01
8.257087585014651898e-01
8.257272393784024223e-01
8.257457198417724742e-01
8.257641998916027681e-01
8.257826795279213927e-01
8.258011587507558815e-01
8.258196375601341011e-01
8.258381159560838070e-01
8.258565939386326438e-01
8.258750715078084781e-01
8.258935486636389545e-01
8.259120254061518285e-01
8.259305017353748557e-01
8.259489776513359027e-01
8.259674531540623921e-01
8.259859282435823014e-01
8.260044029199233862e-01
8.260228771831130690e-01
8.260413510331793274e-01
8.260598244701499171e-01
8.260782974940522605e-01
8.260967701049143352e-01
8.261152423027637859e-01
8.261337140876281460e-01
8.261521854595353931e-01
8.261706564185129498e-01
8.261891269645886826e-01
8.262075970977902362e-01
8.262260668181453660e-01
8.262445361256816057e-01
8.262630050204267107e-01
8.262814735024083257e-01
8.262999415716542062e-01
8.263184092281919968e-01
8.263368764720492310e-01
8.263553433032537754e-01
8.263738097218331635e-01
8.263922757278150399e-01
8.264107413212271602e-01
8.264292065020971689e-01
8.264476712704525996e-01
8.264661356263212078e-01
8.264845995697305270e-01
8.265030631007083128e-01
8.265215262192822099e-01
8.265399889254797516e-01
8.265584512193285827e-01
8.265769131008563475e-01
8.265953745700906907e-01
8.266138356270592569e-01
8.266322962717895795e-01
8.266507565043094141e-01
8.266692163246461833e-01
8.266876757328276426e-01
8.267061347288814366e-01
8.267245933128349877e-01
8.267430514847159406e-01
8.267615092445520508e-01
8.267799665923707408e-01
8.267984235281996552e-01
8.268168800520664385e-01
8.268353361639985133e-01
8.268537918640236350e-01
8.268722471521693373e-01
8.268907020284631537e-01
8.269091564929327287e-01
8.269276105456054848e-01
8.269460641865091777e-01
8.269645174156712297e-01
8.269829702331191745e-01
8.270014226388807677e-01
8.270198746329833206e-01
8.270383262154545889e-01
8.270567773863219951e-01
8.270752281456130728e-01
8.270936784933554664e-01
8.271121284295765985e-01
8.271305779543041137e-01
8.271490270675654344e-01
8.271674757693882052e-01
8.271859240597998486e-01
8.272043719388278982e-01
8.272228194064998874e-01
8.272412664628434609e-01
8.272597131078859301e-01
8.272781593416549395e-01
8.272966051641779117e-01
8.273150505754823802e-01
8.273334955755958786e-01
8.273519401645458293e-01
8.273703843423598769e-01
8.273888281090653329e-01
8.274072714646898419e-01
8.274257144092608263e-01
8.274441569428057086e-01
8.274625990653520224e-01
8.274810407769271903e-01
8.274994820775588567e-01
8.275179229672742220e-01
8.275363634461010420e-01
8.275548035140666281e-01
8.275732431711984027e-01
8.275916824175238995e-01
8.276101212530705409e-01
8.276285596778657494e-01
8.276469976919370586e-01
8.276654352953118909e-01
8.276838724880176690e-01
8.277023092700818152e-01
8.277207456415317521e-01
8.277391816023950133e-01
8.277576171526989102e-01
8.277760522924708653e-01
8.277944870217384121e-01
8.278129213405289732e-01
8.278313552488698601e-01
8.278497887467884953e-01
8.278682218343124122e-01
8.278866545114689224e-01
8.279050867782854484e-01
8.279235186347894127e-01
8.279419500810082377e-01
8.279603811169692351e-01
8.279788117426998273e-01
8.279972419582274368e-01
8.280156717635794861e-01
8.280341011587832867e-01
8.280525301438661501e-01
8.280709587188557208e-01
8.280893868837790883e-01
8.281078146386637862e-01
8.281262419835372368e-01
8.281446689184265297e-01
8.281630954433593095e-01
8.281815215583628875e-01
8.281999472634644643e-01
8.282183725586915735e-01
8.282367974440715264e-01
8.282552219196315235e-01
8.282736459853990985e-01
8.282920696414015627e-01
8.283104928876662276e-01
8.283289157242202938e-01
8.283473381510912947e-01
8.283657601683064309e-01
8.283841817758931247e-01
8.284026029738786878e-01
8.284210237622904316e-01
8.284394441411555565e-01
8.284578641105014851e-01
8.284762836703556399e-01
8.284947028207451103e-01
8.285131215616973188e-01
8.285315398932394659e-01
8.285499578153990852e-01
8.285683753282031550e-01
8.285867924316792088e-01
8.286052091258545582e-01
8.286236254107562926e-01
8.286420412864118346e-01
8.286604567528483845e-01
8.286788718100933648e-01
8.286972864581738651e-01
8.287157006971173079e-01
8.287341145269508935e-01
8.287525279477019335e-01
8.287709409593976284e-01
8.287893535620651786e-01
8.288077657557320066e-01
8.288261775404253129e-01
8.288445889161722979e-01
8.288629998830001622e-01
8.288814104409363281e-01
8.288998205900078853e-01
8.289182303302421451e-01
8.289366396616663080e-01
8.289550485843076855e-01
8.289734570981933670e-01
8.289918652033506641e-01
8.290102728998067771e-01
8.290286801875890177e-01
8.290470870667244752e-01
8.290654935372403500e-01
8.290838995991640648e-01
8.291023052525225978e-01
8.291207104973432607e-01
8.291391153336531428e-01
8.291575197614796666e-01
8.291759237808499217e-01
8.291943273917909973e-01
8.292127305943302051e-01
8.292311333884946345e-01
8.292495357743115969e-01
8.292679377518081818e-01
8.292863393210115897e-01
8.293047404819490209e-01
8.293231412346476761e-01
8.293415415791346446e-01
8.293599415154371268e-01
8.293783410435823233e-01
8.293967401635973236e-01
8.294151388755092169e-01
8.294335371793454259e-01
8.294519350751328179e-01
8.294703325628987045e-01
8.294887296426702861e-01
8.295071263144744300e-01
8.295255225783385589e-01
8.295439184342896510e-01
8.295623138823550180e-01
8.295807089225615272e-01
8.295991035549364900e-01
8.296174977795069960e-01
8.296358915963001346e-01
8.296542850053431062e-01
8.296726780066628892e-01
8.296910706002866842e-01
8.297094627862415805e-01
8.297278545645547787e-01
8.297462459352531461e-01
8.297646368983641052e-01
8.297830274539144124e-01
8.298014176019314903e-01
8.298198073424422061e-01
8.298381966754736494e-01
8.298565856010530206e-01
8.298749741192074092e-01
8.298933622299637936e-01
8.299117499333492631e-01
8.299301372293910184e-01
8.299485241181159267e-01
8.299669105995511886e-01
8.299852966737238935e-01
8.300036823406610198e-01
8.300220676003896569e-01
8.300404524529368944e-01
8.300588368983297105e-01
8.300772209365951948e-01
8.300956045677604367e-01
8.301139877918524146e-01
8.301323706088981069e-01
8.301507530189248252e-01
8.301691350219593257e-01
8.301875166180286980e-01
8.302058978071600315e-01
8.302242785893803045e-01
8.302426589647166066e-01
8.302610389331958052e-01
8.302794184948451006e-01
8.302977976496914714e-01
8.303161763977617849e-01
8.303345547390832415e-01
8.303529326736827088e-01
8.303713102015872760e-01
8.303896873228238107e-01
8.304080640374194022e-01
8.304264403454011401e-01
8.304448162467958916e-01
8.304631917416305242e-01
8.304815668299323494e-01
8.304999415117280126e-01
8.305183157870447141e-01
8.305366896559093215e-01
8.305550631183488131e-01
8.305734361743902783e-01
8.305918088240604735e-01
8.306101810673865993e-01
8.306285529043954119e-01
8.306469243351140008e-01
8.306652953595691224e-01
8.306836659777879772e-01
8.307020361897974325e-01
8.307204059956243558e-01
8.307387753952958365e-01
8.307571443888386309e-01
8.307755129762798285e-01
8.307938811576461857e-01
8.308122489329649030e-01
8.308306163022626256e-01
8.308489832655664431e-01
8.308673498229032228e-01
8.308857159742999432e-01
8.309040817197833606e-01
8.309224470593805645e-01
8.309408119931184222e-01
8.309591765210238012e-01
8.309775406431235689e-01
8.309959043594448147e-01
8.310142676700141839e-01
8.310326305748586551e-01
8.310509930740052065e-01
8.310693551674807056e-01
8.310877168553119088e-01
8.311060781375257944e-01
8.311244390141493410e-01
8.311427994852093049e-01
8.311611595507324424e-01
8.311795192107458430e-01
8.311978784652763741e-01
8.312162373143506811e-01
8.312345957579958533e-01
8.312529537962386472e-01
8.312713114291059302e-01
8.312896686566245696e-01
8.313080254788213219e-01
8.313263818957231654e-01
8.313447379073568566e-01
8.313630935137493738e-01
8.313814487149273624e-01
8.313998035109176898e-01
8.314181579017473345e-01
8.314365118874430527e-01
8.314548654680316009e-01
8.314732186435398464e-01
8.314915714139946568e-01
8.315099237794228992e-01
8.315282757398512192e-01
8.315466272953064841e-01
8.315649784458154503e-01
8.315833291914050962e-01
8.316016795321021782e-01
8.316200294679334526e-01
8.316383789989255648e-01
8.316567281251056043e-01
8.316750768465001054e-01
8.316934251631360464e-01
8.317117730750400728e-01
8.317301205822390520e-01
8.317484676847597402e-01
8.317668143826288940e-01
8.317851606758732697e-01
8.318035065645196235e-01
8.318218520485948231e-01
8.318401971281256246e-01
8.318585418031386736e-01
8.318768860736608373e-01
8.318952299397187611e-01
8.319135734013393124e-01
8.319319164585491366e-01
8.319502591113751011e-01
8.319686013598438512e-01
8.319869432039822543e-01
8.320052846438168448e-01
8.320236256793744900e-01
8.320419663106818353e-01
8.320603065377657481e-01
8.320786463606528738e-01
8.320969857793699687e-01
8.321153247939436781e-01
8.321336634044007585e-01
8.321520016107679663e-01
8.321703394130719467e-01
8.321886768113393451e-01
8.322070138055971400e-01
8.322253503958717546e-01
8.322436865821899454e-01
8.322620223645784687e-01
8.322803577430640809e-01
8.322986927176733163e-01
8.323170272884329313e-01
8.323353614553696822e-01
8.323536952185101034e-01
8.323720285778810624e-01
8.323903615335090933e-01
8.324086940854208416e-01
8.324270262336430637e-01
8.324453579782024049e-01
8.324636893191255105e-01
8.324820202564390259e-01
8.325003507901697075e-01
8.325186809203440896e-01
8.325370106469889286e-01
8.325553399701308699e-01
8.325736688897964477e-01
8.325919974060123074e-01
8.326103255188052055e-01
8.326286532282017872e-01
8.326469805342285868e-01
8.326653074369122498e-01
8.326836339362794215e-01
8.327019600323567472e-01
8.327202857251708723e-01
8.327386110147484422e-01
8.327569359011158800e-01
8.327752603843000534e-01
8.327935844643273855e-01
8.328119081412246327e-01
8.328302314150182184e-01
8.328485542857348989e-01
8.328668767534013195e-01
8.328851988180439037e-01
8.329035204796892966e-01
8.329218417383641437e-01
8.329401625940949794e-01
8.329584830469084489e-01
8.329768030968310866e-01
8.329951227438895378e-01
8.330134419881102259e-01
8.330317608295199072e-01
8.330500792681451161e-01
8.330683973040122758e-01
8.330867149371480318e-01
8.331050321675790293e-01
8.331233489953318028e-01
8.331416654204327754e-01
8.331599814429085926e-01
8.331782970627858997e-01
8.331966122800910091e-01
8.332149270948506770e-01
8.332332415070914378e-01
8.332515555168396038e-01
8.332698691241220423e-01
8.332881823289649548e-01
8.333064951313950974e-01
8.333248075314390046e-01
8.333431195291229887e-01
8.333614311244738060e-01
8.333797423175177688e-01
8.333980531082816334e-01
8.334163634967917123e-01
8.334346734830745396e-01
8.334529830671566497e-01
8.334712922490645770e-01
8.334896010288248558e-01
8.335079094064637983e-01
8.335262173820081610e-01
8.335445249554842562e-01
8.335628321269186181e-01
8.335811388963377810e-01
8.335994452637680574e-01
8.336177512292362035e-01
8.336360567927684206e-01
8.336543619543913541e-01
8.336726667141314273e-01
8.336909710720150635e-01
8.337092750280687969e-01
8.337275785823191621e-01
8.337458817347923601e-01
8.337641844855151474e-01
8.337824868345138363e-01
8.338007887818147390e-01
8.338190903274446120e-01
8.338373914714296564e-01
8.338556922137964067e-01
8.338739925545712861e-01
8.338922924937807180e-01
8.339105920314511255e-01
8.339288911676090432e-01
8.339471899022807833e-01
8.339654882354927690e-01
8.339837861672715347e-01
8.340020836976433927e-01
8.340203808266347663e-01
8.340386775542721898e-01
8.340569738805818645e-01
8.340752698055903247e-01
8.340935653293241048e-01
8.341118604518092949e-01
8.341301551730725405e-01
8.341484494931401539e-01
8.341667434120385582e-01
8.341850369297940659e-01
8.342033300464331003e-01
8.342216227619821955e-01
8.342399150764674420e-01
8.342582069899154851e-01
8.342764985023525259e-01
8.342947896138050989e-01
8.343130803242994054e-01
8.343313706338618685e-01
8.343496605425189117e-01
8.343679500502968471e-01
8.343862391572219872e-01
8.344045278633208662e-01
8.344228161686195744e-01
8.344411040731446461e-01
8.344593915769223935e-01
8.344776786799791291e-01
8.344959653823412760e-01
8.345142516840350355e-01
8.345325375850868310e-01
8.345508230855229748e-01
8.345691081853698901e-01
8.345873928846536671e-01
8.346056771834008403e-01
8.346239610816377219e-01
8.346422445793905132e-01
8.346605276766856374e-01
8.346788103735492959e-01
8.346970926700079119e-01
8.347153745660876867e-01
8.347336560618150436e-01
8.347519371572161839e-01
8.347702178523174199e-01
8.347884981471450638e-01
8.348067780417254280e-01
8.348250575360848247e-01
8.348433366302494552e-01
8.348616153242457427e-01
8.348798936180997776e-01
8.348981715118378721e-01
8.349164490054864496e-01
8.349347260990717112e-01
8.349530027926198583e-01
8.349712790861572032e-01
8.349895549797100580e-01
8.350078304733046242e-01
8.350261055669671029e-01
8.350443802607239174e-01
8.350626545546011581e-01
8.350809284486251372e-01
8.350992019428221669e-01
8.351174750372183375e-01
8.351357477318400724e-01
8.351540200267134617e-01
8.351722919218647068e-01
8.351905634173202309e-01
8.352088345131061242e-01
8.352271052092486991e-01
8.352453755057740459e-01
8.352636454027084767e-01
8.352819149000781929e-01
8.353001839979093957e-01
8.353184526962282863e-01
8.353367209950611771e-01
8.353549888944341584e-01
8.353732563943734313e-01
8.353915234949051971e-01
8.354097901960557682e-01
8.354280564978512347e-01
8.354463224003179089e-01
8.354645879034817701e-01
8.354828530073691306e-01
8.355011177120061916e-01
8.355193820174190433e-01
8.355376459236339981e-01
8.355559094306771462e-01
8.355741725385745777e-01
8.355924352473526051e-01
8.356106975570374296e-01
8.356289594676550303e-01
8.356472209792316086e-01
8.356654820917934767e-01
8.356837428053666139e-01
8.357020031199773324e-01
8.357202630356516115e-01
8.357385225524157635e-01
8.357567816702957675e-01
8.357750403893178248e-01
8.357932987095081367e-01
8.358115566308927935e-01
8.358298141534978853e-01
8.358480712773496135e-01
8.358663280024740683e-01
8.358845843288973398e-01
8.359028402566456295e-01
8.359210957857450275e-01
8.359393509162215130e-01
8.359576056481013984e-01
8.359758599814106628e-01
8.359941139161755075e-01
8.360123674524220228e-01
8.360306205901761878e-01
8.360488733294642039e-01
8.360671256703121612e-01
8.360853776127460391e-01
8.361036291567921497e-01
8.361218803024763613e-01
8.361401310498248751e-01
8.361583813988637814e-01
8.361766313496190595e-01
8.361948809021167994e-01
8.362131300563832026e-01
8.362313788124442482e-01
8.362496271703260264e-01
8.362678751300545166e-01
8.362861226916558088e-01
8.363043698551561045e-01
8.363226166205812717e-01
8.363408629879574008e-01
8.363591089573106929e-01
8.363773545286669053e-01
8.363955997020524613e-01
8.364138444774930070e-01
8.364320888550148547e-01
8.364503328346439837e-01
8.364685764164063730e-01
8.364868196003280021e-01
8.365050623864350721e-01
8.365233047747534512e-01
8.365415467653092296e-01
8.365597883581283867e-01
8.365780295532369015e-01
8.365962703506608644e-01
8.366145107504263656e-01
8.366327507525591622e-01
8.366509903570854556e-01
8.366692295640312249e-01
8.366874683734224494e-01
8.367057067852851082e-01
8.367239447996450696e-01
8.367421824165285349e-01
8.367604196359614832e-01
8.367786564579697828e-01
8.367968928825794128e-01
8.368151289098163526e-01
8.368333645397066922e-01
8.368515997722763000e-01
8.368698346075511552e-01
8.368880690455572369e-01
8.369063030863205244e-01
8.369245367298669969e-01
8.369427699762225226e-01
8.369610028254131917e-01
8.369792352774648725e-01
8.369974673324034331e-01
8.370156989902549638e-01
8.370339302510454438e-01
8.370521611148006302e-01
8.370703915815466134e-01
8.370886216513091505e-01
8.371068513241144426e-01
8.371250805999882472e-01
8.371433094789564322e-01
8.371615379610450880e-01
8.371797660462800827e-01
8.371979937346872847e-01
8.372162210262925619e-01
8.372344479211220047e-01
8.372526744192013703e-01
8.372709005205566379e-01
8.372891262252136757e-01
8.373073515331983518e-01
8.373255764445366456e-01
8.373438009592544251e-01
8.373620250773775586e-01
8.373802487989320253e-01
8.373984721239435824e-01
8.374166950524382091e-01
8.374349175844417736e-01
8.374531397199800331e-01
8.374713614590790778e-01
8.374895828017645538e-01
8.375078037480625515e-01
8.375260242979988279e-01
8.375442444515992513e-01
8.375624642088895788e-01
8.375806835698959008e-01
8.375989025346439742e-01
8.376171211031595565e-01
8.376353392754685157e-01
8.376535570515968310e-01
8.376717744315703706e-01
8.376899914154147808e-01
8.377082080031559297e-01
8.377264241948199075e-01
8.377446399904322494e-01
8.377628553900189345e-01
8.377810703936057202e-01
8.377992850012184745e-01
8.378174992128830656e-01
8.378357130286252508e-01
8.378539264484708982e-01
8.378721394724457650e-01
8.378903521005757193e-01
8.379085643328864075e-01
8.379267761694039196e-01
8.379449876101537908e-01
8.379631986551620004e-01
8.379814093044543055e-01
8.379996195580564633e-01
8.380178294159942309e-01
8.380360388782934766e-01
8.380542479449799576e-01
8.380724566160794309e-01
8.380906648916177648e-01
8.381088727716206055e-01
8.381270802561139321e-01
8.381452873451232799e-01
8.381634940386745170e-01
8.381817003367934005e-01
8.381999062395056876e-01
8.382181117468372467e-01
8.382363168588137237e-01
8.382545215754608758e-01
8.382727258968045714e-01
8.382909298228703454e-01
8.383091333536841772e-01
8.383273364892716017e-01
8.383455392296585984e-01
8.383637415748707022e-01
8.383819435249336705e-01
8.384001450798733712e-01
8.384183462397154507e-01
8.384365470044855551e-01
8.384547473742095525e-01
8.384729473489130891e-01
8.384911469286218111e-01
8.385093461133616977e-01
8.385275449031581729e-01
8.385457432980371051e-01
8.385639412980241403e-01
8.385821389031449247e-01
8.386003361134253264e-01
8.386185329288909918e-01
8.386367293495675668e-01
8.386549253754806976e-01
8.386731210066561415e-01
8.386913162431196556e-01
8.387095110848967749e-01
8.387277055320133679e-01
8.387458995844949694e-01
8.387640932423673368e-01
8.387822865056560051e-01
8.388004793743868426e-01
8.388186718485853843e-01
8.388368639282773875e-01
8.388550556134883873e-01
8.388732469042441409e-01
8.388914378005702943e-01
8.389096283024926048e-01
8.389278184100364966e-01
8.389460081232277266e-01
8.389641974420920523e-01
8.389823863666548975e-01
8.390005748969421306e-01
8.390187630329792867e-01
8.390369507747919009e-01
8.390551381224058414e-01
8.390733250758465323e-01
8.390915116351397307e-01
8.391096978003108608e-01
8.391278835713857909e-01
8.391460689483900559e-01
8.391642539313493021e-01
8.391824385202889536e-01
8.392006227152348785e-01
8.392188065162125010e-01
8.392369899232474673e-01
8.392551729363655344e-01
8.392733555555920155e-01
8.392915377809527788e-01
8.393097196124732484e-01
8.393279010501791815e-01
8.393460820940960021e-01
8.393642627442492454e-01
8.393824430006647797e-01
8.394006228633679179e-01
8.394188023323843062e-01
8.394369814077395908e-01
8.394551600894591958e-01
8.394733383775688784e-01
8.394915162720940627e-01
8.395096937730603948e-01
8.395278708804934098e-01
8.395460475944187539e-01
8.395642239148617403e-01
8.395823998418481260e-01
8.396005753754034462e-01
8.396187505155532360e-01
8.396369252623229196e-01
8.396550996157381430e-01
8.396732735758244415e-01
8.396914471426074611e-01
8.397096203161125150e-01
8.397277930963652492e-01
8.397459654833911991e-01
8.397641374772157885e-01
8.397823090778646637e-01
8.398004802853633599e-01
8.398186510997373011e-01
8.398368215210120225e-01
8.398549915492130591e-01
8.398731611843659461e-01
8.398913304264961077e-01
8.399094992756290790e-01
8.399276677317903950e-01
8.399458357950055909e-01
8.399640034652999798e-01
8.399821707426993189e-01
8.400003376272288103e-01
8.400185041189142110e-01
8.400366702177808342e-01
8.400548359238541041e-01
8.400730012371597777e-01
8.400911661577230571e-01
8.401093306855694776e-01
8.401274948207245741e-01
8.401456585632137708e-01
8.401638219130626029e-01
8.401819848702963833e-01
8.402001474349407584e-01
8.402183096070210411e-01
8.402364713865626555e-01
8.402546327735912479e-01
8.402727937681320203e-01
8.402909543702106188e-01
8.403091145798524675e-01
8.403272743970828795e-01
8.403454338219273900e-01
8.403635928544113121e-01
8.403817514945602918e-01
8.403999097423995313e-01
8.404180675979545656e-01
8.404362250612509300e-01
8.404543821323138264e-01
8.404725388111687900e-01
8.404906950978412450e-01
8.405088509923565043e-01
8.405270064947401032e-01
8.405451616050174657e-01
8.405633163232137939e-01
8.405814706493547339e-01
8.405996245834654879e-01
8.406177781255715908e-01
8.406359312756983559e-01
8.406540840338712073e-01
8.406722364001154579e-01
8.406903883744566430e-01
8.407085399569200757e-01
8.407266911475310689e-01
8.407448419463150469e-01
8.407629923532974336e-01
8.407811423685034313e-01
8.407992919919586861e-01
8.408174412236882889e-01
8.408355900637177749e-01
8.408537385120724572e-01
8.408718865687776489e-01
8.408900342338587741e-01
8.409081815073410349e-01
8.409263283892500773e-01
8.409444748796109925e-01
8.409626209784492046e-01
8.409807666857900266e-01
8.409989120016587716e-01
8.410170569260809748e-01
8.410352014590817271e-01
8.410533456006864528e-01
8.410714893509204648e-01
8.410896327098090763e-01
8.411077756773777114e-01
8.411259182536515722e-01
8.411440604386559716e-01
8.411622022324163339e-01
8.411803436349578611e-01
8.411984846463058663e-01
8.412166252664856625e-01
8.412347654955226739e-01
8.412529053334421025e-01
8.412710447802692615e-01
8.412891838360293528e-01
8.413073225007478007e-01
8.413254607744498070e-01
8.413435986571606851e-01
8.413617361489057478e-01
8.413798732497103083e-01
8.413980099595995688e-01
8.414161462785987311e-01
8.414342822067333305e-01
8.414524177440283470e-01
8.414705528905092047e-01
8.414886876462011056e-01
8.415068220111293629e-01
8.415249559853192896e-01
8.415430895687959767e-01
8.415612227615847374e-01
8.415793555637109957e-01
8.415974879751997317e-01
8.416156199960763695e-01
8.416337516263660001e-01
8.416518828660940477e-01
8.416700137152857142e-01
8.416881441739660907e-01
8.417062742421606014e-01
8.417244039198943373e-01
8.417425332071925004e-01
8.417606621040805148e-01
8.417787906105833606e-01
8.417969187267263509e-01
8.418150464525347987e-01
8.418331737880337950e-01
8.418513007332485421e-01
8.418694272882042418e-01
8.418875534529263183e-01
8.419056792274396406e-01
8.419238046117696328e-01
8.419419296059414970e-01
8.419600542099803242e-01
8.419781784239113165e-01
8.419963022477596759e-01
8.420144256815506045e-01
8.420325487253093044e-01
8.420506713790608666e-01
8.420687936428306042e-01
8.420869155166436082e-01
8.421050370005250807e-01
8.421231580945001127e-01
8.421412787985940174e-01
8.421593991128317747e-01
8.421775190372388087e-01
8.421956385718399885e-01
8.422137577166606270e-01
8.422318764717258155e-01
8.422499948370607559e-01
8.422681128126906502e-01
8.422862303986404786e-01
8.423043475949355541e-01
8.423224644016008567e-01
8.423405808186616994e-01
8.423586968461430624e-01
8.423768124840701477e-01
8.423949277324680462e-01
8.424130425913619602e-01
8.424311570607769806e-01
8.424492711407381984e-01
8.424673848312707047e-01
8.424854981323997016e-01
8.425036110441502801e-01
8.425217235665474202e-01
8.425398356996164351e-01
8.425579474433823046e-01
8.425760587978701199e-01
8.425941697631050831e-01
8.426122803391121741e-01
8.426303905259165949e-01
8.426485003235433258e-01
8.426666097320175686e-01
8.426847187513643034e-01
8.427028273816086212e-01
8.427209356227757242e-01
8.427390434748905923e-01
8.427571509379783166e-01
8.427752580120639880e-01
8.427933646971725867e-01
8.428114709933293147e-01
8.428295769005591520e-01
8.428476824188870786e-01
8.428657875483384077e-01
8.428838922889380081e-01
8.429019966407108599e-01
8.429201006036822763e-01
8.429382041778770152e-01
8.429563073633203896e-01
8.429744101600372685e-01
8.429925125680526321e-01
8.430106145873916823e-01
8.430287162180793992e-01
8.430468174601408737e-01
8.430649183136009750e-01
8.430830187784849050e-01
8.431011188548175328e-01
8.431192185426239494e-01
8.431373178419292458e-01
8.431554167527582910e-01
8.431735152751361762e-01
8.431916134090879922e-01
8.432097111546386081e-01
8.432278085118131150e-01
8.432459054806364929e-01
8.432640020611337217e-01
8.432820982533297816e-01
8.433001940572497634e-01
8.433182894729185364e-01
8.433363845003611914e-01
8.433544791396025975e-01
8.433725733906678457e-01
8.433906672535819160e-01
8.434087607283696775e-01
8.434268538150563321e-01
8.434449465136665269e-01
8.434630388242255750e-01
8.434811307467581232e-01
8.434992222812893736e-01
8.435173134278441953e-01
8.435354041864475683e-01
8.435534945571244725e-01
8.435715845398997770e-01
8.435896741347984618e-01
8.436077633418455068e-01
8.436258521610658923e-01
8.436439405924844870e-01
8.436620286361262711e-01
8.436801162920162245e-01
8.436982035601792163e-01
8.437162904406401154e-01
8.437343769334240129e-01
8.437524630385557778e-01
8.437705487560602791e-01
8.437886340859623857e-01
8.438067190282872998e-01
8.438248035830595573e-01
8.438428877503043601e-01
8.438609715300464664e-01
8.438790549223109672e-01
8.438971379271225093e-01
8.439152205445061838e-01
8.439333027744867488e-01
8.439513846170892952e-01
8.439694660723385811e-01
8.439875471402594753e-01
8.440056278208770690e-01
8.440237081142158981e-01
8.440417880203011647e-01
8.440598675391576267e-01
8.440779466708102641e-01
8.440960254152837239e-01
8.441141037726030971e-01
8.441321817427931418e-01
8.441502593258788378e-01
8.441683365218849433e-01
8.441864133308363272e-01
8.442044897527578584e-01
8.442225657876744060e-01
8.442406414356109501e-01
8.442587166965921375e-01
8.442767915706429482e-01
8.442948660577881403e-01
8.443129401580526938e-01
8.443310138714612556e-01
8.443490871980388057e-01
8.443671601378102132e-01
8.443852326908002359e-01
8.444033048570337430e-01
8.444213766365354923e-01
8.444394480293303529e-01
8.444575190354431937e-01
8.444755896548987728e-01
8.444936598877219591e-01
8.445117297339375106e-01
8.445297991935702964e-01
8.445478682666451853e-01
8.445659369531867133e-01
8.445840052532199715e-01
8.446020731667697179e-01
8.446201406938605993e-01
8.446382078345175959e-01
8.446562745887653545e-01
8.446743409566288552e-01
8.446924069381326339e-01
8.447104725333016706e-01
8.447285377421606123e-01
8.447466025647343280e-01
8.447646670010476866e-01
8.447827310511252241e-01
8.448007947149919206e-01
8.448188579926725339e-01
8.448369208841917111e-01
8.448549833895742101e-01
8.448730455088448998e-01
8.448911072420285384e-01
8.449091685891498837e-01
8.449272295502335828e-01
8.449452901253045045e-01
8.449633503143872959e-01
8.449814101175068259e-01
8.449994695346877416e-01
8.450175285659548008e-01
8.450355872113327615e-01
8.450536454708463818e-01
8.450717033445204196e-01
8.450897608323795218e-01
8.451078179344484465e-01
8.451258746507518405e-01
8.451439309813145728e-01
8.451619869261612905e-01
8.451800424853167515e-01
8.451980976588057137e-01
8.452161524466527132e-01
8.452342068488825078e-01
8.452522608655199665e-01
8.452703144965896254e-01
8.452883677421163533e-01
8.453064206021246862e-01
8.453244730766393822e-01
8.453425251656850881e-01
8.453605768692865619e-01
8.453786281874684505e-01
8.453966791202555120e-01
8.454147296676723933e-01
8.454327798297437413e-01
8.454508296064942030e-01
8.454688789979485364e-01
8.454869280041313884e-01
8.455049766250674059e-01
8.455230248607812360e-01
8.455410727112976366e-01
8.455591201766412546e-01
8.455771672568366260e-01
8.455952139519085087e-01
8.456132602618816607e-01
8.456313061867805070e-01
8.456493517266298054e-01
8.456673968814542031e-01
8.456854416512782358e-01
8.457034860361267725e-01
8.457215300360243493e-01
8.457395736509955020e-01
8.457576168810649886e-01
8.457756597262574561e-01
8.457937021865973293e-01
8.458117442621094773e-01
8.458297859528184359e-01
8.458478272587487412e-01
8.458658681799251511e-01
8.458839087163722015e-01
8.459019488681144283e-01
8.459199886351765896e-01
8.459380280175833322e-01
8.459560670153589701e-01
8.459741056285283722e-01
8.459921438571160746e-01
8.460101817011467240e-01
8.460282191606447455e-01
8.460462562356348970e-01
8.460642929261417144e-01
8.460823292321897338e-01
8.461003651538036019e-01
8.461184006910078548e-01
8.461364358438270283e-01
8.461544706122858805e-01
8.461725049964088363e-01
8.461905389962204316e-01
8.462085726117454243e-01
8.462266058430081284e-01
8.462446386900333017e-01
8.462626711528453693e-01
8.462807032314690892e-01
8.462987349259287750e-01
8.463167662362490740e-01
8.463347971624546329e-01
8.463528277045698767e-01
8.463708578626193413e-01
8.463888876366276737e-01
8.464069170266192987e-01
8.464249460326188634e-01
8.464429746546507927e-01
8.464610028927397334e-01
8.464790307469101105e-01
8.464970582171864599e-01
8.465150853035934286e-01
8.465331120061553305e-01
8.465511383248969235e-01
8.465691642598425215e-01
8.465871898110166605e-01
8.466052149784439873e-01
8.466232397621489270e-01
8.466412641621560153e-01
8.466592881784895663e-01
8.466773118111744489e-01
8.466953350602347550e-01
8.467133579256953535e-01
8.467313804075804473e-01
8.467494025059146834e-01
8.467674242207223756e-01
8.467854455520282819e-01
8.468034664998567163e-01
8.468214870642321035e-01
8.468395072451790906e-01
8.468575270427219914e-01
8.468755464568853419e-01
8.468935654876935670e-01
8.469115841351712026e-01
8.469296023993427847e-01
8.469476202802325160e-01
8.469656377778651546e-01
8.469836548922649033e-01
8.470016716234564091e-01
8.470196879714639859e-01
8.470377039363121696e-01
8.470557195180252741e-01
8.470737347166279463e-01
8.470917495321445001e-01
8.471097639645993604e-01
8.471277780140170632e-01
8.471457916804219224e-01
8.471638049638383627e-01
8.471818178642909203e-01
8.471998303818040199e-01
8.472178425164019755e-01
8.472358542681092120e-01
8.472538656369502652e-01
8.472718766229494491e-01
8.472898872261311887e-01
8.473078974465199087e-01
8.473259072841400341e-01
8.473439167390159898e-01
8.473619258111720898e-01
8.473799345006327588e-01
8.473979428074224218e-01
8.474159507315655038e-01
8.474339582730863185e-01
8.474519654320092910e-01
8.474699722083587350e-01
8.474879786021591865e-01
8.475059846134349595e-01
8.475239902422103677e-01
8.475419954885099472e-01
8.475600003523577897e-01
8.475780048337785422e-01
8.475960089327964075e-01
8.476140126494359217e-01
8.476320159837211765e-01
8.476500189356768189e-01
8.476680215053269407e-01
8.476860236926961889e-01
8.477040254978086553e-01
8.477220269206887648e-01
8.477400279613609424e-01
8.477580286198495019e-01
8.477760288961786461e-01
8.477940287903730221e-01
8.478120283024566106e-01
8.478300274324539476e-01
8.478480261803893470e-01
8.478660245462871226e-01
8.478840225301715883e-01
8.479020201320671690e-01
8.479200173519979566e-01
8.479380141899884871e-01
8.479560106460629632e-01
8.479740067202456988e-01
8.479920024125610079e-01
8.480099977230333153e-01
8.480279926516868239e-01
8.480459871985457365e-01
8.480639813636345892e-01
8.480819751469774737e-01
8.480999685485988149e-01
8.481179615685229267e-01
8.481359542067739010e-01
8.481539464633762737e-01
8.481719383383541366e-01
8.481899298317318037e-01
8.482079209435336997e-01
8.482259116737839166e-01
8.482439020225068793e-01
8.482618919897266796e-01
8.482798815754678534e-01
8.482978707797543816e-01
8.483158596026106890e-01
8.483338480440610896e-01
8.483518361041296751e-01
8.483698237828408706e-01
8.483878110802187678e-01
8.484057979962876805e-01
8.484237845310719228e-01
8.484417706845956975e-01
8.484597564568833183e-01
8.484777418479588773e-01
8.484957268578466882e-01
8.485137114865709540e-01
8.485316957341559885e-01
8.485496796006259945e-01
8.485676630860050640e-01
8.485856461903176218e-01
8.486036289135878707e-01
8.486216112558399027e-01
8.486395932170979206e-01
8.486575747973863493e-01
8.486755559967292806e-01
8.486935368151508063e-01
8.487115172526753515e-01
8.487294973093270078e-01
8.487474769851298673e-01
8.487654562801083546e-01
8.487834351942865618e-01
8.488014137276886917e-01
8.488193918803388360e-01
8.488373696522614198e-01
8.488553470434803128e-01
8.488733240540200509e-01
8.488913006839045039e-01
8.489092769331580968e-01
8.489272528018048103e-01
8.489452282898689583e-01
8.489632033973746328e-01
8.489811781243460365e-01
8.489991524708073722e-01
8.490171264367827320e-01
8.490351000222962075e-01
8.490530732273722236e-01
8.490710460520346503e-01
8.490890184963078013e-01
8.491069905602157686e-01
8.491249622437827549e-01
8.491429335470329631e-01
8.491609044699902631e-01
8.491788750126790797e-01
8.491968451751235047e-01
8.492148149573475191e-01
8.492327843593754366e-01
8.492507533812312381e-01
8.492687220229392375e-01
8.492866902845233046e-01
8.493046581660077532e-01
8.493226256674166752e-01
8.493405927887742735e-01
8.493585595301044178e-01
8.493765258914314220e-01
8.493944918727792670e-01
8.494124574741722666e-01
8.494304226956342907e-01
8.494483875371895421e-01
8.494663519988622236e-01
8.494843160806762050e-01
8.495022797826558003e-01
8.495202431048249903e-01
8.495382060472078667e-01
8.495561686098285215e-01
8.495741307927110464e-01
8.495920925958796444e-01
8.496100540193581852e-01
8.496280150631708716e-01
8.496459757273416846e-01
8.496639360118948270e-01
8.496818959168542795e-01
8.496998554422441341e-01
8.497178145880884825e-01
8.497357733544114167e-01
8.497537317412369173e-01
8.497716897485889653e-01
8.497896473764917635e-01
8.498076046249694038e-01
8.498255614940457559e-01
8.498435179837450226e-01
8.498614740940910739e-01
8.498794298251081125e-01
8.498973851768202303e-01
8.499153401492511861e-01
8.499332947424252938e-01
8.499512489563665341e-01
8.499692027910987768e-01
8.499871562466462249e-01
8.500051093230327481e-01
8.500230620202825493e-01
8.500410143384194983e-01
8.500589662774675759e-01
8.500769178374509849e-01
8.500948690183937062e-01
8.501128198203196096e-01
8.501307702432526758e-01
8.501487202872171078e-01
8.501666699522367754e-01
8.501846192383357703e-01
8.502025681455378514e-01
8.502205166738673325e-01
8.502384648233480835e-01
8.502564125940039741e-01
8.502743599858590962e-01
8.502923069989374305e-01
8.503102536332629580e-01
8.503281998888595483e-01
8.503461457657514044e-01
8.503640912639622851e-01
8.503820363835162821e-01
8.503999811244373763e-01
8.504179254867494375e-01
8.504358694704764465e-01
8.504538130756423842e-01
8.504717563022713422e-01
8.504896991503869685e-01
8.505076416200135769e-01
8.505255837111748152e-01
8.505435254238948861e-01
8.505614667581974375e-01
8.505794077141066722e-01
8.505973482916464601e-01
8.506152884908407819e-01
8.506332283117133963e-01
8.506511677542883954e-01
8.506691068185896487e-01
8.506870455046411372e-01
8.507049838124667307e-01
8.507229217420902989e-01
8.507408592935359337e-01
8.507587964668273939e-01
8.507767332619887712e-01
8.507946696790437136e-01
8.508126057180164237e-01
8.508305413789305494e-01
8.508484766618101824e-01
8.508664115666790817e-01
8.508843460935613390e-01
8.509022802424806020e-01
8.509202140134609627e-01
8.509381474065262907e-01
8.509560804217003449e-01
8.509740130590072171e-01
8.509919453184705551e-01
8.510098772001144507e-01
8.510278087039626627e-01
8.510457398300391718e-01
8.510636705783677369e-01
8.510816009489722278e-01
8.510995309418766253e-01
8.511174605571046881e-01
8.511353897946803970e-01
8.511533186546275109e-01
8.511712471369700106e-01
8.511891752417315438e-01
8.512071029689362023e-01
8.512250303186076339e-01
8.512429572907698194e-01
8.512608838854466287e-01
8.512788101026618204e-01
8.512967359424391534e-01
8.513146614048027194e-01
8.513325864897761663e-01
8.513505111973833639e-01
8.513684355276481819e-01
8.513863594805943791e-01
8.514042830562459363e-01
8.514222062546265013e-01
8.514401290757599439e-01
8.514580515196701338e-01
8.514759735863809409e-01
8.514938952759160129e-01
8.515118165882992196e-01
8.515297375235544308e-01
8.515476580817055163e-01
8.515655782627761239e-01
8.515834980667901233e-01
8.516014174937712733e-01
8.516193365437434437e-01
8.516372552167303933e-01
8.516551735127559919e-01
8.516730914318438872e-01
8.516910089740179490e-01
8.517089261393019362e-01
8.517268429277196073e-01
8.517447593392948324e-01
8.517626753740512591e-01
8.517805910320128682e-01
8.517985063132031964e-01
8.518164212176461136e-01
8.518343357453654896e-01
8.518522498963848610e-01
8.518701636707282088e-01
8.518880770684191805e-01
8.519059900894815351e-01
8.519239027339391424e-01
8.519418150018155389e-01
8.519597268931347056e-01
8.519776384079201792e-01
8.519955495461959405e-01
8.520134603079854152e-01
8.520313706933126952e-01
8.520492807022013171e-01
8.520671903346749287e-01
8.520850995907575109e-01
8.521030084704726004e-01
8.521209169738439559e-01
8.521388251008954473e-01
8.521567328516506112e-01
8.521746402261332065e-01
8.521925472243671029e-01
8.522104538463757262e-01
8.522283600921830571e-01
8.522462659618127434e-01
8.522641714552884329e-01
8.522820765726337733e-01
8.522999813138726344e-01
8.523178856790286639e-01
8.523357896681253987e-01
8.523536932811868194e-01
8.523715965182363519e-01
8.523894993792977548e-01
8.524074018643948980e-01
8.524253039735512072e-01
8.524432057067905522e-01
8.524611070641364696e-01
8.524790080456127184e-01
8.524969086512429461e-01
8.525148088810509117e-01
8.525327087350602628e-01
8.525506082132945362e-01
8.525685073157774907e-01
8.525864060425327740e-01
8.526043043935840338e-01
8.526222023689550289e-01
8.526400999686692961e-01
8.526579971927504831e-01
8.526758940412223486e-01
8.526937905141084295e-01
8.527116866114323734e-01
8.527295823332179392e-01
8.527474776794886635e-01
8.527653726502681941e-01
8.527832672455802898e-01
8.528011614654483763e-01
8.528190553098962123e-01
8.528369487789473347e-01
8.528548418726255020e-01
8.528727345909543622e-01
8.528906269339573409e-01
8.529085189016580859e-01
8.529264104940803559e-01
8.529443017112477987e-01
8.529621925531837290e-01
8.529800830199121275e-01
8.529979731114563091e-01
8.530158628278400323e-01
8.530337521690868341e-01
8.530516411352202510e-01
8.530695297262640420e-01
8.530874179422417436e-01
8.531053057831768927e-01
8.531231932490931369e-01
8.531410803400139020e-01
8.531589670559630578e-01
8.531768533969639190e-01
8.531947393630402443e-01
8.532126249542154595e-01
8.532305101705132122e-01
8.532483950119571503e-01
8.532662794785706994e-01
8.532841635703776184e-01
8.533020472874012219e-01
8.533199306296652686e-01
8.533378135971931844e-01
8.533556961900086169e-01
8.533735784081351028e-01
8.533914602515960679e-01
8.534093417204152709e-01
8.534272228146162487e-01
8.534451035342223157e-01
8.534629838792572309e-01
8.534808638497444200e-01
8.534987434457074196e-01
8.535166226671698775e-01
8.535345015141552194e-01
8.535523799866869821e-01
8.535702580847887022e-01
8.535881358084839166e-01
8.536060131577961618e-01
8.536238901327489748e-01
8.536417667333657811e-01
8.536596429596702285e-01
8.536775188116856317e-01
8.536953942894357494e-01
8.537132693929438965e-01
8.537311441222336095e-01
8.537490184773284252e-01
8.537668924582518803e-01
8.537847660650274006e-01
8.538026392976785228e-01
8.538205121562287836e-01
8.538383846407014977e-01
8.538562567511204238e-01
8.538741284875087656e-01
8.538919998498901709e-01
8.539098708382880654e-01
8.539277414527259857e-01
8.539456116932273577e-01
8.539634815598156070e-01
8.539813510525143814e-01
8.539992201713468845e-01
8.540170889163367640e-01
8.540349572875074458e-01
8.540528252848823554e-01
8.540706929084850296e-01
8.540885601583388942e-01
8.541064270344673748e-01
8.541242935368938971e-01
8.541421596656418869e-01
8.541600254207348808e-01
8.541778908021963046e-01
8.541957558100495840e-01
8.542136204443181446e-01
8.542314847050254123e-01
8.542493485921949237e-01
8.542672121058498824e-01
8.542850752460139363e-01
8.543029380127104000e-01
8.543208004059628102e-01
8.543386624257944817e-01
8.543565240722287291e-01
8.543743853452892001e-01
8.543922462449992095e-01
8.544101067713821829e-01
8.544279669244614350e-01
8.544458267042605026e-01
8.544636861108028114e-01
8.544815451441115650e-01
8.544994038042103002e-01
8.545172620911224426e-01
8.545351200048713070e-01
8.545529775454803190e-01
8.545708347129729043e-01
8.545886915073723777e-01
8.546065479287021649e-01
8.546244039769856915e-01
8.546422596522462722e-01
8.546601149545072218e-01
8.546779698837920769e-01
8.546958244401240412e-01
8.547136786235266515e-01
8.547315324340232223e-01
8.547493858716369575e-01
8.547672389363913936e-01
8.547850916283099565e-01
8.548029439474157387e-01
8.548207958937323880e-01
8.548386474672829971e-01
8.548564986680911026e-01
8.548743494961800193e-01
8.548921999515730619e-01
8.549100500342935449e-01
8.549278997443647832e-01
8.549457490818102023e-01
8.549635980466531171e-01
8.549814466389168421e-01
8.549992948586246921e-01
8.550171427058000928e-01
8.550349901804662478e-01
8.550528372826464718e-01
8.550706840123641905e-01
8.550885303696427187e-01
8.551063763545052598e-01
8.551242219669752398e-01
8.551420672070758622e-01
8.551599120748305527e-01
8.551777565702625150e-01
8.551956006933951748e-01
8.552134444442516248e-01
8.552312878228554016e-01
8.552491308292297090e-01
8.552669734633977505e-01
8.552848157253829520e-01
8.553026576152086280e-01
8.553204991328978712e-01
8.553383402784741074e-01
8.553561810519605402e-01
8.553740214533805952e-01
8.553918614827574762e-01
8.554097011401143869e-01
8.554275404254746418e-01
8.554453793388614447e-01
8.554632178802982212e-01
8.554810560498081751e-01
8.554988938474145099e-01
8.555167312731405405e-01
8.555345683270094703e-01
8.555524050090447252e-01
8.555702413192692868e-01
8.555880772577065807e-01
8.556059128243798106e-01
8.556237480193121803e-01
8.556415828425270043e-01
8.556594172940475973e-01
8.556772513738970520e-01
8.556950850820985721e-01
8.557129184186755833e-01
8.557307513836511781e-01
8.557485839770485603e-01
8.557664161988910445e-01
8.557842480492018344e-01
8.558020795280041337e-01
8.558199106353211461e-01
8.558377413711760751e-01
8.558555717355921244e-01
8.558734017285927198e-01
8.558912313502007319e-01
8.559090606004395863e-01
8.559268894793324867e-01
8.559447179869025257e-01
8.559625461231730181e-01
8.559803738881670565e-01
8.559982012819078445e-01
8.560160283044186968e-01
8.560338549557227061e-01
8.560516812358430760e-01
8.560695071448028992e-01
8.560873326826256013e-01
8.561051578493340530e-01
8.561229826449516800e-01
8.561408070695015748e-01
8.561586311230068302e-01
8.561764548054907609e-01
8.561942781169764594e-01
8.562121010574870184e-01
8.562299236270457525e-01
8.562477458256757545e-01
8.562655676534001170e-01
8.562833891102421546e-01
8.563012101962248490e-01
8.563190309113715148e-01
8.563368512557051337e-01
8.563546712292489094e-01
8.563724908320260454e-01
8.563903100640596344e-01
8.564081289253728801e-01
8.564259474159887642e-01
8.564437655359306012e-01
8.564615832852213728e-01
8.564794006638843937e-01
8.564972176719426455e-01
8.565150343094192209e-01
8.565328505763374345e-01
8.565506664727201569e-01
8.565684819985907028e-01
8.565862971539720538e-01
8.566041119388874137e-01
8.566219263533598749e-01
8.566397403974125302e-01
8.566575540710684722e-01
8.566753673743507935e-01
8.566931803072826979e-01
8.567109928698871668e-01
8.567288050621874040e-01
8.567466168842063912e-01
8.567644283359672208e-01
8.567822394174930967e-01
8.568000501288070003e-01
8.568178604699320244e-01
8.568356704408912616e-01
8.568534800417079156e-01
8.568712892724048569e-01
8.568890981330052892e-01
8.569069066235321941e-01
8.569247147440087753e-01
8.569425224944580144e-01
8.569603298749030040e-01
8.569781368853668369e-01
8.569959435258723834e-01
8.570137497964429585e-01
8.570315556971014326e-01
8.570493612278710094e-01
8.570671663887745595e-01
8.570849711798352866e-01
8.571027756010761722e-01
8.571205796525203091e-01
8.571383833341906788e-01
8.571561866461103740e-01
8.571739895883022653e-01
8.571917921607896673e-01
8.572095943635953397e-01
8.572273961967424860e-01
8.572451976602540880e-01
8.572629987541532381e-01
8.572807994784628072e-01
8.572985998332058877e-01
8.573163998184054613e-01
8.573341994340846206e-01
8.573519986802663473e-01
8.573697975569736229e-01
8.573875960642294292e-01
8.574053942020568586e-01
8.574231919704788929e-01
8.574409893695185136e-01
8.574587863991987025e-01
8.574765830595424410e-01
8.574943793505728218e-01
8.575121752723127155e-01
8.575299708247851038e-01
8.575477660080130793e-01
8.575655608220196235e-01
8.575833552668276072e-01
8.576011493424601229e-01
8.576189430489400412e-01
8.576367363862903437e-01
8.576545293545341231e-01
8.576723219536942500e-01
8.576901141837937059e-01
8.577079060448555836e-01
8.577256975369025316e-01
8.577434886599578645e-01
8.577612794140443420e-01
8.577790697991849456e-01
8.577968598154025459e-01
8.578146494627203467e-01
8.578324387411609964e-01
8.578502276507476987e-01
8.578680161915032132e-01
8.578858043634505215e-01
8.579035921666126052e-01
8.579213796010124460e-01
8.579391666666728034e-01
8.579569533636167700e-01
8.579747396918672164e-01
8.579925256514471243e-01
8.580103112423793643e-01
8.580280964646868069e-01
8.580458813183924338e-01
8.580636658035192266e-01
8.580814499200899448e-01
8.580992336681276811e-01
8.581170170476551951e-01
8.581348000586954683e-01
8.581525827012713714e-01
8.581703649754057750e-01
8.581881468811216607e-01
8.582059284184418990e-01
8.582237095873894717e-01
8.582414903879870272e-01
8.582592708202576581e-01
8.582770508842242352e-01
8.582948305799096289e-01
8.583126099073367099e-01
8.583303888665283488e-01
8.583481674575074161e-01
8.583659456802967824e-01
8.583837235349194295e-01
8.584015010213980057e-01
8.584192781397556038e-01
8.584370548900149833e-01
8.584548312721991259e-01
8.584726072863306801e-01
8.584903829324327384e-01
8.585081582105279496e-01
8.585259331206392952e-01
8.585437076627896458e-01
8.585614818370017609e-01
8.585792556432986222e-01
8.585970290817028783e-01
8.586148021522375107e-01
8.586325748549253900e-01
8.586503471897892759e-01
8.586681191568519278e-01
8.586858907561363274e-01
8.587036619876653454e-01
8.587214328514616302e-01
8.587392033475481634e-01
8.587569734759477047e-01
8.587747432366830136e-01
8.587925126297770717e-01
8.588102816552525276e-01
8.588280503131323629e-01
8.588458186034392261e-01
8.588635865261959879e-01
8.588813540814255187e-01
8.588991212691504673e-01
8.589168880893938152e-01
8.589346545421783219e-01
8.589524206275267471e-01
8.589701863454619613e-01
8.589879516960066130e-01
8.590057166791835730e-01
8.590234812950156007e-01
8.590412455435255668e-01
8.590590094247362307e-01
8.590767729386702412e-01
8.590945360853505797e-01
8.591122988647998948e-01
8.591300612770410572e-01
8.591478233220967153e-01
8.591655849999897399e-01
8.591833463107427793e-01
8.592011072543788153e-01
8.592188678309203853e-01
8.592366280403903600e-01
8.592543878828114989e-01
8.592721473582064506e-01
8.592899064665981967e-01
8.593076652080092748e-01
8.593254235824625553e-01
8.593431815899806869e-01
8.593609392305865402e-01
8.593786965043026527e-01
8.593964534111520059e-01
8.594142099511572486e-01
8.594319661243410291e-01
8.594497219307262181e-01
8.594674773703354642e-01
8.594852324431914159e-01
8.595029871493169438e-01
8.595207414887346964e-01
8.595384954614674333e-01
8.595562490675379141e-01
8.595740023069687874e-01
8.595917551797827016e-01
8.596095076860024164e-01
8.596272598256508024e-01
8.596450115987503970e-01
8.596627630053238489e-01
8.596805140453940286e-01
8.596982647189834736e-01
8.597160150261150546e-01
8.597337649668114201e-01
8.597515145410951076e-01
8.597692637489889878e-01
8.597870125905157090e-01
8.598047610656979201e-01
8.598225091745582693e-01
8.598402569171195164e-01
8.598580042934043099e-01
8.598757513034352984e-01
8.598934979472352413e-01
8.599112442248266763e-01
8.599289901362323629e-01
8.599467356814750607e-01
8.599644808605771962e-01
8.599822256735616399e-01
8.599999701204509295e-01
8.600177142012678244e-01
8.600354579160349733e-01
8.600532012647749136e-01
8.600709442475102939e-01
8.600886868642638738e-01
8.601064291150583019e-01
8.601241709999162266e-01
8.601419125188601855e-01
8.601596536719128272e-01
8.601773944590969112e-01
8.601951348804349751e-01
8.602128749359496673e-01
8.602306146256636366e-01
8.602483539495995313e-01
8.602660929077798890e-01
8.602838315002273584e-01
8.603015697269646989e-01
8.603193075880143370e-01
8.603370450833989214e-01
8.603547822131412115e-01
8.603725189772636339e-01
8.603902553757889482e-01
8.604079914087396919e-01
8.604257270761385135e-01
8.604434623780078395e-01
8.604611973143705406e-01
8.604789318852490432e-01
8.604966660906659959e-01
8.605143999306439362e-01
8.605321334052055127e-01
8.605498665143732628e-01
8.605675992581698353e-01
8.605853316366177674e-01
8.606030636497395969e-01
8.606207952975580833e-01
8.606385265800955420e-01
8.606562574973747326e-01
8.606739880494181927e-01
8.606917182362485708e-01
8.607094480578881823e-01
8.607271775143597869e-01
8.607449066056860332e-01
8.607626353318892365e-01
8.607803636929920454e-01
8.607980916890171086e-01
8.608158193199869634e-01
8.608335465859240365e-01
8.608512734868509764e-01
8.608690000227903205e-01
8.608867261937644955e-01
8.609044519997962608e-01
8.609221774409080430e-01
8.609399025171222686e-01
8.609576272284616971e-01
8.609753515749486441e-01
8.609930755566057581e-01
8.610107991734555766e-01
8.610285224255206371e-01
8.610462453128233662e-01
8.610639678353863014e-01
8.610816899932320911e-01
8.610994117863831621e-01
8.611171332148619406e-01
8.611348542786910754e-01
8.611525749778929928e-01
8.611702953124902304e-01
8.611880152825052148e-01
8.612057348879607055e-01
8.612234541288789069e-01
8.612411730052823566e-01
8.612588915171937032e-01
8.612766096646353731e-01
8.612943274476299038e-01
8.613120448661996109e-01
8.613297619203671429e-01
8.613474786101549263e-01
8.613651949355853876e-01
8.613829108966811754e-01
8.614006264934646051e-01
8.614183417259582143e-01
8.614360565941844294e-01
8.614537710981657881e-01
8.614714852379247167e-01
8.614891990134836419e-01
8.615069124248651011e-01
8.615246254720916319e-01
8.615423381551854387e-01
8.615600504741691701e-01
8.615777624290652525e-01
8.615954740198961126e-01
8.616131852466842878e-01
8.616308961094519825e-01
8.616486066082219564e-01
8.616663167430164139e-01
8.616840265138578925e-01
8.617017359207688187e-01
8.617194449637716192e-01
8.617371536428887202e-01
8.617548619581425484e-01
8.617725699095555303e-01
8.617902774971502033e-01
8.618079847209487721e-01
8.618256915809738850e-01
8.618433980772477465e-01
8.618611042097930053e-01
8.618788099786318657e-01
8.618965153837868653e-01
8.619142204252804307e-01
8.619319251031348772e-01
8.619496294173726314e-01
8.619673333680161198e-01
8.619850369550877689e-01
8.620027401786098942e-01
8.620204430386049221e-01
8.620381455350952793e-01
8.620558476681033921e-01
8.620735494376515762e-01
8.620912508437622579e-01
8.621089518864578638e-01
8.621266525657605984e-01
8.621443528816929991e-01
8.621620528342774925e-01
8.621797524235362831e-01
8.621974516494917973e-01
8.622151505121664616e-01
8.622328490115827027e-01
8.622505471477627248e-01
8.622682449207289546e-01
8.622859423305038185e-01
8.623036393771096320e-01
8.623213360605687106e-01
8.623390323809034808e-01
8.623567283381362580e-01
8.623744239322893579e-01
8.623921191633852068e-01
8.624098140314461203e-01
8.624275085364944138e-01
8.624452026785524028e-01
8.624628964576425139e-01
8.624805898737869514e-01
8.624982829270082529e-01
8.625159756173285119e-01
8.625336679447702659e-01
8.625513599093557193e-01
8.625690515111072987e-01
8.625867427500470974e-01
8.626044336261977641e-01
8.626221241395813921e-01
8.626398142902202970e-01
8.626575040781369053e-01
8.626751935033534213e-01
8.626928825658922717e-01
8.627105712657756609e-01
8.627282596030259043e-01
8.627459475776654285e-01
8.627636351897163269e-01
8.627813224392010261e-01
8.627990093261418414e-01
8.628166958505609774e-01
8.628343820124807495e-01
8.628520678119234733e-01
8.628697532489114641e-01
8.628874383234670375e-01
8.629051230356122870e-01
8.629228073853696390e-01
8.629404913727612980e-01
8.629581749978096905e-01
8.629758582605369099e-01
8.629935411609652718e-01
8.630112236991170915e-01
8.630289058750146847e-01
8.630465876886801446e-01
8.630642691401358979e-01
8.630819502294040380e-01
8.630996309565069913e-01
8.631173113214669623e-01
8.631349913243060445e-01
8.631526709650467755e-01
8.631703502437111375e-01
8.631880291603215571e-01
8.632057077149002389e-01
8.632233859074692761e-01
8.632410637380510954e-01
8.632587412066677901e-01
8.632764183133417868e-01
8.632940950580950679e-01
8.633117714409500598e-01
8.633294474619288561e-01
8.633471231210537722e-01
8.633647984183470125e-01
8.633824733538307816e-01
8.634001479275272839e-01
8.634178221394587238e-01
8.634354959896474169e-01
8.634531694781153455e-01
8.634708426048850471e-01
8.634885153699783933e-01
8.635061877734178104e-01
8.635238598152255030e-01
8.635415314954235644e-01
8.635592028140341991e-01
8.635768737710796117e-01
8.635945443665820065e-01
8.636122146005636990e-01
8.636298844730466717e-01
8.636475539840531290e-01
8.636652231336054975e-01
8.636828919217256484e-01
8.637005603484358973e-01
8.637182284137584487e-01
8.637358961177155070e-01
8.637535634603291657e-01
8.637712304416215181e-01
8.637888970616149908e-01
8.638065633203314553e-01
8.638242292177932269e-01
8.638418947540225101e-01
8.638595599290413984e-01
8.638772247428719853e-01
8.638948891955364751e-01
8.639125532870570723e-01
8.639302170174558704e-01
8.639478803867550738e-01
8.639655433949767760e-01
8.639832060421431814e-01
8.640008683282762725e-01
8.640185302533983647e-01
8.640361918175315514e-01
8.640538530206978152e-01
8.640715138629195824e-01
8.640891743442187245e-01
8.641068344646174459e-01
8.641244942241378402e-01
8.641421536228021116e-01
8.641598126606323538e-01
8.641774713376506600e-01
8.641951296538792349e-01
8.642127876093399497e-01
8.642304452040552309e-01
8.642481024380469501e-01
8.642657593113373116e-01
8.642834158239484088e-01
8.643010719759023353e-01
8.643187277672211843e-01
8.643363831979271605e-01
8.643540382680421352e-01
8.643716929775884239e-01
8.643893473265880090e-01
8.644070013150629839e-01
8.644246549430353310e-01
8.644423082105273659e-01
8.644599611175610709e-01
8.644776136641585396e-01
8.644952658503417542e-01
8.645129176761328083e-01
8.645305691415539062e-01
8.645482202466269195e-01
8.645658709913741635e-01
8.645835213758173987e-01
8.646011713999790516e-01
8.646188210638808824e-01
8.646364703675450958e-01
8.646541193109936740e-01
8.646717678942487106e-01
8.646894161173322990e-01
8.647070639802664216e-01
8.647247114830731718e-01
8.647423586257745320e-01
8.647600054083925958e-01
8.647776518309494564e-01
8.647952978934669854e-01
8.648129435959673872e-01
8.648305889384726441e-01
8.648482339210048497e-01
8.648658785435858753e-01
8.648835228062378144e-01
8.649011667089827604e-01
8.649188102518426957e-01
8.649364534348397138e-01
8.649540962579956860e-01
8.649717387213327058e-01
8.649893808248727556e-01
8.650070225686379288e-01
8.650246639526500969e-01
8.650423049769314643e-01
8.650599456415037913e-01
8.650775859463892825e-01
8.650952258916099202e-01
8.651128654771875759e-01
8.651305047031443429e-01
8.651481435695022038e-01
8.651657820762831408e-01
8.651834202235091364e-01
8.652010580112021731e-01
8.652186954393842333e-01
8.652363325080774104e-01
8.652539692173034647e-01
8.652716055670846007e-01
8.652892415574425788e-01
8.653068771883996035e-01
8.653245124599774352e-01
8.653421473721981672e-01
8.653597819250837819e-01
8.653774161186561509e-01
8.653950499529373674e-01
8.654126834279491920e-01
8.654303165437137180e-01
8.654479493002529278e-01
8.654655816975888039e-01
8.654832137357431066e-01
8.655008454147379293e-01
8.655184767345952546e-01
8.655361076953368427e-01
8.655537382969848981e-01
8.655713685395611812e-01
8.655889984230875633e-01
8.656066279475862491e-01
8.656242571130788876e-01
8.656418859195875726e-01
8.656595143671342862e-01
8.656771424557407890e-01
8.656947701854290633e-01
8.657123975562209806e-01
8.657300245681386341e-01
8.657476512212037845e-01
8.657652775154385250e-01
8.657829034508645050e-01
8.658005290275038179e-01
8.658181542453783353e-01
8.658357791045099283e-01
8.658534036049205795e-01
8.658710277466321603e-01
8.658886515296665420e-01
8.659062749540455961e-01
8.659238980197913049e-01
8.659415207269254289e-01
8.659591430754700614e-01
8.659767650654468518e-01
8.659943866968778936e-01
8.660120079697849471e-01
8.660296288841899948e-01
8.660472494401147969e-01
8.660648696375813360e-01
8.660824894766113724e-01
8.661001089572268885e-01
8.661177280794497557e-01
8.661353468433017344e-01
8.661529652488048070e-01
8.661705832959808449e-01
8.661882009848516084e-01
8.662058183154389690e-01
8.662234352877647980e-01
8.662410519018510779e-01
8.662586681577195691e-01
8.662762840553920318e-01
8.662938995948904486e-01
8.663115147762365797e-01
8.663291295994522967e-01
8.663467440645594708e-01
8.663643581715798625e-01
8.663819719205354541e-01
8.663995853114480061e-01
8.664171983443392788e-01
8.664348110192312546e-01
8.664524233361455829e-01
8.664700352951042461e-01
8.664876468961288936e-01
8.665052581392415076e-01
8.665228690244639598e-01
8.665404795518178993e-01
8.665580897213251976e-01
8.665756995330076151e-01
8.665933089868871342e-01
8.666109180829854042e-01
8.666285268213242965e-01
8.666461352019256825e-01
8.666637432248112116e-01
8.666813508900027552e-01
8.666989581975220736e-01
8.667165651473911492e-01
8.667341717396315204e-01
8.667517779742650585e-01
8.667693838513136351e-01
8.667869893707990103e-01
8.668045945327429447e-01
8.668221993371671985e-01
8.668398037840935322e-01
8.668574078735438171e-01
8.668750116055398136e-01
8.668926149801031711e-01
8.669102179972557609e-01
8.669278206570194545e-01
8.669454229594157901e-01
8.669630249044666392e-01
8.669806264921937622e-01
8.669982277226190304e-01
8.670158285957640931e-01
8.670334291116505998e-01
8.670510292703005328e-01
8.670686290717354305e-01
8.670862285159771643e-01
8.671038276030474945e-01
8.671214263329681815e-01
8.671390247057608747e-01
8.671566227214473344e-01
8.671742203800493209e-01
8.671918176815885948e-01
8.672094146260868053e-01
8.672270112135658238e-01
8.672446074440471886e-01
8.672622033175528822e-01
8.672797988341043318e-01
8.672973939937235199e-01
8.673149887964320959e-01
8.673325832422515980e-01
8.673501773312040086e-01
8.673677710633108662e-01
8.673853644385940420e-01
8.674029574570750745e-01
8.674205501187757239e-01
8.674381424237176397e-01
8.674557343719226932e-01
8.674733259634125337e-01
8.674909171982086997e-01
8.675085080763330625e-01
8.675260985978072714e-01
8.675436887626529758e-01
8.675612785708918251e-01
8.675788680225456906e-01
8.675964571176361106e-01
8.676140458561847346e-01
8.676316342382133229e-01
8.676492222637436358e-01
8.676668099327971007e-01
8.676843972453956999e-01
8.677019842015608608e-01
8.677195708013143438e-01
8.677371570446779092e-01
8.677547429316729843e-01
8.677723284623215516e-01
8.677899136366449273e-01
8.678074984546650938e-01
8.678250829164034785e-01
8.678426670218817307e-01
8.678602507711217218e-01
8.678778341641448790e-01
8.678954172009730739e-01
8.679129998816277336e-01
8.679305822061305076e-01
8.679481641745031562e-01
8.679657457867673287e-01
8.679833270429445635e-01
8.680009079430566210e-01
8.680184884871250395e-01
8.680360686751713573e-01
8.680536485072174457e-01
8.680712279832847322e-01
8.680888071033948661e-01
8.681063858675696077e-01
8.681239642758303843e-01
8.681415423281989563e-01
8.681591200246968620e-01
8.681766973653458619e-01
8.681942743501672721e-01
8.682118509791829641e-01
8.682294272524144763e-01
8.682470031698833468e-01
8.682645787316112251e-01
8.682821539376197606e-01
8.682997287879304915e-01
8.683173032825649562e-01
8.683348774215449151e-01
8.683524512048917954e-01
8.683700246326272465e-01
8.683875977047729178e-01
8.684051704213502365e-01
8.684227427823809631e-01
8.684403147878866358e-01
8.684578864378886820e-01
8.684754577324088620e-01
8.684930286714687142e-01
8.685105992550896659e-01
8.685281694832934773e-01
8.685457393561015760e-01
8.685633088735356111e-01
8.685808780356172321e-01
8.685984468423677551e-01
8.686160152938088297e-01
8.686335833899622161e-01
8.686511511308492306e-01
8.686687185164914116e-01
8.686862855469105194e-01
8.687038522221278702e-01
8.687214185421652246e-01
8.687389845070440098e-01
8.687565501167856530e-01
8.687741153714119147e-01
8.687916802709442221e-01
8.688092448154041136e-01
8.688268090048132386e-01
8.688443728391929133e-01
8.688619363185647870e-01
8.688794994429502871e-01
8.688970622123710630e-01
8.689146246268486529e-01
8.689321866864044841e-01
8.689497483910600950e-01
8.689673097408370239e-01
8.689848707357568092e-01
8.690024313758408780e-01
8.690199916611107689e-01
8.690375515915880200e-01
8.690551111672941698e-01
8.690726703882506454e-01
8.690902292544788743e-01
8.691077877660006168e-01
8.691253459228370781e-01
8.691429037250099077e-01
8.691604611725405327e-01
8.691780182654504916e-01
8.691955750037613226e-01
8.692131313874943421e-01
8.692306874166711994e-01
8.692482430913133218e-01
8.692657984114420255e-01
8.692833533770790710e-01
8.693009079882457746e-01
8.693184622449635635e-01
8.693360161472540870e-01
8.693535696951385505e-01
8.693711228886387143e-01
8.693886757277757837e-01
8.694062282125714081e-01
8.694237803430469036e-01
8.694413321192238087e-01
8.694588835411235506e-01
8.694764346087675566e-01
8.694939853221773651e-01
8.695115356813742924e-01
8.695290856863799878e-01
8.695466353372156565e-01
8.695641846339028369e-01
8.695817335764630673e-01
8.695992821649176641e-01
8.696168303992880544e-01
8.696343782795956656e-01
8.696519258058620361e-01
8.696694729781085931e-01
8.696870197963566529e-01
8.697045662606276428e-01
8.697221123709431012e-01
8.697396581273243443e-01
8.697572035297927995e-01
8.697747485783698940e-01
8.697922932730771661e-01
8.698098376139358212e-01
8.698273816009672865e-01
8.698449252341931004e-01
8.698624685136346901e-01
8.698800114393132610e-01
8.698975540112504623e-01
8.699150962294673883e-01
8.699326380939856884e-01
8.699501796048266788e-01
8.699677207620117869e-01
8.699852615655623289e-01
8.700028020154996211e-01
8.700203421118453129e-01
8.700378818546204984e-01
8.700554212438467161e-01
8.700729602795453932e-01
8.700904989617377350e-01
8.701080372904451687e-01
8.701255752656892328e-01
8.701431128874910215e-01
8.701606501558721840e-01
8.701781870708539257e-01
8.701957236324575629e-01
8.702132598407046338e-01
8.702307956956163437e-01
8.702483311972140090e-01
8.702658663455191679e-01
8.702834011405531367e-01
8.703009355823371207e-01
8.703184696708925472e-01
8.703360034062408435e-01
8.703535367884033258e-01
8.703710698174011995e-01
8.703886024932558918e-01
8.704061348159888301e-01
8.704236667856212195e-01
8.704411984021743764e-01
8.704587296656698392e-01
8.704762605761287020e-01
8.704937911335723921e-01
8.705113213380222259e-01
8.705288511894995196e-01
8.705463806880255895e-01
8.705639098336218629e-01
8.705814386263094340e-01
8.705989670661098412e-01
8.706164951530442897e-01
8.706340228871339848e-01
8.706515502684004648e-01
8.706690772968649350e-01
8.706866039725486006e-01
8.707041302954728890e-01
8.707216562656590053e-01
8.707391818831282659e-01
8.707567071479020981e-01
8.707742320600015962e-01
8.707917566194481873e-01
8.708092808262631879e-01
8.708268046804676921e-01
8.708443281820832382e-01
8.708618513311309206e-01
8.708793741276320555e-01
8.708968965716078481e-01
8.709144186630798368e-01
8.709319404020690047e-01
8.709494617885967793e-01
8.709669828226843658e-01
8.709845035043531913e-01
8.710020238336242393e-01
8.710195438105189369e-01
8.710370634350586005e-01
8.710545827072643243e-01
8.710721016271575357e-01
8.710896201947594397e-01
8.711071384100911308e-01
8.711246562731740362e-01
8.711421737840293611e-01
8.711596909426784219e-01
8.711772077491423127e-01
8.711947242034423500e-01
8.712122403055997388e-01
8.712297560556357956e-01
8.712472714535717255e-01
8.712647864994287339e-01
8.712823011932280259e-01
8.712998155349908069e-01
8.713173295247385042e-01
8.713348431624921009e-01
8.713523564482729133e-01
8.713698693821021468e-01
8.713873819640011176e-01
8.714048941939909199e-01
8.714224060720928700e-01
8.714399175983280621e-01
8.714574287727177015e-01
8.714749395952831046e-01
8.714924500660454765e-01
8.715099601850259114e-01
8.715274699522457258e-01
8.715449793677260137e-01
8.715624884314879806e-01
8.715799971435529425e-01
8.715975055039419939e-01
8.716150135126763399e-01
8.716325211697770747e-01
8.716500284752656258e-01
8.716675354291629763e-01
8.716850420314903314e-01
8.717025482822688964e-01
8.717200541815198767e-01
8.717375597292643663e-01
8.717550649255236817e-01
8.717725697703189169e-01
8.717900742636711664e-01
8.718075784056016353e-01
8.718250821961316399e-01
8.718425856352821635e-01
8.718600887230744112e-01
8.718775914595294774e-01
8.718950938446686783e-01
8.719125958785131081e-01
8.719300975610838611e-01
8.719475988924021426e-01
8.719650998724890467e-01
8.719826005013656678e-01
8.720001007790533221e-01
8.720176007055731038e-01
8.720351002809459962e-01
8.720525995051933155e-01
8.720700983783361560e-01
8.720875969003956119e-01
8.721050950713927774e-01
8.721225928913488579e-01
8.721400903602849475e-01
8.721575874782221405e-01
8.721750842451816421e-01
8.721925806611845466e-01
8.722100767262518373e-01
8.722275724404048303e-01
8.722450678036645089e-01
8.722625628160520783e-01
8.722800574775886329e-01
8.722975517882951557e-01
8.723150457481928521e-01
8.723325393573028164e-01
8.723500326156461426e-01
8.723675255232439252e-01
8.723850180801173693e-01
8.724025102862873471e-01
8.724200021417750639e-01
8.724374936466017250e-01
8.724549848007882025e-01
8.724724756043558127e-01
8.724899660573254279e-01
8.725074561597182532e-01
8.725249459115553829e-01
8.725424353128578003e-01
8.725599243636465996e-01
8.725774130639429860e-01
8.725949014137678317e-01
8.726123894131423420e-01
8.726298770620876111e-01
8.726473643606245112e-01
8.726648513087743586e-01
8.726823379065580255e-01
8.726998241539966061e-01
8.727173100511111947e-01
8.727347955979228855e-01
8.727522807944526617e-01
8.727697656407216176e-01
8.727872501367507363e-01
8.728047342825611121e-01
8.728222180781738393e-01
8.728397015236099010e-01
8.728571846188902805e-01
8.728746673640360720e-01
8.728921497590683698e-01
8.729096318040081570e-01
8.729271134988764169e-01
8.729445948436942437e-01
8.729620758384826207e-01
8.729795564832626420e-01
8.729970367780551799e-01
8.730145167228814396e-01
8.730319963177624043e-01
8.730494755627189463e-01
8.730669544577722707e-01
8.730844330029432498e-01
8.731019111982529779e-01
8.731193890437223271e-01
8.731368665393725026e-01
8.731543436852243767e-01
8.731718204812990436e-01
8.731892969276173755e-01
8.732067730242004666e-01
8.732242487710693002e-01
8.732417241682447484e-01
8.732591992157480165e-01
8.732766739135999767e-01
8.732941482618216122e-01
8.733116222604339063e-01
8.733290959094579531e-01
8.733465692089145138e-01
8.733640421588247937e-01
8.733815147592095540e-01
8.733989870100899999e-01
8.734164589114868926e-01
8.734339304634213264e-01
8.734514016659142843e-01
8.734688725189866387e-01
8.734863430226594838e-01
8.735038131769535807e-01
8.735212829818901348e-01
8.735387524374899071e-01
8.735562215437738809e-01
8.735736903007631504e-01
8.735911587084784768e-01
8.736086267669409544e-01
8.736260944761715663e-01
8.736435618361910738e-01
8.736610288470205710e-01
8.736784955086809301e-01
8.736959618211930234e-01
8.737134277845779451e-01
8.737308933988565673e-01
8.737483586640497624e-01
8.737658235801786244e-01
8.737832881472638036e-01
8.738007523653265052e-01
8.738182162343874904e-01
8.738356797544678534e-01
8.738531429255882443e-01
8.738706057477697575e-01
8.738880682210332651e-01
8.739055303453997503e-01
8.739229921208900853e-01
8.739404535475251423e-01
8.739579146253257935e-01
8.739753753543130221e-01
8.739928357345078114e-01
8.740102957659309224e-01
8.740277554486032274e-01
8.740452147825457097e-01
8.740626737677792413e-01
8.740801324043248055e-01
8.740975906922031635e-01
8.741150486314351875e-01
8.741325062220418607e-01
8.741499634640440553e-01
8.741674203574626434e-01
8.741848769023184973e-01
8.742023330986324892e-01
8.742197889464254912e-01
8.742372444457183756e-01
8.742546995965320145e-01
8.742721543988872801e-01
8.742896088528050447e-01
8.743070629583061804e-01
8.743245167154115594e-01
8.743419701241420539e-01
8.743594231845185361e-01
8.743768758965617671e-01
8.743943282602926192e-01
8.744117802757320757e-01
8.744292319429008975e-01
8.744466832618199570e-01
8.744641342325100153e-01
8.744815848549920556e-01
8.744990351292868391e-01
8.745164850554151270e-01
8.745339346333980135e-01
8.745513838632560377e-01
8.745688327450101829e-01
8.745862812786813212e-01
8.746037294642902138e-01
8.746211773018577329e-01
8.746386247914046397e-01
8.746560719329518063e-01
8.746735187265201050e-01
8.746909651721301859e-01
8.747084112698030323e-01
8.747258570195594052e-01
8.747433024214201769e-01
8.747607474754059975e-01
8.747781921815378503e-01
8.747956365398364964e-01
8.748130805503226970e-01
8.748305242130172132e-01
8.748479675279410284e-01
8.748654104951146815e-01
8.748828531145592668e-01
8.749002953862953236e-01
8.749177373103437239e-01
8.749351788867253399e-01
8.749526201154609328e-01
8.749700609965712639e-01
8.749875015300769832e-01
8.750049417159991849e-01
8.750223815543582973e-01
8.750398210451754144e-01
8.750572601884710755e-01
8.750746989842662638e-01
8.750921374325815183e-01
8.751095755334378223e-01
8.751270132868558260e-01
8.751444506928562905e-01
8.751618877514599770e-01
8.751793244626877577e-01
8.751967608265602827e-01
8.752141968430983132e-01
8.752316325123227214e-01
8.752490678342540464e-01
8.752665028089132715e-01
8.752839374363210467e-01
8.753013717164981333e-01
8.753188056494651814e-01
8.753362392352430632e-01
8.753536724738524288e-01
8.753711053653141505e-01
8.753885379096487673e-01
8.754059701068771515e-01
8.754234019570200642e-01
8.754408334600981556e-01
8.754582646161321868e-01
8.754756954251428080e-01
8.754931258871508915e-01
8.755105560021770872e-01
8.755279857702420454e-01
8.755454151913666383e-01
8.755628442655714050e-01
8.755802729928772177e-01
8.755977013733047265e-01
8.756151294068745816e-01
8.756325570936075442e-01
8.756499844335243754e-01
8.756674114266457254e-01
8.756848380729922443e-01
8.757022643725846933e-01
8.757196903254438336e-01
8.757371159315902043e-01
8.757545411910446775e-01
8.757719661038277925e-01
8.757893906699603104e-01
8.758068148894629923e-01
8.758242387623563774e-01
8.758416622886611158e-01
8.758590854683980798e-01
8.758765083015879194e-01
8.758939307882511738e-01
8.759113529284086042e-01
8.759287747220808606e-01
8.759461961692887044e-01
8.759636172700526746e-01
8.759810380243935324e-01
8.759984584323318169e-01
8.760158784938882892e-01
8.760332982090837106e-01
8.760507175779385092e-01
8.760681366004735571e-01
8.760855552767093934e-01
8.761029736066666684e-01
8.761203915903660322e-01
8.761378092278282459e-01
8.761552265190737376e-01
8.761726434641233796e-01
8.761900600629977109e-01
8.762074763157173818e-01
8.762248922223029313e-01
8.762423077827752316e-01
8.762597229971547108e-01
8.762771378654621302e-01
8.762945523877180287e-01
8.763119665639430567e-01
8.763293803941577531e-01
8.763467938783829903e-01
8.763642070166391962e-01
8.763816198089470211e-01
8.763990322553270040e-01
8.764164443558000173e-01
8.764338561103863778e-01
8.764512675191069579e-01
8.764686785819821857e-01
8.764860892990327113e-01
8.765034996702790737e-01
8.765209096957420343e-01
8.765383193754421320e-01
8.765557287093999062e-01
8.765731376976361178e-01
8.765905463401710840e-01
8.766079546370256770e-01
8.766253625882203249e-01
8.766427701937756778e-01
8.766601774537122749e-01
8.766775843680507663e-01
8.766949909368115801e-01
8.767123971600155885e-01
8.767298030376831086e-01
8.767472085698349016e-01
8.767646137564913955e-01
8.767820185976731295e-01
8.767994230934008648e-01
8.768168272436951405e-01
8.768342310485763846e-01
8.768516345080651364e-01
8.768690376221821570e-01
8.768864403909479854e-01
8.769038428143829389e-01
8.769212448925077785e-01
8.769386466253430434e-01
8.769560480129092728e-01
8.769734490552270056e-01
8.769908497523167812e-01
8.770082501041991385e-01
8.770256501108947278e-01
8.770430497724238661e-01
8.770604490888073146e-01
8.770778480600655014e-01
8.770952466862189656e-01
8.771126449672882464e-01
8.771300429032938828e-01
8.771474404942565251e-01
8.771648377401964902e-01
8.771822346411344284e-01
8.771996311970908788e-01
8.772170274080862695e-01
8.772344232741412506e-01
8.772518187952762503e-01
8.772692139715118076e-01
8.772866088028683507e-01
8.773040032893665296e-01
8.773213974310267727e-01
8.773387912278696188e-01
8.773561846799156072e-01
8.773735777871851660e-01
8.773909705496988343e-01
8.774083629674771512e-01
8.774257550405405448e-01
8.774431467689095543e-01
8.774605381526046077e-01
8.774779291916463553e-01
8.774953198860550030e-01
8.775127102358513120e-01
8.775301002410557105e-01
8.775474899016886265e-01
8.775648792177704882e-01
8.775822681893219457e-01
8.775996568163633160e-01
8.776170450989151384e-01
8.776344330369978408e-01
8.776518206306319625e-01
8.776692078798380425e-01
8.776865947846362870e-01
8.777039813450474570e-01
8.777213675610918697e-01
8.777387534327899532e-01
8.777561389601622466e-01
8.777735241432290669e-01
8.777909089820110644e-01
8.778082934765286671e-01
8.778256776268021921e-01
8.778430614328521786e-01
8.778604448946990546e-01
8.778778280123632483e-01
8.778952107858652987e-01
8.779125932152254119e-01
8.779299753004643492e-01
8.779473570416023165e-01
8.779647384386597420e-01
8.779821194916572757e-01
8.779995002006151239e-01
8.780168805655538256e-01
8.780342605864936978e-01
8.780516402634552797e-01
8.780690195964589995e-01
8.780863985855252851e-01
8.781037772306744538e-01
8.781211555319269335e-01
8.781385334893031525e-01
8.781559111028236497e-01
8.781732883725087424e-01
8.781906652983787476e-01
8.782080418804543154e-01
8.782254181187555409e-01
8.782427940133030742e-01
8.782601695641171213e-01
8.782775447712183325e-01
8.782949196346268028e-01
8.783122941543631823e-01
8.783296683304476771e-01
8.783470421629008262e-01
8.783644156517429469e-01
8.783817887969944671e-01
8.783991615986757040e-01
8.784165340568070857e-01
8.784339061714089292e-01
8.784512779425016626e-01
8.784686493701057142e-01
8.784860204542414008e-01
8.785033911949290397e-01
8.785207615921890589e-01
8.785381316460418866e-01
8.785555013565078397e-01
8.785728707236072355e-01
8.785902397473605019e-01
8.786076084277879561e-01
8.786249767649100262e-01
8.786423447587469182e-01
8.786597124093191713e-01
8.786770797166469915e-01
8.786944466807509180e-01
8.787118133016510457e-01
8.787291795793678029e-01
8.787465455139217285e-01
8.787639111053329177e-01
8.787812763536217986e-01
8.787986412588086882e-01
8.788160058209140146e-01
8.788333700399579840e-01
8.788507339159610243e-01
8.788680974489434528e-01
8.788854606389255864e-01
8.789028234859277422e-01
8.789201859899702374e-01
8.789375481510733890e-01
8.789549099692575140e-01
8.789722714445429297e-01
8.789896325769500640e-01
8.790069933664990121e-01
8.790243538132103129e-01
8.790417139171040617e-01
8.790590736782007975e-01
8.790764330965206153e-01
8.790937921720839432e-01
8.791111509049110984e-01
8.791285092950222868e-01
8.791458673424378256e-01
8.791632250471781429e-01
8.791805824092633337e-01
8.791979394287138261e-01
8.792152961055498261e-01
8.792326524397917620e-01
8.792500084314597286e-01
8.792673640805741542e-01
8.792847193871552447e-01
8.793020743512233173e-01
8.793194289727985780e-01
8.793367832519014549e-01
8.793541371885520430e-01
8.793714907827707705e-01
8.793888440345778434e-01
8.794061969439934678e-01
8.794235495110380718e-01
8.794409017357317504e-01
8.794582536180948207e-01
8.794756051581474887e-01
8.794929563559101826e-01
8.795103072114029974e-01
8.795276577246462502e-01
8.795450078956601470e-01
8.795623577244651159e-01
8.795797072110811410e-01
8.795970563555285393e-01
8.796144051578277390e-01
8.796317536179988350e-01
8.796491017360620335e-01
8.796664495120376515e-01
8.796837969459457840e-01
8.797011440378069702e-01
8.797184907876410831e-01
8.797358371954685508e-01
8.797531832613096903e-01
8.797705289851844856e-01
8.797878743671132540e-01
8.798052194071163123e-01
8.798225641052138668e-01
8.798399084614260124e-01
8.798572524757730662e-01
8.798745961482751232e-01
8.798919394789526116e-01
8.799092824678255154e-01
8.799266251149141516e-01
8.799439674202387263e-01
8.799613093838194455e-01
8.799786510056765154e-01
8.799959922858301420e-01
8.800133332243004203e-01
8.800306738211076674e-01
8.800480140762720893e-01
8.800653539898137812e-01
8.800826935617529490e-01
8.801000327921099098e-01
8.801173716809046477e-01
8.801347102281574797e-01
8.801520484338885009e-01
8.801693862981180283e-01
8.801867238208661570e-01
8.802040610021530931e-01
8.802213978419989315e-01
8.802387343404238784e-01
8.802560704974481398e-01
8.802734063130919218e-01
8.802907417873753193e-01
8.803080769203185385e-01
8.803254117119416744e-01
8.803427461622649330e-01
8.803600802713084095e-01
8.803774140390924208e-01
8.803947474656369510e-01
8.804120805509623171e-01
8.804294132950885032e-01
8.804467456980357154e-01
8.804640777598241597e-01
8.804814094804739311e-01
8.804987408600052357e-01
8.805160718984380575e-01
8.805334025957927135e-01
8.805507329520891879e-01
8.805680629673477977e-01
8.805853926415884159e-01
8.806027219748314705e-01
8.806200509670968346e-01
8.806373796184048253e-01
8.806547079287754265e-01
8.806720358982288444e-01
8.806893635267851739e-01
8.807066908144645101e-01
8.807240177612870591e-01
8.807413443672728048e-01
8.807586706324420645e-01
8.807759965568147109e-01
8.807933221404109503e-01
8.808106473832508776e-01
8.808279722853545879e-01
8.808452968467422872e-01
8.808626210674339596e-01
8.808799449474498111e-01
8.808972684868098257e-01
8.809145916855340985e-01
8.809319145436428355e-01
8.809492370611560208e-01
8.809665592380937493e-01
8.809838810744762272e-01
8.810012025703234384e-01
8.810185237256554780e-01
8.810358445404923300e-01
8.810531650148543115e-01
8.810704851487612954e-01
8.810878049422334879e-01
8.811051243952908729e-01
8.811224435079535455e-01
8.811397622802416008e-01
8.811570807121750226e-01
8.811743988037740172e-01
8.811917165550584574e-01
8.812090339660486604e-01
8.812263510367644992e-01
8.812436677672259577e-01
8.812609841574533531e-01
8.812783002074665584e-01
8.812956159172856685e-01
8.813129312869306675e-01
8.813302463164217615e-01
8.813475610057788234e-01
8.813648753550219483e-01
8.813821893641712313e-01
8.813995030332466563e-01
8.814168163622683183e-01
8.814341293512562014e-01
8.814514420002304007e-01
8.814687543092109001e-01
8.814860662782176837e-01
8.815033779072709574e-01
8.815206891963904834e-01
8.815380001455964676e-01
8.815553107549088940e-01
8.815726210243477468e-01
8.815899309539331208e-01
8.816072405436850001e-01
8.816245497936233688e-01
8.816418587037682109e-01
8.816591672741396213e-01
8.816764755047575841e-01
8.816937833956420834e-01
8.817110909468132141e-01
8.817283981582907382e-01
8.817457050300948618e-01
8.817630115622455689e-01
8.817803177547628435e-01
8.817976236076666696e-01
8.818149291209769203e-01
8.818322342947138015e-01
8.818495391288971863e-01
8.818668436235470587e-01
8.818841477786834027e-01
8.819014515943262023e-01
8.819187550704954415e-01
8.819360582072112154e-01
8.819533610044932859e-01
8.819706634623617481e-01
8.819879655808365859e-01
8.820052673599377835e-01
8.820225687996853248e-01
8.820398699000989717e-01
8.820571706611989304e-01
8.820744710830050739e-01
8.820917711655373861e-01
8.821090709088158510e-01
8.821263703128603417e-01
8.821436693776908422e-01
8.821609681033272254e-01
8.821782664897896975e-01
8.821955645370980204e-01
8.822128622452720670e-01
8.822301596143320435e-01
8.822474566442976007e-01
8.822647533351888338e-01
8.822820496870257267e-01
8.822993456998281525e-01
8.823166413736159841e-01
8.823339367084093166e-01
8.823512317042279118e-01
8.823685263610918650e-01
8.823858206790209380e-01
8.824031146580351148e-01
8.824204082981543795e-01
8.824377015993986051e-01
8.824549945617877755e-01
8.824722871853416528e-01
8.824895794700803320e-01
8.825068714160235750e-01
8.825241630231914769e-01
8.825414542916036886e-01
8.825587452212804163e-01
8.825760358122414218e-01
8.825933260645064671e-01
8.826106159780957583e-01
8.826279055530289464e-01
8.826451947893260153e-01
8.826624836870069490e-01
8.826797722460913986e-01
8.826970604665995701e-01
8.827143483485511144e-01
8.827316358919661266e-01
8.827489230968642575e-01
8.827662099632656023e-01
8.827834964911898119e-01
8.828007826806570923e-01
8.828180685316869836e-01
8.828353540442995806e-01
8.828526392185147564e-01
8.828699240543522730e-01
8.828872085518320034e-01
8.829044927109739316e-01
8.829217765317978195e-01
8.829390600143236512e-01
8.829563431585710775e-01
8.829736259645601937e-01
8.829909084323107615e-01
8.830081905618426541e-01
8.830254723531757444e-01
8.830427538063297943e-01
8.830600349213246769e-01
8.830773156981803762e-01
8.830945961369166541e-01
8.831118762375532727e-01
8.831291560001102159e-01
8.831464354246072457e-01
8.831637145110642351e-01
8.831809932595009460e-01
8.831982716699373626e-01
8.832155497423932466e-01
8.832328274768883603e-01
8.832501048734425764e-01
8.832673819320757680e-01
8.832846586528078081e-01
8.833019350356583477e-01
8.833192110806473707e-01
8.833364867877946391e-01
8.833537621571199150e-01
8.833710371886431822e-01
8.833883118823840919e-01
8.834055862383624058e-01
8.834228602565982191e-01
8.834401339371110717e-01
8.834574072799208366e-01
8.834746802850473868e-01
8.834919529525104842e-01
8.835092252823298908e-01
8.835264972745254797e-01
8.835437689291171237e-01
8.835610402461243629e-01
8.835783112255671812e-01
8.835955818674653406e-01
8.836128521718386031e-01
8.836301221387068416e-01
8.836473917680897072e-01
8.836646610600070728e-01
8.836819300144787004e-01
8.836991986315244629e-01
8.837164669111639004e-01
8.837337348534169967e-01
8.837510024583035140e-01
8.837682697258431030e-01
8.837855366560556369e-01
8.838028032489608776e-01
8.838200695045784760e-01
8.838373354229284162e-01
8.838546010040302381e-01
8.838718662479038146e-01
8.838891311545689078e-01
8.839063957240452796e-01
8.839236599563526919e-01
8.839409238515109069e-01
8.839581874095395753e-01
8.839754506304584591e-01
8.839927135142874315e-01
8.840099760610461432e-01
8.840272382707543564e-01
8.840445001434318328e-01
8.840617616790983346e-01
8.840790228777735127e-01
8.840962837394771290e-01
8.841135442642289455e-01
8.841308044520487242e-01
8.841480643029561159e-01
8.841653238169709939e-01
8.841825829941128978e-01
8.841998418344017008e-01
8.842171003378569427e-01
8.842343585044986076e-01
8.842516163343462354e-01
8.842688738274195881e-01
8.842861309837383166e-01
8.843033878033221828e-01
8.843206442861909489e-01
8.843379004323642656e-01
8.843551562418618950e-01
8.843724117147034880e-01
8.843896668509088066e-01
8.844069216504973907e-01
8.844241761134891133e-01
8.844414302399036254e-01
8.844586840297606889e-01
8.844759374830798437e-01
8.844931905998808519e-01
8.845104433801833643e-01
8.845276958240072540e-01
8.845449479313719499e-01
8.845621997022973249e-01
8.845794511368029189e-01
8.845967022349086051e-01
8.846139529966338122e-01
8.846312034219984133e-01
8.846484535110220593e-01
8.846657032637242901e-01
8.846829526801248678e-01
8.847002017602435542e-01
8.847174505040998893e-01
8.847346989117135241e-01
8.847519469831042205e-01
8.847691947182915184e-01
8.847864421172951799e-01
8.848036891801348558e-01
8.848209359068301971e-01
8.848381822974008548e-01
8.848554283518663688e-01
8.848726740702465010e-01
8.848899194525609024e-01
8.849071644988292240e-01
8.849244092090710057e-01
8.849416535833060093e-01
8.849588976215538860e-01
8.849761413238341756e-01
8.849933846901665291e-01
8.850106277205705974e-01
8.850278704150661424e-01
8.850451127736725931e-01
8.850623547964096005e-01
8.850795964832969265e-01
8.850968378343541110e-01
8.851140788496008049e-01
8.851313195290565483e-01
8.851485598727411030e-01
8.851657998806740091e-01
8.851830395528748063e-01
8.852002788893632568e-01
8.852175178901589003e-01
8.852347565552812769e-01
8.852519948847501485e-01
8.852692328785849440e-01
8.852864705368054254e-01
8.853037078594311327e-01
8.853209448464816056e-01
8.853381814979764952e-01
8.853554178139354525e-01
8.853726537943780173e-01
8.853898894393237295e-01
8.854071247487922403e-01
8.854243597228032003e-01
8.854415943613760387e-01
8.854588286645305173e-01
8.854760626322860650e-01
8.854932962646623329e-01
8.855105295616788608e-01
8.855277625233552996e-01
8.855449951497111893e-01
8.855622274407661809e-01
8.855794593965395922e-01
8.855966910170512962e-01
8.856139223023207219e-01
8.856311532523674090e-01
8.856483838672108977e-01
8.856656141468708388e-01
8.856828440913667722e-01
8.857000737007182378e-01
8.857173029749448867e-01
8.857345319140660367e-01
8.857517605181015607e-01
8.857689887870706658e-01
8.857862167209931137e-01
8.858034443198884444e-01
8.858206715837761980e-01
8.858378985126758032e-01
8.858551251066069110e-01
8.858723513655890613e-01
8.858895772896417942e-01
8.859068028787845384e-01
8.859240281330369449e-01
8.859412530524185536e-01
8.859584776369486825e-01
8.859757018866472045e-01
8.859929258015333264e-01
8.860101493816268103e-01
8.860273726269469741e-01
8.860445955375134686e-01
8.860618181133458338e-01
8.860790403544634986e-01
8.860962622608860029e-01
8.861134838326328866e-01
8.861307050697236898e-01
8.861479259721778412e-01
8.861651465400147698e-01
8.861823667732542376e-01
8.861995866719155623e-01
8.862168062360182841e-01
8.862340254655818317e-01
8.862512443606258561e-01
8.862684629211697862e-01
8.862856811472330509e-01
8.863028990388351902e-01
8.863201165959957439e-01
8.863373338187341410e-01
8.863545507070698104e-01
8.863717672610222920e-01
8.863889834806111256e-01
8.864061993658558514e-01
8.864234149167756760e-01
8.864406301333903615e-01
8.864578450157191147e-01
8.864750595637816977e-01
8.864922737775974282e-01
8.865094876571857352e-01
8.865267012025661586e-01
8.865439144137581273e-01
8.865611272907810703e-01
8.865783398336545273e-01
8.865955520423980385e-01
8.866127639170308106e-01
8.866299754575724945e-01
8.866471866640425192e-01
8.866643975364603136e-01
8.866816080748453066e-01
8.866988182792169271e-01
8.867160281495946039e-01
8.867332376859979881e-01
8.867504468884462865e-01
8.867676557569590390e-01
8.867848642915555635e-01
8.868020724922555109e-01
8.868192803590781992e-01
8.868364878920430572e-01
8.868536950911695138e-01
8.868709019564769980e-01
8.868881084879849386e-01
8.869053146857127645e-01
8.869225205496800157e-01
8.869397260799058991e-01
8.869569312764099545e-01
8.869741361392116108e-01
8.869913406683302970e-01
8.870085448637853309e-01
8.870257487255961415e-01
8.870429522537822686e-01
8.870601554483630302e-01
8.870773583093578551e-01
8.870945608367860613e-01
8.871117630306671886e-01
8.871289648910205550e-01
8.871461664178654782e-01
8.871633676112216094e-01
8.871805684711080442e-01
8.871977689975444337e-01
8.872149691905499846e-01
8.872321690501441260e-01
8.872493685763463978e-01
8.872665677691760067e-01
8.872837666286523817e-01
8.873009651547948407e-01
8.873181633476229235e-01
8.873353612071559482e-01
8.873525587334132325e-01
8.873697559264142054e-01
8.873869527861782958e-01
8.874041493127247104e-01
8.874213455060729894e-01
8.874385413662423394e-01
8.874557368932521895e-01
8.874729320871219684e-01
8.874901269478709942e-01
8.875073214755186957e-01
8.875245156700842797e-01
8.875417095315871752e-01
8.875589030600467000e-01
8.875760962554823941e-01
8.875932891179133533e-01
8.876104816473590065e-01
8.876276738438387826e-01
8.876448657073719994e-01
8.876620572379779750e-01
8.876792484356760271e-01
8.876964393004854736e-01
8.877136298324257435e-01
8.877308200315161546e-01
8.877480098977759138e-01
8.877651994312244499e-01
8.877823886318811919e-01
8.877995774997653466e-01
8.878167660348962320e-01
8.878339542372931659e-01
8.878511421069755771e-01
8.878683296439626726e-01
8.878855168482737703e-01
8.879027037199282990e-01
8.879198902589454656e-01
8.879370764653446990e-01
8.879542623391452061e-01
8.879714478803663047e-01
8.879886330890273127e-01
8.880058179651475481e-01
8.880230025087462176e-01
8.880401867198428612e-01
8.880573705984565747e-01
8.880745541446066760e-01
8.880917373583125940e-01
8.881089202395934246e-01
8.881261027884687076e-01
8.881432850049574279e-01
8.881604668890791254e-01
8.881776484408530070e-01
8.881948296602982795e-01
8.882120105474343719e-01
8.882291911022804909e-01
8.882463713248558435e-01
8.882635512151798585e-01
8.882807307732716318e-01
8.882979099991505922e-01
8.883150888928359468e-01
8.883322674543470132e-01
8.883494456837029984e-01
8.883666235809232203e-01
8.883838011460268858e-01
8.884009783790332015e-01
8.884181552799615966e-01
8.884353318488312778e-01
8.884525080856614521e-01
8.884696839904713261e-01
8.884868595632803290e-01
8.885040348041075564e-01
8.885212097129723263e-01
8.885383842898938456e-01
8.885555585348913210e-01
8.885727324479840705e-01
8.885899060291914120e-01
8.886070792785324413e-01
8.886242521960264762e-01
8.886414247816926126e-01
8.886585970355502795e-01
8.886757689576186836e-01
8.886929405479169208e-01
8.887101118064644201e-01
8.887272827332801661e-01
8.887444533283835879e-01
8.887616235917937813e-01
8.887787935235299530e-01
8.887959631236115321e-01
8.888131323920575033e-01
8.888303013288871846e-01
8.888474699341197827e-01
8.888646382077745045e-01
8.888818061498705569e-01
8.888989737604271468e-01
8.889161410394634810e-01
8.889333079869987664e-01
8.889504746030523208e-01
8.889676408876431291e-01
8.889848068407905091e-01
8.890019724625135566e-01
8.890191377528317007e-01
8.890363027117639261e-01
8.890534673393294396e-01
8.890706316355475591e-01
8.890877956004373805e-01
8.891049592340181107e-01
8.891221225363088454e-01
8.891392855073290136e-01
8.891564481470974890e-01
8.891736104556335896e-01
8.891907724329566332e-01
8.892079340790854936e-01
8.892250953940395997e-01
8.892422563778380473e-01
8.892594170304999324e-01
8.892765773520445727e-01
8.892937373424909531e-01
8.893108970018583914e-01
8.893280563301659836e-01
8.893452153274328253e-01
8.893623739936782346e-01
8.893795323289211963e-01
8.893966903331810281e-01
8.894138480064767149e-01
8.894310053488275747e-01
8.894481623602527032e-01
8.894653190407710852e-01
8.894824753904021497e-01
8.894996314091647704e-01
8.895167870970782653e-01
8.895339424541618412e-01
8.895510974804343718e-01
8.895682521759151751e-01
8.895854065406233468e-01
8.896025605745780940e-01
8.896197142777984013e-01
8.896368676503034756e-01
8.896540206921124128e-01
8.896711734032444197e-01
8.896883257837185921e-01
8.897054778335540259e-01
8.897226295527698170e-01
8.897397809413851721e-01
8.897569319994190762e-01
8.897740827268907360e-01
8.897912331238192474e-01
8.898083831902237062e-01
8.898255329261232083e-01
8.898426823315369605e-01
8.898598314064838366e-01
8.898769801509832655e-01
8.898941285650541211e-01
8.899112766487154991e-01
8.899284244019866064e-01
8.899455718248865388e-01
8.899627189174342812e-01
8.899798656796489293e-01
8.899970121115498012e-01
8.900141582131556595e-01
8.900313039844858221e-01
8.900484494255592738e-01
8.900655945363951105e-01
8.900827393170124280e-01
8.900998837674303221e-01
8.901170278876678887e-01
8.901341716777441126e-01
8.901513151376782007e-01
8.901684582674890267e-01
8.901856010671959085e-01
8.902027435368177199e-01
8.902198856763735568e-01
8.902370274858826260e-01
8.902541689653638013e-01
8.902713101148362895e-01
8.902884509343189645e-01
8.903055914238311441e-01
8.903227315833917022e-01
8.903398714130197344e-01
8.903570109127343368e-01
8.903741500825544941e-01
8.903912889224991911e-01
8.904084274325877457e-01
8.904255656128389207e-01
8.904427034632718119e-01
8.904598409839055151e-01
8.904769781747591262e-01
8.904941150358516300e-01
8.905112515672020113e-01
8.905283877688293659e-01
8.905455236407526787e-01
8.905626591829909344e-01
8.905797943955633400e-01
8.905969292784887692e-01
8.906140638317863178e-01
8.906311980554749708e-01
8.906483319495737128e-01
8.906654655141016397e-01
8.906825987490777363e-01
8.906997316545209875e-01
8.907168642304504891e-01
8.907339964768852258e-01
8.907511283938440716e-01
8.907682599813462332e-01
8.907853912394105844e-01
8.908025221680562211e-01
8.908196527673021281e-01
8.908367830371671792e-01
8.908539129776705812e-01
8.908710425888310969e-01
8.908881718706679331e-01
8.909053008231999637e-01
8.909224294464462846e-01
8.909395577404256583e-01
8.909566857051574029e-01
8.909738133406602811e-01
8.909909406469532778e-01
8.910080676240553776e-01
8.910251942719856766e-01
8.910423205907631594e-01
8.910594465804065889e-01
8.910765722409351719e-01
8.910936975723677822e-01
8.911108225747232936e-01
8.911279472480209130e-01
8.911450715922794030e-01
8.911621956075178597e-01
8.911793192937551567e-01
8.911964426510102788e-01
8.912135656793022109e-01
8.912306883786498268e-01
8.912478107490723334e-01
8.912649327905883823e-01
8.912820545032170694e-01
8.912991758869772685e-01
8.913162969418880754e-01
8.913334176679683640e-01
8.913505380652370080e-01
8.913676581337129923e-01
8.913847778734153016e-01
8.914018972843629207e-01
8.914190163665747235e-01
8.914361351200695838e-01
8.914532535448664863e-01
8.914703716409844159e-01
8.914874894084422463e-01
8.915046068472589624e-01
8.915217239574534380e-01
8.915388407390445469e-01
8.915559571920513848e-01
8.915730733164927146e-01
8.915901891123875211e-01
8.916073045797546781e-01
8.916244197186131704e-01
8.916415345289819827e-01
8.916586490108797669e-01
8.916757631643257298e-01
8.916928769893386342e-01
8.917099904859373538e-01
8.917271036541407625e-01
8.917442164939679561e-01
8.917613290054376973e-01
8.917784411885689710e-01
8.917955530433805400e-01
8.918126645698913890e-01
8.918297757681203919e-01
8.918468866380865334e-01
8.918639971798085764e-01
8.918811073933055056e-01
8.918982172785960838e-01
8.919153268356992958e-01
8.919324360646340155e-01
8.919495449654192276e-01
8.919666535380735839e-01
8.919837617826160692e-01
8.920008696990656683e-01
8.920179772874410329e-01
8.920350845477612589e-01
8.920521914800451091e-01
8.920692980843114572e-01
8.920864043605791771e-01
8.921035103088672535e-01
8.921206159291943383e-01
8.921377212215794161e-01
8.921548261860412499e-01
8.921719308225988243e-01
8.921890351312710132e-01
8.922061391120764684e-01
8.922232427650342856e-01
8.922403460901632277e-01
8.922574490874820574e-01
8.922745517570097595e-01
8.922916540987650968e-01
8.923087561127668321e-01
8.923258577990340612e-01
8.923429591575853248e-01
8.923600601884397188e-01
8.923771608916160059e-01
8.923942612671328378e-01
8.924113613150093105e-01
8.924284610352640756e-01
8.924455604279161181e-01
8.924626594929840895e-01
8.924797582304869747e-01
8.924968566404434256e-01
8.925139547228724268e-01
8.925310524777927412e-01
8.925481499052232426e-01
8.925652470051826937e-01
8.925823437776898572e-01
8.925994402227636071e-01
8.926165363404227060e-01
8.926336321306860278e-01
8.926507275935723351e-01
8.926678227291005019e-01
8.926849175372892908e-01
8.927020120181575757e-01
8.927191061717240084e-01
8.927361999980074625e-01
8.927532934970267009e-01
8.927703866688005974e-01
8.927874795133479147e-01
8.928045720306874156e-01
8.928216642208379739e-01
8.928387560838182413e-01
8.928558476196470917e-01
8.928729388283432877e-01
8.928900297099257033e-01
8.929071202644129901e-01
8.929242104918239109e-01
8.929413003921774505e-01
8.929583899654921497e-01
8.929754792117868822e-01
8.929925681310804109e-01
8.930096567233914984e-01
8.930267449887390185e-01
8.930438329271415121e-01
8.930609205386179639e-01
8.930780078231870256e-01
8.930950947808674600e-01
8.931121814116781410e-01
8.931292677156377202e-01
8.931463536927648494e-01
8.931634393430785135e-01
8.931805246665973641e-01
8.931976096633401641e-01
8.932146943333255651e-01
8.932317786765724410e-01
8.932488626930994435e-01
8.932659463829254465e-01
8.932830297460689906e-01
8.933001127825490606e-01
8.933171954923841973e-01
8.933342778755931635e-01
8.933513599321948329e-01
8.933684416622078572e-01
8.933855230656508883e-01
8.934026041425426889e-01
8.934196848929020218e-01
8.934367653167477608e-01
8.934538454140983355e-01
8.934709251849726197e-01
8.934880046293893763e-01
8.935050837473672569e-01
8.935221625389250244e-01
8.935392410040813305e-01
8.935563191428549379e-01
8.935733969552644984e-01
8.935904744413287748e-01
8.936075516010665298e-01
8.936246284344964153e-01
8.936417049416370828e-01
8.936587811225072953e-01
8.936758569771257044e-01
8.936929325055110729e-01
8.937100077076820526e-01
8.937270825836574062e-01
8.937441571334556745e-01
8.937612313570957312e-01
8.937783052545962281e-01
8.937953788259757060e-01
8.938124520712530385e-01
8.938295249904467665e-01
8.938465975835756527e-01
8.938636698506583489e-01
8.938807417917136178e-01
8.938978134067600001e-01
8.939148846958162586e-01
8.939319556589010451e-01
8.939490262960330114e-01
8.939660966072308090e-01
8.939831665925132009e-01
8.940002362518988388e-01
8.940173055854062634e-01
8.940343745930543484e-01
8.940514432748615237e-01
8.940685116308465519e-01
8.940855796610281958e-01
8.941026473654248852e-01
8.941197147440554938e-01
8.941367817969385623e-01
8.941538485240927425e-01
8.941709149255366862e-01
8.941879810012891561e-01
8.942050467513685819e-01
8.942221121757937263e-01
8.942391772745832412e-01
8.942562420477557783e-01
8.942733064953299893e-01
8.942903706173244149e-01
8.943074344137578180e-01
8.943244978846486282e-01
8.943415610300157192e-01
8.943586238498776320e-01
8.943756863442529070e-01
8.943927485131601962e-01
8.944098103566182623e-01
8.944268718746456459e-01
8.944439330672608879e-01
8.944609939344826399e-01
8.944780544763296648e-01
8.944951146928203922e-01
8.945121745839734739e-01
8.945292341498075617e-01
8.945462933903413072e-01
8.945633523055932512e-01
8.945804108955820455e-01
8.945974691603262308e-01
8.946145270998444587e-01
8.946315847141553812e-01
8.946486420032774278e-01
8.946656989672293614e-01
8.946827556060297226e-01
8.946998119196971633e-01
8.947168679082501130e-01
8.947339235717073347e-01
8.947509789100873689e-01
8.947680339234086455e-01
8.947850886116900382e-01
8.948021429749498656e-01
8.948191970132068906e-01
8.948362507264796539e-01
8.948533041147865852e-01
8.948703571781465582e-01
8.948874099165777807e-01
8.949044623300991264e-01
8.949215144187290250e-01
8.949385661824861282e-01
8.949556176213888659e-01
8.949726687354558896e-01
8.949897195247058512e-01
8.950067699891571804e-01
8.950238201288284179e-01
8.950408699437382154e-01
8.950579194339051137e-01
8.950749685993477645e-01
8.950920174400844864e-01
8.951090659561339313e-01
8.951261141475147509e-01
8.951431620142453749e-01
8.951602095563444550e-01
8.951772567738304209e-01
8.951943036667218134e-01
8.952113502350372842e-01
8.952283964787952630e-01
8.952454423980144016e-01
8.952624879927131296e-01
8.952795332629100988e-01
8.952965782086237390e-01
8.953136228298725907e-01
8.953306671266751948e-01
8.953477110990499810e-01
8.953647547470157120e-01
8.953817980705907065e-01
8.953988410697936162e-01
8.954158837446428709e-01
8.954329260951570113e-01
8.954499681213545781e-01
8.954670098232541120e-01
8.954840512008740427e-01
8.955010922542329110e-01
8.955181329833491466e-01
8.955351733882415122e-01
8.955522134689282154e-01
8.955692532254280191e-01
8.955862926577592420e-01
8.956033317659404247e-01
8.956203705499899970e-01
8.956374090099267216e-01
8.956544471457688061e-01
8.956714849575347914e-01
8.956885224452433292e-01
8.957055596089128491e-01
8.957225964485616698e-01
8.957396329642084432e-01
8.957566691558717098e-01
8.957737050235697884e-01
8.957907405673212198e-01
8.958077757871445446e-01
8.958248106830581925e-01
8.958418452550805933e-01
8.958588795032302876e-01
8.958759134275257052e-01
8.958929470279853868e-01
8.959099803046277621e-01
8.959270132574712608e-01
8.959440458865343127e-01
8.959610781918355693e-01
8.959781101733932385e-01
8.959951418312259719e-01
8.960121731653521993e-01
8.960292041757903503e-01
8.960462348625588547e-01
8.960632652256761421e-01
8.960802952651607534e-01
8.960973249810310071e-01
8.961143543733055550e-01
8.961313834420026048e-01
8.961484121871408082e-01
8.961654406087384839e-01
8.961824687068141726e-01
8.961994964813860820e-01
8.962165239324729749e-01
8.962335510600930588e-01
8.962505778642648746e-01
8.962676043450067409e-01
8.962846305023373095e-01
8.963016563362746769e-01
8.963186818468376060e-01
8.963357070340443045e-01
8.963527318979132019e-01
8.963697564384628391e-01
8.963867806557116458e-01
8.964038045496779405e-01
8.964208281203800421e-01
8.964378513678366023e-01
8.964548742920659397e-01
8.964718968930864840e-01
8.964889191709164429e-01
8.965059411255745792e-01
8.965229627570789894e-01
8.965399840654482144e-01
8.965570050507006838e-01
8.965740257128547164e-01
8.965910460519288527e-01
8.966080660679413006e-01
8.966250857609104896e-01
8.966421051308549606e-01
8.966591241777929211e-01
8.966761429017429119e-01
8.966931613027232517e-01
8.967101793807523702e-01
8.967271971358485860e-01
8.967442145680303289e-01
8.967612316773159176e-01
8.967782484637237816e-01
8.967952649272723509e-01
8.968122810679799439e-01
8.968292968858648795e-01
8.968463123809456983e-01
8.968633275532406079e-01
8.968803424027679272e-01
8.968973569295463077e-01
8.969143711335937352e-01
8.969313850149289724e-01
8.969483985735700049e-01
8.969654118095354844e-01
8.969824247228436187e-01
8.969994373135128374e-01
8.970164495815614591e-01
8.970334615270078027e-01
8.970504731498702977e-01
8.970674844501672629e-01
8.970844954279169059e-01
8.971015060831378785e-01
8.971185164158482772e-01
8.971355264260664208e-01
8.971525361138108501e-01
8.971695454790998836e-01
8.971865545219516180e-01
8.972035632423845941e-01
8.972205716404171305e-01
8.972375797160675459e-01
8.972545874693541590e-01
8.972715949002952884e-01
8.972886020089092529e-01
8.973056087952143711e-01
8.973226152592290727e-01
8.973396214009714544e-01
8.973566272204601679e-01
8.973736327177131988e-01
8.973906378927490879e-01
8.974076427455860427e-01
8.974246472762423821e-01
8.974416514847364246e-01
8.974586553710865999e-01
8.974756589353110048e-01
8.974926621774280688e-01
8.975096650974561108e-01
8.975266676954134493e-01
8.975436699713182920e-01
8.975606719251889576e-01
8.975776735570438758e-01
8.975946748669011432e-01
8.976116758547791896e-01
8.976286765206963336e-01
8.976456768646706719e-01
8.976626768867207451e-01
8.976796765868646499e-01
8.976966759651208161e-01
8.977136750215074512e-01
8.977306737560427630e-01
8.977476721687451811e-01
8.977646702596328021e-01
8.977816680287241669e-01
8.977986654760372609e-01
8.978156626015906250e-01
8.978326594054023557e-01
8.978496558874906608e-01
8.978666520478740809e-01
8.978836478865706017e-01
8.979006434035986528e-01
8.979176385989764420e-01
8.979346334727222878e-01
8.979516280248543980e-01
8.979686222553909802e-01
8.979856161643503532e-01
8.980026097517507244e-01
8.980196030176105237e-01
8.980365959619477367e-01
8.980535885847807931e-01
8.980705808861279005e-01
8.980875728660072665e-01
8.981045645244370990e-01
8.981215558614358274e-01
8.981385468770214375e-01
8.981555375712124700e-01
8.981725279440267995e-01
8.981895179954829667e-01
8.982065077255990682e-01
8.982234971343934227e-01
8.982404862218841268e-01
8.982574749880894993e-01
8.982744634330277478e-01
8.982914515567170799e-01
8.983084393591758143e-01
8.983254268404220477e-01
8.983424140004739877e-01
8.983594008393499530e-01
8.983763873570681513e-01
8.983933735536467902e-01
8.984103594291039663e-01
8.984273449834581093e-01
8.984443302167272050e-01
8.984613151289295718e-01
8.984782997200834176e-01
8.984952839902069499e-01
8.985122679393183764e-01
8.985292515674359048e-01
8.985462348745776318e-01
8.985632178607618759e-01
8.985802005260067338e-01
8.985971828703305242e-01
8.986141648937513438e-01
8.986311465962875111e-01
8.986481279779570119e-01
8.986651090387780538e-01
8.986820897787690665e-01
8.986990701979480356e-01
8.987160502963331687e-01
8.987330300739425626e-01
8.987500095307946468e-01
8.987669886669072961e-01
8.987839674822989400e-01
8.988009459769875642e-01
8.988179241509914874e-01
8.988349020043288062e-01
8.988518795370177283e-01
8.988688567490763504e-01
8.988858336405228799e-01
8.989028102113755248e-01
8.989197864616523814e-01
8.989367623913715466e-01
8.989537380005513389e-01
8.989707132892098551e-01
8.989876882573651917e-01
8.990046629050355564e-01
8.990216372322390459e-01
8.990386112389938678e-01
8.990555849253182297e-01
8.990725582912301173e-01
8.990895313367477382e-01
8.991065040618893001e-01
8.991234764666728996e-01
8.991404485511166333e-01
8.991574203152387090e-01
8.991743917590573343e-01
8.991913628825903837e-01
8.992083336858562870e-01
8.992253041688729187e-01
8.992422743316585976e-01
8.992592441742314202e-01
8.992762136966093722e-01
8.992931828988107723e-01
8.993101517808536061e-01
8.993271203427560812e-01
8.993440885845361832e-01
8.993610565062122308e-01
8.993780241078020987e-01
8.993949913893241055e-01
8.994119583507963478e-01
8.994289249922368112e-01
8.994458913136637035e-01
8.994628573150950102e-01
8.994798229965490499e-01
8.994967883580436974e-01
8.995137533995971602e-01
8.995307181212275349e-01
8.995476825229530293e-01
8.995646466047915180e-01
8.995816103667613195e-01
8.995985738088803085e-01
8.996155369311666927e-01
8.996324997336385687e-01
8.996494622163140331e-01
8.996664243792111826e-01
8.996833862223480027e-01
8.997003477457427012e-01
8.997173089494132636e-01
8.997342698333777866e-01
8.997512303976544779e-01
8.997681906422612119e-01
8.997851505672160854e-01
8.998021101725374171e-01
8.998190694582429705e-01
8.998360284243509533e-01
8.998529870708794620e-01
8.998699453978465934e-01
8.998869034052703331e-01
8.999038610931686666e-01
8.999208184615598016e-01
8.999377755104617238e-01
8.999547322398925298e-01
8.999716886498702051e-01
8.999886447404128464e-01
9.000056005115385505e-01
9.000225559632654138e-01
9.000395110956113109e-01
9.000564659085943386e-01
9.000734204022327045e-01
9.000903745765441721e-01
9.001073284315470602e-01
9.001242819672592432e-01
9.001412351836988179e-01
9.001581880808838809e-01
9.001751406588323068e-01
9.001920929175623032e-01
9.002090448570917447e-01
9.002259964774388390e-01
9.002429477786214607e-01
9.002598987606575953e-01
9.002768494235654506e-01
9.002937997673630122e-01
9.003107497920681546e-01
9.003276994976990855e-01
9.003446488842736795e-01
9.003615979518100332e-01
9.003785467003261322e-01
9.003954951298399623e-01
9.004124432403695089e-01
9.004293910319329797e-01
9.004463385045481383e-01
9.004632856582331923e-01
9.004802324930059054e-01
9.004971790088845962e-01
9.005141252058870283e-01
9.005310710840311872e-01
9.005480166433352807e-01
9.005649618838170722e-01
9.005819068054946586e-01
9.005988514083861363e-01
9.006157956925092689e-01
9.006327396578822642e-01
9.006496833045229966e-01
9.006666266324495629e-01
9.006835696416797266e-01
9.007005123322316953e-01
9.007174547041232326e-01
9.007343967573725463e-01
9.007513384919975108e-01
9.007682799080161118e-01
9.007852210054463349e-01
9.008021617843060547e-01
9.008191022446133678e-01
9.008360423863861488e-01
9.008529822096424944e-01
9.008699217144002791e-01
9.008868609006773776e-01
9.009037997684919974e-01
9.009207383178617912e-01
9.009376765488050776e-01
9.009546144613395091e-01
9.009715520554830714e-01
9.009884893312539722e-01
9.010054262886698639e-01
9.010223629277488433e-01
9.010392992485088959e-01
9.010562352509677853e-01
9.010731709351437191e-01
9.010901063010544609e-01
9.011070413487179964e-01
9.011239760781523112e-01
9.011409104893752797e-01
9.011578445824047767e-01
9.011747783572588988e-01
9.011917118139555205e-01
9.012086449525125165e-01
9.012255777729479833e-01
9.012425102752795736e-01
9.012594424595253839e-01
9.012763743257033999e-01
9.012933058738313852e-01
9.013102371039274363e-01
9.013271680160093169e-01
9.013440986100950125e-01
9.013610288862025088e-01
9.013779588443495694e-01
9.013948884845541798e-01
9.014118178068343257e-01
9.014287468112077706e-01
9.014456754976926112e-01
9.014626038663066110e-01
9.014795319170676446e-01
9.014964596499938088e-01
9.015133870651027559e-01
9.015303141624125827e-01
9.015472409419411637e-01
9.015641674037062625e-01
9.015810935477258647e-01
9.015980193740179560e-01
9.016149448826001889e-01
9.016318700734907710e-01
9.016487949467072438e-01
9.016657195022678151e-01
9.016826437401901373e-01
9.016995676604921961e-01
9.017164912631918661e-01
9.017334145483070218e-01
9.017503375158555379e-01
9.017672601658552889e-01
9.017841824983240384e-01
9.018011045132798831e-01
9.018180262107405865e-01
9.018349475907240231e-01
9.018518686532480677e-01
9.018687893983305948e-01
9.018857098259893679e-01
9.019026299362423726e-01
9.019195497291074837e-01
9.019364692046024645e-01
9.019533883627451898e-01
9.019703072035535341e-01
9.019872257270454829e-01
9.020041439332385780e-01
9.020210618221510268e-01
9.020379793938004820e-01
9.020548966482047071e-01
9.020718135853817987e-01
9.020887302053494095e-01
9.021056465081254139e-01
9.021225624937277976e-01
9.021394781621742132e-01
9.021563935134825352e-01
9.021733085476706382e-01
9.021902232647563968e-01
9.022071376647575747e-01
9.022240517476920463e-01
9.022409655135776863e-01
9.022578789624321471e-01
9.022747920942734146e-01
9.022917049091192521e-01
9.023086174069875343e-01
9.023255295878961357e-01
9.023424414518627090e-01
9.023593529989051287e-01
9.023762642290411584e-01
9.023931751422887837e-01
9.024100857386657681e-01
9.024269960181898753e-01
9.024439059808788688e-01
9.024608156267506232e-01
9.024777249558229020e-01
9.024946339681135798e-01
9.025115426636403093e-01
9.025284510424211870e-01
9.025453591044736434e-01
9.025622668498157752e-01
9.025791742784652349e-01
9.025960813904398972e-01
9.026129881857574144e-01
9.026298946644356613e-01
9.026468008264925125e-01
9.026637066719456204e-01
9.026806122008128597e-01
9.026975174131119939e-01
9.027144223088607866e-01
9.027313268880770014e-01
9.027482311507784019e-01
9.027651350969828625e-01
9.027820387267081470e-01
9.027989420399720188e-01
9.028158450367921306e-01
9.028327477171863569e-01
9.028496500811724612e-01
9.028665521287683182e-01
9.028834538599914694e-01
9.029003552748597894e-01
9.029172563733910417e-01
9.029341571556031010e-01
9.029510576215135087e-01
9.029679577711402505e-01
9.029848576045008679e-01
9.030017571216132355e-01
9.030186563224950058e-01
9.030355552071641645e-01
9.030524537756382530e-01
9.030693520279350350e-01
9.030862499640722740e-01
9.031031475840678446e-01
9.031200448879392884e-01
9.031369418757044798e-01
9.031538385473810715e-01
9.031707349029869381e-01
9.031876309425396210e-01
9.032045266660569949e-01
9.032214220735568233e-01
9.032383171650567588e-01
9.032552119405744540e-01
9.032721064001278943e-01
9.032890005437345105e-01
9.033058943714121769e-01
9.033227878831786573e-01
9.033396810790516041e-01
9.033565739590486698e-01
9.033734665231877292e-01
9.033903587714864347e-01
9.034072507039624389e-01
9.034241423206336163e-01
9.034410336215175086e-01
9.034579246066317681e-01
9.034748152759943807e-01
9.034917056296227766e-01
9.035085956675348307e-01
9.035254853897481953e-01
9.035423747962806340e-01
9.035592638871496884e-01
9.035761526623732331e-01
9.035930411219688096e-01
9.036099292659542925e-01
9.036268170943471123e-01
9.036437046071652546e-01
9.036605918044262609e-01
9.036774786861477837e-01
9.036943652523475867e-01
9.037112515030433224e-01
9.037281374382526433e-01
9.037450230579933130e-01
9.037619083622829841e-01
9.037787933511393090e-01
9.037956780245799404e-01
9.038125623826226418e-01
9.038294464252849547e-01
9.038463301525847537e-01
9.038632135645394694e-01
9.038800966611669763e-01
9.038969794424848159e-01
9.039138619085106408e-01
9.039307440592622145e-01
9.039476258947571896e-01
9.039645074150131077e-01
9.039813886200477322e-01
9.039982695098787158e-01
9.040151500845237109e-01
9.040320303440002592e-01
9.040489102883262351e-01
9.040657899175190693e-01
9.040826692315965252e-01
9.040995482305762554e-01
9.041164269144758014e-01
9.041333052833130379e-01
9.041501833371052843e-01
9.041670610758704152e-01
9.041839384996260831e-01
9.042008156083897186e-01
9.042176924021791962e-01
9.042345688810119464e-01
9.042514450449058439e-01
9.042683208938782080e-01
9.042851964279469135e-01
9.043020716471295017e-01
9.043189465514436254e-01
9.043358211409068259e-01
9.043526954155368669e-01
9.043695693753511788e-01
9.043864430203676363e-01
9.044033163506035589e-01
9.044201893660768210e-01
9.044370620668049643e-01
9.044539344528055302e-01
9.044708065240960604e-01
9.044876782806944293e-01
9.045045497226180675e-01
9.045214208498845165e-01
9.045382916625115399e-01
9.045551621605166792e-01
9.045720323439174759e-01
9.045889022127315826e-01
9.046057717669766518e-01
9.046226410066701140e-01
9.046395099318297328e-01
9.046563785424730497e-01
9.046732468386177173e-01
9.046901148202811660e-01
9.047069824874811594e-01
9.047238498402351281e-01
9.047407168785607245e-01
9.047575836024754903e-01
9.047744500119971889e-01
9.047913161071431398e-01
9.048081818879311067e-01
9.048250473543786310e-01
9.048419125065031432e-01
9.048587773443224069e-01
9.048756418678539637e-01
9.048925060771153550e-01
9.049093699721240114e-01
9.049262335528976964e-01
9.049430968194539515e-01
9.049599597718102073e-01
9.049768224099842273e-01
9.049936847339933310e-01
9.050105467438552820e-01
9.050274084395875107e-01
9.050442698212076698e-01
9.050611308887333006e-01
9.050779916421818339e-01
9.050948520815709220e-01
9.051117122069181065e-01
9.051285720182409289e-01
9.051454315155569308e-01
9.051622906988836537e-01
9.051791495682386390e-01
9.051960081236394284e-01
9.052128663651035634e-01
9.052297242926485854e-01
9.052465819062920360e-01
9.052634392060514568e-01
9.052802961919443892e-01
9.052971528639882637e-01
9.053140092222007329e-01
9.053308652665992273e-01
9.053477209972013995e-01
9.053645764140245689e-01
9.053814315170864990e-01
9.053982863064046205e-01
9.054151407819963637e-01
9.054319949438792703e-01
9.054488487920709927e-01
9.054657023265888505e-01
9.054825555474506071e-01
9.054994084546734712e-01
9.055162610482752061e-01
9.055331133282732425e-01
9.055499652946850109e-01
9.055668169475280527e-01
9.055836682868199095e-01
9.056005193125781227e-01
9.056173700248201230e-01
9.056342204235633409e-01
9.056510705088254287e-01
9.056679202806237061e-01
9.056847697389758256e-01
9.057016188838992177e-01
9.057184677154114238e-01
9.057353162335297636e-01
9.057521644382718895e-01
9.057690123296553431e-01
9.057858599076974437e-01
9.058027071724156221e-01
9.058195541238276416e-01
9.058364007619507108e-01
9.058532470868023712e-01
9.058700930984002753e-01
9.058869387967616316e-01
9.059037841819040926e-01
9.059206292538449778e-01
9.059374740126019399e-01
9.059543184581924091e-01
9.059711625906337051e-01
9.059880064099434804e-01
9.060048499161389435e-01
9.060216931092378578e-01
9.060385359892575430e-01
9.060553785562154294e-01
9.060722208101289477e-01
9.060890627510156392e-01
9.061059043788929346e-01
9.061227456937782643e-01
9.061395866956890588e-01
9.061564273846428597e-01
9.061732677606569863e-01
9.061901078237489804e-01
9.062069475739362723e-01
9.062237870112361815e-01
9.062406261356663606e-01
9.062574649472440180e-01
9.062743034459868063e-01
9.062911416319120450e-01
9.063079795050371645e-01
9.063248170653795954e-01
9.063416543129567682e-01
9.063584912477862243e-01
9.063753278698851723e-01
9.063921641792712647e-01
9.064090001759618209e-01
9.064258358599741605e-01
9.064426712313259360e-01
9.064595062900343558e-01
9.064763410361169615e-01
9.064931754695911836e-01
9.065100095904743416e-01
9.065268433987838659e-01
9.065436768945371870e-01
9.065605100777516245e-01
9.065773429484448309e-01
9.065941755066340146e-01
9.066110077523366062e-01
9.066278396855700361e-01
9.066446713063516238e-01
9.066615026146989109e-01
9.066783336106292168e-01
9.066951642941599721e-01
9.067119946653084961e-01
9.067288247240922194e-01
9.067456544705285726e-01
9.067624839046349861e-01
9.067793130264286683e-01
9.067961418359271608e-01
9.068129703331477831e-01
9.068297985181080767e-01
9.068466263908251390e-01
9.068634539513165116e-01
9.068802811995996249e-01
9.068971081356916875e-01
9.069139347596102407e-01
9.069307610713726042e-01
9.069475870709962084e-01
9.069644127584982618e-01
9.069812381338961949e-01
9.069980631972075491e-01
9.070148879484494220e-01
9.070317123876393550e-01
9.070485365147946677e-01
9.070653603299326795e-01
9.070821838330708209e-01
9.070990070242264114e-01
9.071158299034167705e-01
9.071326524706593286e-01
9.071494747259712943e-01
9.071662966693702090e-01
9.071831183008733923e-01
9.071999396204980526e-01
9.072167606282617314e-01
9.072335813241815261e-01
9.072504017082749783e-01
9.072672217805594075e-01
9.072840415410520221e-01
9.073008609897703636e-01
9.073176801267315295e-01
9.073344989519530612e-01
9.073513174654522784e-01
9.073681356672462783e-01
9.073849535573527136e-01
9.074017711357886817e-01
9.074185884025716131e-01
9.074354053577188273e-01
9.074522220012476437e-01
9.074690383331752708e-01
9.074858543535192501e-01
9.075026700622966791e-01
9.075194854595249883e-01
9.075363005452216081e-01
9.075531153194035250e-01
9.075699297820883915e-01
9.075867439332934161e-01
9.076035577730356962e-01
9.076203713013328844e-01
9.076371845182020781e-01
9.076539974236605968e-01
9.076708100177257599e-01
9.076876223004148869e-01
9.077044342717451864e-01
9.077212459317341997e-01
9.077380572803989134e-01
9.077548683177568689e-01
9.077716790438251637e-01
9.077884894586212283e-01
9.078052995621623822e-01
9.078221093544658338e-01
9.078389188355487915e-01
9.078557280054286860e-01
9.078725368641227256e-01
9.078893454116482298e-01
9.079061536480224071e-01
9.079229615732626879e-01
9.079397691873861698e-01
9.079565764904101721e-01
9.079733834823521255e-01
9.079901901632291272e-01
9.080069965330584969e-01
9.080238025918574429e-01
9.080406083396433958e-01
9.080574137764335640e-01
9.080742189022450450e-01
9.080910237170953803e-01
9.081078282210015562e-01
9.081246324139810033e-01
9.081414362960510411e-01
9.081582398672286560e-01
9.081750431275313895e-01
9.081918460769763390e-01
9.082086487155807131e-01
9.082254510433619421e-01
9.082422530603371236e-01
9.082590547665235770e-01
9.082758561619385107e-01
9.082926572465992443e-01
9.083094580205228752e-01
9.083262584837267228e-01
9.083430586362281067e-01
9.083598584780441243e-01
9.083766580091920950e-01
9.083934572296892274e-01
9.084102561395527298e-01
9.084270547387999217e-01
9.084438530274480117e-01
9.084606510055140971e-01
9.084774486730154974e-01
9.084942460299695322e-01
9.085110430763931877e-01
9.085278398123040056e-01
9.085446362377188612e-01
9.085614323526552960e-01
9.085782281571301855e-01
9.085950236511610711e-01
9.086118188347650504e-01
9.086286137079592207e-01
9.086454082707609015e-01
9.086622025231873012e-01
9.086789964652556284e-01
9.086957900969829804e-01
9.087125834183866768e-01
9.087293764294839260e-01
9.087461691302919364e-01
9.087629615208278056e-01
9.087797536011088528e-01
9.087965453711520647e-01
9.088133368309749827e-01
9.088301279805944821e-01
9.088469188200278825e-01
9.088637093492923924e-01
9.088804995684051091e-01
9.088972894773833522e-01
9.089140790762442190e-01
9.089308683650049181e-01
9.089476573436826579e-01
9.089644460122945357e-01
9.089812343708577602e-01
9.089980224193895397e-01
9.090148101579070827e-01
9.090315975864274867e-01
9.090483847049679600e-01
9.090651715135456001e-01
9.090819580121777266e-01
9.090987442008814368e-01
9.091155300796738281e-01
9.091323156485721091e-01
9.091491009075934882e-01
9.091658858567550627e-01
9.091826704960740413e-01
9.091994548255676323e-01
9.092162388452528221e-01
9.092330225551469303e-01
9.092498059552670542e-01
9.092665890456302913e-01
9.092833718262538500e-01
9.093001542971548279e-01
9.093169364583505443e-01
9.093337183098578747e-01
9.093504998516941384e-01
9.093672810838764331e-01
9.093840620064219671e-01
9.094008426193477268e-01
9.094176229226710317e-01
9.094344029164088683e-01
9.094511826005784449e-01
9.094679619751968591e-01
9.094847410402813193e-01
9.095015197958488118e-01
9.095182982419166562e-01
9.095350763785017278e-01
9.095518542056214573e-01
9.095686317232927198e-01
9.095854089315327240e-01
9.096021858303585672e-01
9.096189624197874579e-01
9.096357386998363825e-01
9.096525146705225495e-01
9.096692903318630563e-01
9.096860656838750003e-01
9.097028407265754790e-01
9.097196154599815898e-01
9.097363898841104302e-01
9.097531639989792085e-01
9.097699378046050223e-01
9.097867113010048579e-01
9.098034844881958128e-01
9.098202573661950954e-01
9.098370299350198032e-01
9.098538021946869225e-01
9.098705741452135509e-01
9.098873457866170078e-01
9.099041171189140575e-01
9.099208881421220196e-01
9.099376588562579915e-01
9.099544292613388485e-01
9.099711993573819102e-01
9.099879691444040519e-01
9.100047386224225932e-01
9.100215077914544093e-01
9.100382766515165978e-01
9.100550452026263670e-01
9.100718134448008145e-01
9.100885813780568157e-01
9.101053490024114678e-01
9.101221163178820905e-01
9.101388833244854482e-01
9.101556500222388602e-01
9.101724164111592019e-01
9.101891824912635709e-01
9.102059482625691755e-01
9.102227137250928912e-01
9.102394788788519264e-01
9.102562437238632675e-01
9.102730082601440120e-01
9.102897724877111463e-01
9.103065364065817677e-01
9.103233000167729738e-01
9.103400633183016399e-01
9.103568263111850856e-01
9.103735889954400751e-01
9.103903513710839279e-01
9.104071134381334085e-01
9.104238751966058363e-01
9.104406366465180866e-01
9.104573977878871460e-01
9.104741586207302229e-01
9.104909191450643036e-01
9.105076793609062635e-01
9.105244392682734222e-01
9.105411988671825441e-01
9.105579581576508374e-01
9.105747171396951778e-01
9.105914758133327735e-01
9.106082341785805001e-01
9.106249922354554549e-01
9.106417499839746243e-01
9.106585074241551059e-01
9.106752645560137749e-01
9.106920213795677288e-01
9.107087778948340651e-01
9.107255341018296591e-01
9.107422900005716082e-01
9.107590455910768990e-01
9.107758008733626287e-01
9.107925558474456729e-01
9.108093105133430178e-01
9.108260648710717611e-01
9.108428189206490000e-01
9.108595726620914990e-01
9.108763260954163554e-01
9.108930792206406668e-01
9.109098320377814195e-01
9.109265845468554890e-01
9.109433367478798615e-01
9.109600886408716347e-01
9.109768402258477948e-01
9.109935915028253284e-01
9.110103424718211107e-01
9.110270931328523503e-01
9.110438434859358114e-01
9.110605935310884806e-01
9.110773432683275663e-01
9.110940926976698329e-01
9.111108418191322667e-01
9.111275906327319651e-01
9.111443391384858037e-01
9.111610873364108798e-01
9.111778352265240688e-01
9.111945828088423571e-01
9.112113300833826202e-01
9.112280770501620664e-01
9.112448237091974601e-01
9.112615700605057878e-01
9.112783161041040358e-01
9.112950618400091907e-01
9.113118072682382387e-01
9.113285523888080553e-01
9.113452972017357379e-01
9.113620417070380508e-01
9.113787859047319806e-01
9.113955297948346246e-01
9.114122733773628582e-01
9.114290166523336678e-01
9.114457596197639289e-01
9.114625022796705167e-01
9.114792446320705288e-01
9.114959866769808405e-01
9.115127284144184383e-01
9.115294698444003085e-01
9.115462109669432156e-01
9.115629517820641459e-01
9.115796922897801968e-01
9.115964324901081328e-01
9.116131723830648292e-01
9.116299119686674945e-01
9.116466512469327821e-01
9.116633902178777893e-01
9.116801288815193915e-01
9.116968672378743532e-01
9.117136052869598828e-01
9.117303430287927446e-01
9.117470804633898140e-01
9.117638175907681886e-01
9.117805544109446325e-01
9.117972909239360213e-01
9.118140271297593413e-01
9.118307630284315790e-01
9.118474986199696097e-01
9.118642339043901979e-01
9.118809688817103298e-01
9.118977035519471031e-01
9.119144379151171709e-01
9.119311719712375197e-01
9.119479057203250250e-01
9.119646391623965620e-01
9.119813722974692283e-01
9.119981051255596771e-01
9.120148376466848950e-01
9.120315698608618682e-01
9.120483017681073612e-01
9.120650333684382494e-01
9.120817646618715191e-01
9.120984956484239348e-01
9.121152263281125938e-01
9.121319567009541496e-01
9.121486867669655885e-01
9.121654165261638969e-01
9.121821459785657282e-01
9.121988751241880689e-01
9.122156039630479052e-01
9.122323324951618906e-01
9.122490607205471225e-01
9.122657886392202542e-01
9.122825162511982722e-01
9.122992435564981628e-01
9.123159705551365795e-01
9.123326972471305085e-01
9.123494236324967144e-01
9.123661497112521834e-01
9.123828754834136801e-01
9.123996009489981907e-01
9.124163261080223686e-01
9.124330509605033113e-01
9.124497755064576721e-01
9.124664997459024374e-01
9.124832236788543716e-01
9.124999473053303500e-01
9.125166706253472482e-01
9.125333936389218303e-01
9.125501163460710830e-01
9.125668387468117704e-01
9.125835608411606570e-01
9.126002826291347292e-01
9.126170041107507513e-01
9.126337252860254878e-01
9.126504461549759251e-01
9.126671667176188274e-01
9.126838869739710702e-01
9.127006069240494179e-01
9.127173265678707459e-01
9.127340459054518185e-01
9.127507649368095111e-01
9.127674836619605880e-01
9.127842020809220358e-01
9.128009201937105077e-01
9.128176380003428791e-01
9.128343555008360255e-01
9.128510726952067111e-01
9.128677895834717004e-01
9.128845061656478688e-01
9.129012224417520915e-01
9.129179384118011331e-01
9.129346540758116468e-01
9.129513694338007301e-01
9.129680844857849253e-01
9.129847992317812189e-01
9.130015136718063751e-01
9.130182278058770473e-01
9.130349416340102220e-01
9.130516551562226635e-01
9.130683683725311361e-01
9.130850812829524044e-01
9.131017938875032325e-01
9.131185061862006069e-01
9.131352181790610700e-01
9.131519298661016082e-01
9.131686412473388748e-01
9.131853523227898561e-01
9.132020630924710947e-01
9.132187735563994657e-01
9.132354837145917337e-01
9.132521935670647739e-01
9.132689031138352398e-01
9.132856123549200067e-01
9.133023212903358390e-01
9.133190299200993900e-01
9.133357382442276462e-01
9.133524462627371499e-01
9.133691539756447764e-01
9.133858613829674011e-01
9.134025684847216775e-01
9.134192752809242588e-01
9.134359817715921315e-01
9.134526879567419488e-01
9.134693938363904753e-01
9.134860994105544751e-01
9.135028046792507128e-01
9.135195096424959527e-01
9.135362143003068480e-01
9.135529186527003853e-01
9.135696226996931069e-01
9.135863264413017770e-01
9.136030298775432712e-01
9.136197330084341317e-01
9.136364358339913450e-01
9.136531383542314533e-01
9.136698405691713321e-01
9.136865424788277457e-01
9.137032440832173474e-01
9.137199453823567907e-01
9.137366463762629509e-01
9.137533470649525924e-01
9.137700474484422575e-01
9.137867475267489326e-01
9.138034472998891600e-01
9.138201467678797041e-01
9.138368459307373293e-01
9.138535447884787999e-01
9.138702433411206583e-01
9.138869415886798908e-01
9.139036395311729288e-01
9.139203371686167587e-01
9.139370345010279229e-01
9.139537315284232966e-01
9.139704282508194222e-01
9.139871246682330641e-01
9.140038207806809867e-01
9.140205165881799543e-01
9.140372120907465092e-01
9.140539072883974159e-01
9.140706021811494386e-01
9.140872967690192308e-01
9.141039910520235567e-01
9.141206850301789588e-01
9.141373787035024234e-01
9.141540720720103819e-01
9.141707651357195985e-01
9.141874578946468377e-01
9.142041503488087528e-01
9.142208424982219972e-01
9.142375343429033352e-01
9.142542258828694202e-01
9.142709171181369054e-01
9.142876080487225554e-01
9.143042986746430234e-01
9.143209889959149628e-01
9.143376790125550269e-01
9.143543687245799800e-01
9.143710581320063646e-01
9.143877472348510560e-01
9.144044360331305965e-01
9.144211245268616395e-01
9.144378127160610603e-01
9.144545006007451793e-01
9.144711881809309828e-01
9.144878754566350132e-01
9.145045624278739238e-01
9.145212490946643680e-01
9.145379354570229991e-01
9.145546215149665814e-01
9.145713072685117684e-01
9.145879927176751023e-01
9.146046778624732365e-01
9.146213627029229354e-01
9.146380472390408523e-01
9.146547314708435295e-01
9.146714153983477313e-01
9.146880990215700002e-01
9.147047823405271005e-01
9.147214653552355745e-01
9.147381480657121866e-01
9.147548304719733681e-01
9.147715125740359943e-01
9.147881943719166076e-01
9.148048758656318613e-01
9.148215570551982978e-01
9.148382379406327924e-01
9.148549185219516655e-01
9.148715987991717924e-01
9.148882787723097154e-01
9.149049584413819769e-01
9.149216378064053412e-01
9.149383168673964617e-01
9.149549956243717697e-01
9.149716740773481405e-01
9.149883522263420055e-01
9.150050300713700180e-01
9.150217076124488313e-01
9.150383848495950989e-01
9.150550617828253630e-01
9.150717384121562770e-01
9.150884147376043831e-01
9.151050907591864458e-01
9.151217664769190074e-01
9.151384418908184992e-01
9.151551170009017966e-01
9.151717918071854418e-01
9.151884663096858663e-01
9.152051405084199454e-01
9.152218144034039993e-01
9.152384879946547924e-01
9.152551612821888671e-01
9.152718342660228767e-01
9.152885069461733636e-01
9.153051793226569810e-01
9.153218513954902713e-01
9.153385231646897768e-01
9.153551946302721509e-01
9.153718657922539359e-01
9.153885366506518961e-01
9.154052072054823519e-01
9.154218774567619565e-01
9.154385474045074744e-01
9.154552170487352258e-01
9.154718863894619751e-01
9.154885554267042647e-01
9.155052241604786367e-01
9.155218925908016336e-01
9.155385607176899088e-01
9.155552285411600044e-01
9.155718960612284629e-01
9.155885632779118266e-01
9.156052301912267488e-01
9.156218968011896608e-01
9.156385631078172160e-01
9.156552291111260677e-01
9.156718948111326473e-01
9.156885602078534969e-01
9.157052253013052701e-01
9.157218900915043980e-01
9.157385545784676451e-01
9.157552187622113316e-01
9.157718826427521108e-01
9.157885462201065252e-01
9.158052094942911170e-01
9.158218724653225395e-01
9.158385351332171131e-01
9.158551974979916022e-01
9.158718595596624379e-01
9.158885213182460516e-01
9.159051827737593188e-01
9.159218439262184486e-01
9.159385047756400944e-01
9.159551653220407985e-01
9.159718255654371033e-01
9.159884855058454400e-01
9.160051451432825731e-01
9.160218044777648227e-01
9.160384635093087313e-01
9.160551222379308411e-01
9.160717806636478056e-01
9.160884387864759448e-01
9.161050966064319123e-01
9.161217541235322503e-01
9.161384113377933902e-01
9.161550682492318742e-01
9.161717248578642447e-01
9.161883811637069330e-01
9.162050371667764814e-01
9.162216928670895433e-01
9.162383482646624389e-01
9.162550033595118215e-01
9.162716581516540115e-01
9.162883126411057733e-01
9.163049668278833160e-01
9.163216207120034040e-01
9.163382742934823577e-01
9.163549275723368304e-01
9.163715805485831423e-01
9.163882332222379468e-01
9.164048855933175641e-01
9.164215376618386477e-01
9.164381894278176288e-01
9.164548408912710498e-01
9.164714920522153419e-01
9.164881429106669364e-01
9.165047934666423757e-01
9.165214437201582021e-01
9.165380936712308468e-01
9.165547433198767413e-01
9.165713926661125388e-01
9.165880417099544486e-01
9.166046904514191240e-01
9.166213388905229964e-01
9.166379870272826080e-01
9.166546348617142792e-01
9.166712823938346633e-01
9.166879296236600805e-01
9.167045765512069622e-01
9.167212231764919617e-01
9.167378694995315103e-01
9.167545155203419283e-01
9.167711612389397580e-01
9.167878066553414307e-01
9.168044517695634887e-01
9.168210965816222524e-01
9.168377410915342640e-01
9.168543852993160659e-01
9.168710292049838673e-01
9.168876728085543215e-01
9.169043161100438599e-01
9.169209591094689138e-01
9.169376018068458034e-01
9.169542442021911821e-01
9.169708862955212592e-01
9.169875280868526879e-01
9.170041695762017886e-01
9.170208107635851036e-01
9.170374516490189531e-01
9.170540922325197686e-01
9.170707325141040922e-01
9.170873724937883553e-01
9.171040121715888782e-01
9.171206515475220922e-01
9.171372906216045395e-01
9.171539293938525406e-01
9.171705678642826376e-01
9.171872060329111509e-01
9.172038438997546228e-01
9.172204814648292626e-01
9.172371187281517235e-01
9.172537556897382149e-01
9.172703923496052791e-01
9.172870287077693474e-01
9.173036647642467400e-01
9.173203005190539994e-01
9.173369359722073346e-01
9.173535711237233992e-01
9.173702059736184022e-01
9.173868405219088862e-01
9.174034747686111713e-01
9.174201087137415778e-01
9.174367423573167590e-01
9.174533756993529243e-01
9.174700087398665049e-01
9.174866414788739322e-01
9.175032739163915263e-01
9.175199060524358297e-01
9.175365378870230515e-01
9.175531694201697341e-01
9.175698006518921979e-01
9.175864315822067629e-01
9.176030622111299717e-01
9.176196925386781444e-01
9.176363225648676014e-01
9.176529522897147739e-01
9.176695817132359823e-01
9.176862108354477687e-01
9.177028396563663426e-01
9.177194681760081352e-01
9.177360963943895777e-01
9.177527243115269906e-01
9.177693519274368050e-01
9.177859792421352303e-01
9.178026062556388087e-01
9.178192329679637496e-01
9.178358593791265951e-01
9.178524854891436657e-01
9.178691112980311706e-01
9.178857368058056521e-01
9.179023620124834304e-01
9.179189869180808259e-01
9.179356115226141588e-01
9.179522358260998605e-01
9.179688598285542511e-01
9.179854835299936511e-01
9.180021069304344916e-01
9.180187300298930930e-01
9.180353528283857756e-01
9.180519753259288596e-01
9.180685975225387763e-01
9.180852194182317350e-01
9.181018410130242779e-01
9.181184623069326145e-01
9.181350832999730649e-01
9.181517039921620604e-01
9.181683243835158104e-01
9.181849444740507460e-01
9.182015642637831876e-01
9.182181837527294554e-01
9.182348029409058698e-01
9.182514218283288621e-01
9.182680404150145304e-01
9.182846587009794170e-01
9.183012766862397314e-01
9.183178943708119046e-01
9.183345117547121461e-01
9.183511288379567761e-01
9.183677456205621148e-01
9.183843621025445936e-01
9.184009782839204217e-01
9.184175941647060304e-01
9.184342097449175180e-01
9.184508250245714267e-01
9.184674400036838549e-01
9.184840546822713447e-01
9.185006690603499946e-01
9.185172831379362357e-01
9.185338969150462773e-01
9.185505103916964398e-01
9.185671235679031543e-01
9.185837364436826302e-01
9.186003490190510767e-01
9.186169612940249252e-01
9.186335732686203848e-01
9.186501849428537758e-01
9.186667963167414186e-01
9.186834073902995224e-01
9.187000181635445184e-01
9.187166286364926160e-01
9.187332388091600244e-01
9.187498486815630638e-01
9.187664582537181657e-01
9.187830675256414281e-01
9.187996764973492825e-01
9.188162851688578270e-01
9.188328935401834929e-01
9.188495016113424896e-01
9.188661093823510262e-01
9.188827168532255341e-01
9.188993240239822224e-01
9.189159308946373006e-01
9.189325374652070888e-01
9.189491437357079073e-01
9.189657497061558544e-01
9.189823553765673614e-01
9.189989607469586375e-01
9.190155658173458919e-01
9.190321705877454450e-01
9.190487750581736170e-01
9.190653792286465062e-01
9.190819830991804329e-01
9.190985866697916062e-01
9.191151899404964576e-01
9.191317929113110852e-01
9.191483955822516982e-01
9.191649979533346171e-01
9.191816000245761620e-01
9.191982017959925422e-01
9.192148032675998559e-01
9.192314044394144235e-01
9.192480053114526761e-01
9.192646058837306011e-01
9.192812061562644077e-01
9.192978061290706382e-01
9.193144058021652798e-01
9.193310051755645418e-01
9.193476042492848554e-01
9.193642030233422080e-01
9.193808014977530307e-01
9.193973996725334219e-01
9.194139975476997018e-01
9.194305951232680796e-01
9.194471923992547646e-01
9.194637893756759661e-01
9.194803860525477823e-01
9.194969824298866445e-01
9.195135785077086510e-01
9.195301742860301220e-01
9.195467697648671557e-01
9.195633649442359614e-01
9.195799598241528594e-01
9.195965544046339479e-01
9.196131486856954362e-01
9.196297426673536446e-01
9.196463363496246712e-01
9.196629297325247254e-01
9.196795228160701274e-01
9.196961156002769755e-01
9.197127080851614789e-01
9.197293002707397358e-01
9.197458921570281776e-01
9.197624837440429024e-01
9.197790750318000086e-01
9.197956660203157053e-01
9.198122567096063129e-01
9.198288470996879296e-01
9.198454371905766536e-01
9.198620269822889162e-01
9.198786164748407046e-01
9.198952056682482281e-01
9.199117945625276960e-01
9.199283831576953174e-01
9.199449714537671907e-01
9.199615594507596361e-01
9.199781471486886408e-01
9.199947345475705252e-01
9.200113216474213873e-01
9.200279084482574365e-01
9.200444949500948821e-01
9.200610811529498223e-01
9.200776670568384663e-01
9.200942526617769124e-01
9.201108379677813698e-01
9.201274229748680478e-01
9.201440076830530446e-01
9.201605920923525694e-01
9.201771762027827206e-01
9.201937600143597074e-01
9.202103435270996279e-01
9.202269267410186915e-01
9.202435096561329964e-01
9.202600922724588628e-01
9.202766745900121670e-01
9.202932566088092292e-01
9.203098383288662587e-01
9.203264197501992427e-01
9.203430008728243905e-01
9.203595816967578003e-01
9.203761622220157923e-01
9.203927424486142428e-01
9.204093223765694720e-01
9.204259020058975782e-01
9.204424813366146596e-01
9.204590603687369255e-01
9.204756391022804740e-01
9.204922175372612925e-01
9.205087956736958121e-01
9.205253735115997982e-01
9.205419510509896819e-01
9.205585282918814505e-01
9.205751052342913132e-01
9.205916818782352573e-01
9.206082582237294920e-01
9.206248342707901156e-01
9.206414100194332262e-01
9.206579854696750331e-01
9.206745606215315236e-01
9.206911354750189069e-01
9.207077100301532813e-01
9.207242842869507449e-01
9.207408582454273960e-01
9.207574319055992218e-01
9.207740052674826536e-01
9.207905783310934567e-01
9.208071510964478401e-01
9.208237235635620133e-01
9.208402957324520743e-01
9.208568676031338995e-01
9.208734391756238091e-01
9.208900104499379013e-01
9.209065814260920524e-01
9.209231521041025825e-01
9.209397224839854790e-01
9.209562925657569510e-01
9.209728623494328748e-01
9.209894318350294595e-01
9.210060010225628035e-01
9.210225699120490050e-01
9.210391385035041623e-01
9.210557067969442624e-01
9.210722747923854037e-01
9.210888424898436844e-01
9.211054098893353137e-01
9.211219769908761679e-01
9.211385437944823451e-01
9.211551103001700547e-01
9.211716765079552838e-01
9.211882424178541307e-01
9.212048080298825825e-01
9.212213733440567376e-01
9.212379383603928051e-01
9.212545030789066614e-01
9.212710674996144045e-01
9.212876316225322437e-01
9.213041954476760553e-01
9.213207589750619375e-01
9.213373222047060995e-01
9.213538851366244176e-01
9.213704477708329899e-01
9.213870101073479146e-01
9.214035721461851791e-01
9.214201338873608815e-01
9.214366953308911201e-01
9.214532564767917711e-01
9.214698173250790436e-01
9.214863778757690360e-01
9.215029381288775134e-01
9.215194980844207961e-01
9.215360577424147603e-01
9.215526171028756153e-01
9.215691761658191261e-01
9.215857349312616131e-01
9.216022933992188415e-01
9.216188515697071315e-01
9.216354094427422483e-01
9.216519670183404012e-01
9.216685242965175773e-01
9.216850812772897639e-01
9.217016379606730592e-01
9.217181943466833394e-01
9.217347504353368137e-01
9.217513062266493584e-01
9.217678617206370717e-01
9.217844169173159408e-01
9.218009718167020639e-01
9.218175264188113172e-01
9.218340807236596879e-01
9.218506347312633853e-01
9.218671884416382856e-01
9.218837418548004869e-01
9.219002949707658656e-01
9.219168477895506308e-01
9.219334003111705478e-01
9.219499525356417147e-01
9.219665044629802297e-01
9.219830560932019692e-01
9.219996074263230312e-01
9.220161584623592921e-01
9.220327092013268500e-01
9.220492596432416921e-01
9.220658097881196946e-01
9.220823596359770669e-01
9.220989091868296850e-01
9.221154584406934251e-01
9.221320073975844966e-01
9.221485560575186646e-01
9.221651044205121384e-01
9.221816524865806830e-01
9.221982002557403968e-01
9.222147477280072669e-01
9.222312949033972806e-01
9.222478417819264251e-01
9.222643883636105766e-01
9.222809346484657222e-01
9.222974806365079603e-01
9.223140263277531670e-01
9.223305717222174405e-01
9.223471168199165460e-01
9.223636616208665817e-01
9.223802061250834239e-01
9.223967503325831707e-01
9.224132942433816984e-01
9.224298378574949941e-01
9.224463811749389341e-01
9.224629241957296166e-01
9.224794669198830288e-01
9.224960093474149359e-01
9.225125514783414360e-01
9.225290933126784054e-01
9.225456348504418314e-01
9.225621760916477010e-01
9.225787170363118905e-01
9.225952576844503872e-01
9.226117980360790671e-01
9.226283380912140286e-01
9.226448778498711478e-01
9.226614173120663009e-01
9.226779564778155862e-01
9.226944953471347688e-01
9.227110339200398359e-01
9.227275721965466637e-01
9.227441101766713505e-01
9.227606478604297724e-01
9.227771852478378056e-01
9.227937223389114374e-01
9.228102591336665439e-01
9.228267956321191123e-01
9.228433318342850189e-01
9.228598677401801398e-01
9.228764033498205732e-01
9.228929386632219733e-01
9.229094736804005494e-01
9.229260084013720666e-01
9.229425428261525122e-01
9.229590769547577622e-01
9.229756107872036930e-01
9.229921443235061806e-01
9.230086775636813234e-01
9.230252105077448865e-01
9.230417431557127461e-01
9.230582755076010004e-01
9.230748075634253036e-01
9.230913393232018649e-01
9.231078707869462274e-01
9.231244019546746005e-01
9.231409328264027492e-01
9.231574634021465497e-01
9.231739936819219894e-01
9.231905236657448333e-01
9.232070533536311796e-01
9.232235827455966826e-01
9.232401118416574404e-01
9.232566406418292182e-01
9.232731691461280032e-01
9.232896973545695607e-01
9.233062252671698777e-01
9.233227528839447196e-01
9.233392802049100734e-01
9.233558072300819264e-01
9.233723339594759327e-01
9.233888603931080796e-01
9.234053865309942433e-01
9.234219123731504109e-01
9.234384379195922365e-01
9.234549631703357075e-01
9.234714881253967000e-01
9.234880127847910902e-01
9.235045371485347543e-01
9.235210612166434574e-01
9.235375849891331868e-01
9.235541084660198186e-01
9.235706316473191180e-01
9.235871545330470722e-01
9.236036771232194464e-01
9.236201994178521169e-01
9.236367214169608486e-01
9.236532431205617399e-01
9.236697645286704450e-01
9.236862856413028400e-01
9.237028064584749121e-01
9.237193269802023154e-01
9.237358472065010373e-01
9.237523671373869538e-01
9.237688867728758302e-01
9.237854061129834315e-01
9.238019251577257451e-01
9.238184439071186471e-01
9.238349623611777917e-01
9.238514805199192770e-01
9.238679983833586462e-01
9.238845159515118866e-01
9.239010332243948742e-01
9.239175502020234854e-01
9.239340668844133742e-01
9.239505832715804168e-01
9.239670993635406004e-01
9.239836151603095793e-01
9.240001306619032295e-01
9.240166458683374273e-01
9.240331607796279378e-01
9.240496753957906373e-01
9.240661897168414018e-01
9.240827037427958857e-01
9.240992174736699649e-01
9.241157309094795158e-01
9.241322440502403035e-01
9.241487568959680932e-01
9.241652694466788720e-01
9.241817817023882942e-01
9.241982936631122358e-01
9.242148053288665732e-01
9.242313166996668494e-01
9.242478277755291627e-01
9.242643385564692782e-01
9.242808490425028500e-01
9.242973592336457545e-01
9.243138691299137566e-01
9.243303787313227327e-01
9.243468880378884478e-01
9.243633970496266672e-01
9.243799057665532670e-01
9.243964141886840125e-01
9.244129223160345576e-01
9.244294301486208898e-01
9.244459376864586631e-01
9.244624449295637536e-01
9.244789518779518156e-01
9.244954585316388362e-01
9.245119648906404697e-01
9.245284709549724811e-01
9.245449767246506356e-01
9.245614821996908095e-01
9.245779873801087678e-01
9.245944922659202758e-01
9.246109968571409876e-01
9.246275011537868904e-01
9.246440051558735274e-01
9.246605088634168856e-01
9.246770122764326194e-01
9.246935153949363828e-01
9.247100182189442741e-01
9.247265207484717253e-01
9.247430229835346127e-01
9.247595249241487014e-01
9.247760265703298677e-01
9.247925279220937655e-01
9.248090289794560492e-01
9.248255297424327059e-01
9.248420302110392788e-01
9.248585303852916439e-01
9.248750302652054556e-01
9.248915298507965899e-01
9.249080291420808120e-01
9.249245281390736650e-01
9.249410268417911363e-01
9.249575252502487688e-01
9.249740233644624388e-01
9.249905211844478004e-01
9.250070187102207298e-01
9.250235159417968811e-01
9.250400128791919085e-01
9.250565095224216883e-01
9.250730058715018744e-01
9.250895019264482322e-01
9.251059976872765267e-01
9.251224931540024121e-01
9.251389883266416536e-01
9.251554832052100164e-01
9.251719777897231545e-01
9.251884720801968331e-01
9.252049660766468175e-01
9.252214597790888728e-01
9.252379531875385421e-01
9.252544463020115906e-01
9.252709391225238944e-01
9.252874316490909967e-01
9.253039238817287737e-01
9.253204158204527685e-01
9.253369074652787463e-01
9.253533988162225832e-01
9.253698898732997113e-01
9.253863806365260070e-01
9.254028711059172352e-01
9.254193612814889391e-01
9.254358511632569950e-01
9.254523407512369459e-01
9.254688300454445571e-01
9.254853190458955936e-01
9.255018077526057096e-01
9.255182961655905594e-01
9.255347842848657969e-01
9.255512721104472984e-01
9.255677596423506071e-01
9.255842468805914880e-01
9.256007338251855954e-01
9.256172204761485833e-01
9.256337068334962170e-01
9.256501928972441506e-01
9.256666786674080383e-01
9.256831641440036451e-01
9.256996493270466253e-01
9.257161342165525220e-01
9.257326188125372113e-01
9.257491031150162364e-01
9.257655871240053624e-01
9.257820708395202436e-01
9.257985542615765340e-01
9.258150373901898877e-01
9.258315202253760701e-01
9.258480027671506241e-01
9.258644850155293149e-01
9.258809669705276857e-01
9.258974486321616126e-01
9.259139300004465278e-01
9.259304110753983075e-01
9.259468918570323837e-01
9.259633723453646326e-01
9.259798525404105973e-01
9.259963324421859321e-01
9.260128120507062910e-01
9.260292913659874392e-01
9.260457703880449198e-01
9.260622491168943871e-01
9.260787275525514950e-01
9.260952056950320088e-01
9.261116835443513606e-01
9.261281611005254266e-01
9.261446383635696389e-01
9.261611153334998736e-01
9.261775920103315629e-01
9.261940683940804719e-01
9.262105444847621438e-01
9.262270202823922327e-01
9.262434957869865038e-01
9.262599709985605001e-01
9.262764459171297649e-01
9.262929205427100632e-01
9.263093948753170492e-01
9.263258689149662661e-01
9.263423426616732570e-01
9.263588161154538980e-01
9.263752892763236213e-01
9.263917621442980810e-01
9.264082347193929312e-01
9.264247070016237151e-01
9.264411789910061978e-01
9.264576506875559225e-01
9.264741220912884323e-01
9.264905932022194923e-01
9.265070640203645347e-01
9.265235345457394356e-01
9.265400047783595161e-01
9.265564747182405414e-01
9.265729443653981656e-01
9.265894137198478209e-01
9.266058827816052723e-01
9.266223515506860631e-01
9.266388200271058473e-01
9.266552882108800571e-01
9.266717561020245686e-01
9.266882237005547029e-01
9.267046910064862253e-01
9.267211580198347898e-01
9.267376247406158285e-01
9.267540911688449956e-01
9.267705573045378342e-01
9.267870231477099985e-01
9.268034886983771425e-01
9.268199539565546985e-01
9.268364189222584315e-01
9.268528835955037737e-01
9.268693479763063792e-01
9.268858120646817911e-01
9.269022758606455525e-01
9.269187393642134287e-01
9.269352025754008517e-01
9.269516654942233647e-01
9.269681281206966217e-01
9.269845904548361659e-01
9.270010524966576515e-01
9.270175142461765105e-01
9.270339757034083972e-01
9.270504368683688545e-01
9.270668977410734257e-01
9.270833583215377649e-01
9.270998186097774152e-01
9.271162786058078087e-01
9.271327383096445995e-01
9.271491977213034419e-01
9.271656568407997678e-01
9.271821156681491205e-01
9.271985742033671540e-01
9.272150324464694116e-01
9.272314903974713252e-01
9.272479480563886600e-01
9.272644054232367372e-01
9.272808624980312109e-01
9.272973192807876242e-01
9.273137757715215201e-01
9.273302319702485530e-01
9.273466878769840438e-01
9.273631434917436467e-01
9.273795988145430158e-01
9.273960538453974722e-01
9.274125085843227811e-01
9.274289630313342636e-01
9.274454171864476848e-01
9.274618710496783658e-01
9.274783246210418497e-01
9.274947779005537907e-01
9.275112308882297318e-01
9.275276835840851053e-01
9.275441359881354542e-01
9.275605881003963216e-01
9.275770399208832506e-01
9.275934914496117845e-01
9.276099426865973552e-01
9.276263936318556169e-01
9.276428442854018908e-01
9.276592946472518308e-01
9.276757447174209803e-01
9.276921944959247712e-01
9.277086439827788578e-01
9.277250931779985610e-01
9.277415420815994240e-01
9.277579906935971010e-01
9.277744390140069131e-01
9.277908870428445143e-01
9.278073347801254478e-01
9.278237822258650347e-01
9.278402293800788181e-01
9.278566762427824521e-01
9.278731228139912579e-01
9.278895690937208895e-01
9.279060150819866681e-01
9.279224607788042478e-01
9.279389061841890607e-01
9.279553512981566499e-01
9.279717961207223365e-01
9.279882406519017746e-01
9.280046848917105073e-01
9.280211288401638559e-01
9.280375724972773632e-01
9.280540158630664616e-01
9.280704589375468050e-01
9.280869017207337146e-01
9.281033442126427335e-01
9.281197864132894049e-01
9.281362283226890497e-01
9.281526699408572112e-01
9.281691112678094324e-01
9.281855523035611455e-01
9.282019930481277825e-01
9.282184335015247756e-01
9.282348736637677789e-01
9.282513135348721134e-01
9.282677531148532113e-01
9.282841924037267267e-01
9.283006314015078697e-01
9.283170701082124054e-01
9.283335085238554329e-01
9.283499466484527174e-01
9.283663844820195798e-01
9.283828220245714524e-01
9.283992592761238782e-01
9.284156962366922894e-01
9.284321329062921180e-01
9.284485692849387961e-01
9.284650053726478669e-01
9.284814411694346514e-01
9.284978766753146928e-01
9.285143118903033121e-01
9.285307468144161636e-01
9.285471814476684571e-01
9.285636157900758469e-01
9.285800498416536541e-01
9.285964836024173108e-01
9.286129170723822490e-01
9.286293502515640119e-01
9.286457831399779206e-01
9.286622157376394071e-01
9.286786480445640146e-01
9.286950800607671752e-01
9.287115117862640989e-01
9.287279432210704400e-01
9.287443743652015193e-01
9.287608052186728802e-01
9.287772357814998436e-01
9.287936660536977307e-01
9.288100960352821955e-01
9.288265257262685592e-01
9.288429551266721429e-01
9.288593842365084896e-01
9.288758130557930315e-01
9.288922415845410896e-01
9.289086698227680960e-01
9.289250977704894829e-01
9.289415254277205714e-01
9.289579527944770154e-01
9.289743798707740252e-01
9.289908066566270328e-01
9.290072331520513593e-01
9.290236593570626589e-01
9.290400852716761415e-01
9.290565108959072393e-01
9.290729362297712735e-01
9.290893612732838980e-01
9.291057860264602120e-01
9.291222104893158695e-01
9.291386346618660808e-01
9.291550585441262777e-01
9.291714821361118926e-01
9.291879054378382463e-01
9.292043284493207711e-01
9.292207511705748990e-01
9.292371736016160622e-01
9.292535957424594706e-01
9.292700175931205564e-01
9.292864391536148627e-01
9.293028604239575996e-01
9.293192814041640881e-01
9.293357020942499824e-01
9.293521224942303816e-01
9.293685426041208286e-01
9.293849624239366447e-01
9.294013819536931509e-01
9.294178011934057793e-01
9.294342201430899619e-01
9.294506388027609090e-01
9.294670571724341634e-01
9.294834752521249355e-01
9.294998930418486571e-01
9.295163105416206495e-01
9.295327277514563447e-01
9.295491446713710637e-01
9.295655613013802387e-01
9.295819776414990798e-01
9.295983936917430190e-01
9.296148094521274885e-01
9.296312249226676983e-01
9.296476401033791914e-01
9.296640549942770670e-01
9.296804695953768682e-01
9.296968839066939161e-01
9.297132979282434206e-01
9.297297116600409250e-01
9.297461251021016393e-01
9.297625382544409955e-01
9.297789511170743149e-01
9.297953636900168073e-01
9.298117759732839049e-01
9.298281879668910399e-01
9.298445996708534222e-01
9.298610110851864841e-01
9.298774222099054354e-01
9.298938330450257084e-01
9.299102435905626240e-01
9.299266538465313925e-01
9.299430638129475568e-01
9.299594734898262161e-01
9.299758828771828023e-01
9.299922919750327477e-01
9.300087007833911512e-01
9.300251093022735560e-01
9.300415175316951721e-01
9.300579254716712096e-01
9.300743331222172117e-01
9.300907404833482772e-01
9.301071475550799494e-01
9.301235543374273274e-01
9.301399608304058431e-01
9.301563670340307066e-01
9.301727729483173501e-01
9.301891785732810947e-01
9.302055839089370393e-01
9.302219889553007270e-01
9.302383937123873681e-01
9.302547981802121724e-01
9.302712023587906831e-01
9.302876062481378883e-01
9.303040098482693310e-01
9.303204131592002213e-01
9.303368161809457693e-01
9.303532189135214070e-01
9.303696213569423445e-01
9.303860235112240140e-01
9.304024253763815144e-01
9.304188269524301669e-01
9.304352282393854034e-01
9.304516292372623232e-01
9.304680299460763582e-01
9.304844303658427185e-01
9.305008304965766142e-01
9.305172303382935883e-01
9.305336298910086290e-01
9.305500291547371683e-01
9.305664281294944162e-01
9.305828268152956939e-01
9.305992252121562114e-01
9.306156233200914007e-01
9.306320211391163610e-01
9.306484186692464133e-01
9.306648159104967677e-01
9.306812128628828562e-01
9.306976095264197779e-01
9.307140059011229649e-01
9.307304019870075162e-01
9.307467977840887530e-01
9.307631932923819962e-01
9.307795885119024559e-01
9.307959834426653423e-01
9.308123780846859763e-01
9.308287724379795680e-01
9.308451665025613275e-01
9.308615602784466869e-01
9.308779537656507452e-01
9.308943469641888235e-01
9.309107398740761319e-01
9.309271324953278803e-01
9.309435248279593900e-01
9.309599168719858708e-01
9.309763086274225330e-01
9.309927000942846975e-01
9.310090912725875745e-01
9.310254821623463739e-01
9.310418727635764169e-01
9.310582630762928025e-01
9.310746531005108517e-01
9.310910428362457747e-01
9.311074322835127814e-01
9.311238214423271931e-01
9.311402103127041086e-01
9.311565988946588490e-01
9.311729871882066245e-01
9.311893751933626451e-01
9.312057629101422318e-01
9.312221503385604837e-01
9.312385374786326109e-01
9.312549243303739344e-01
9.312713108937995532e-01
9.312876971689247885e-01
9.313040831557648502e-01
9.313204688543349485e-01
9.313368542646501824e-01
9.313532393867259840e-01
9.313696242205773412e-01
9.313860087662195753e-01
9.314023930236678961e-01
9.314187769929374028e-01
9.314351606740435274e-01
9.314515440670012580e-01
9.314679271718258047e-01
9.314843099885325994e-01
9.315006925171365193e-01
9.315170747576531074e-01
9.315334567100972407e-01
9.315498383744843514e-01
9.315662197508294273e-01
9.315826008391479007e-01
9.315989816394547596e-01
9.316153621517652139e-01
9.316317423760945848e-01
9.316481223124580824e-01
9.316645019608706946e-01
9.316808813213476315e-01
9.316972603939043251e-01
9.317136391785556526e-01
9.317300176753170460e-01
9.317463958842034932e-01
9.317627738052303155e-01
9.317791514384125007e-01
9.317955287837654810e-01
9.318119058413042444e-01
9.318282826110440009e-01
9.318446590929999607e-01
9.318610352871873337e-01
9.318774111936212190e-01
9.318937868123167156e-01
9.319101621432891447e-01
9.319265371865536052e-01
9.319429119421251961e-01
9.319592864100192386e-01
9.319756605902507207e-01
9.319920344828348524e-01
9.320084080877868438e-01
9.320247814051219049e-01
9.320411544348550237e-01
9.320575271770015213e-01
9.320738996315763858e-01
9.320902717985949382e-01
9.321066436780721665e-01
9.321230152700233917e-01
9.321393865744636020e-01
9.321557575914081184e-01
9.321721283208718178e-01
9.321884987628701325e-01
9.322048689174180502e-01
9.322212387845307813e-01
9.322376083642234246e-01
9.322539776565110792e-01
9.322703466614089551e-01
9.322867153789322625e-01
9.323030838090958783e-01
9.323194519519151235e-01
9.323358198074052083e-01
9.323521873755811207e-01
9.323685546564579596e-01
9.323849216500509351e-01
9.324012883563751464e-01
9.324176547754458033e-01
9.324340209072778940e-01
9.324503867518866285e-01
9.324667523092871058e-01
9.324831175794944249e-01
9.324994825625237960e-01
9.325158472583902070e-01
9.325322116671088679e-01
9.325485757886948779e-01
9.325649396231632249e-01
9.325813031705292300e-01
9.325976664308078812e-01
9.326140294040142775e-01
9.326303920901636291e-01
9.326467544892709238e-01
9.326631166013513718e-01
9.326794784264199611e-01
9.326958399644919018e-01
9.327122012155821817e-01
9.327285621797060111e-01
9.327449228568784889e-01
9.327612832471146032e-01
9.327776433504295639e-01
9.327940031668384702e-01
9.328103626963563100e-01
9.328267219389981824e-01
9.328430808947792974e-01
9.328594395637146430e-01
9.328757979458194294e-01
9.328921560411085334e-01
9.329085138495972762e-01
9.329248713713005348e-01
9.329412286062335191e-01
9.329575855544113283e-01
9.329739422158489504e-01
9.329902985905614843e-01
9.330066546785641401e-01
9.330230104798717949e-01
9.330393659944996587e-01
9.330557212224627195e-01
9.330720761637760763e-01
9.330884308184548281e-01
9.331047851865140741e-01
9.331211392679689132e-01
9.331374930628342224e-01
9.331538465711252117e-01
9.331701997928569803e-01
9.331865527280445161e-01
9.332029053767028071e-01
9.332192577388470633e-01
9.332356098144922729e-01
9.332519616036535348e-01
9.332683131063459481e-01
9.332846643225843897e-01
9.333010152523840697e-01
9.333173658957599761e-01
9.333337162527272080e-01
9.333500663233007533e-01
9.333664161074957111e-01
9.333827656053271804e-01
9.333991148168100382e-01
9.334154637419594946e-01
9.334318123807904266e-01
9.334481607333180442e-01
9.334645087995573354e-01
9.334808565795233992e-01
9.334972040732311127e-01
9.335135512806955749e-01
9.335298982019318847e-01
9.335462448369551414e-01
9.335625911857801107e-01
9.335789372484221138e-01
9.335952830248960277e-01
9.336116285152168404e-01
9.336279737193997619e-01
9.336443186374596692e-01
9.336606632694115504e-01
9.336770076152706155e-01
9.336933516750517414e-01
9.337096954487700273e-01
9.337260389364403501e-01
9.337423821380779199e-01
9.337587250536976136e-01
9.337750676833145302e-01
9.337914100269436579e-01
9.338077520845999846e-01
9.338240938562984983e-01
9.338404353420542980e-01
9.338567765418823718e-01
9.338731174557977077e-01
9.338894580838152937e-01
9.339057984259501177e-01
9.339221384822172789e-01
9.339384782526316542e-01
9.339548177372083426e-01
9.339711569359623322e-01
9.339874958489086110e-01
9.340038344760620559e-01
9.340201728174378770e-01
9.340365108730509514e-01
9.340528486429162669e-01
9.340691861270489227e-01
9.340855233254636847e-01
9.341018602381757630e-01
9.341181968652001455e-01
9.341345332065515983e-01
9.341508692622453314e-01
9.341672050322962217e-01
9.341835405167192574e-01
9.341998757155294264e-01
9.342162106287418277e-01
9.342325452563712274e-01
9.342488795984327243e-01
9.342652136549413067e-01
9.342815474259119624e-01
9.342978809113595684e-01
9.343142141112992238e-01
9.343305470257458056e-01
9.343468796547143018e-01
9.343632119982197004e-01
9.343795440562768784e-01
9.343958758289010458e-01
9.344122073161068576e-01
9.344285385179095238e-01
9.344448694343238104e-01
9.344612000653649275e-01
9.344775304110475300e-01
9.344938604713868280e-01
9.345101902463975874e-01
9.345265197360950182e-01
9.345428489404937755e-01
9.345591778596089583e-01
9.345755064934555545e-01
9.345918348420484412e-01
9.346081629054026063e-01
9.346244906835330379e-01
9.346408181764546130e-01
9.346571453841823196e-01
9.346734723067310346e-01
9.346897989441157462e-01
9.347061252963514422e-01
9.347224513634528886e-01
9.347387771454352956e-01
9.347551026423134291e-01
9.347714278541021660e-01
9.347877527808166054e-01
9.348040774224716243e-01
9.348204017790820997e-01
9.348367258506630195e-01
9.348530496372292609e-01
9.348693731387957007e-01
9.348856963553774380e-01
9.349020192869893497e-01
9.349183419336463130e-01
9.349346642953632047e-01
9.349509863721550129e-01
9.349673081640366146e-01
9.349836296710229977e-01
9.349999508931290393e-01
9.350162718303696163e-01
9.350325924827597168e-01
9.350489128503142178e-01
9.350652329330481072e-01
9.350815527309761510e-01
9.350978722441133373e-01
9.351141914724746540e-01
9.351305104160747561e-01
9.351468290749288537e-01
9.351631474490517126e-01
9.351794655384582100e-01
9.351957833431633338e-01
9.352121008631818500e-01
9.352284180985287465e-01
9.352447350492190115e-01
9.352610517152674108e-01
9.352773680966888215e-01
9.352936841934982315e-01
9.353100000057105179e-01
9.353263155333404466e-01
9.353426307764031167e-01
9.353589457349132941e-01
9.353752604088858558e-01
9.353915747983356788e-01
9.354078889032777511e-01
9.354242027237269497e-01
9.354405162596980405e-01
9.354568295112059007e-01
9.354731424782655180e-01
9.354894551608917697e-01
9.355057675590995325e-01
9.355220796729035726e-01
9.355383915023187669e-01
9.355547030473602144e-01
9.355710143080424590e-01
9.355873252843807109e-01
9.356036359763895138e-01
9.356199463840840780e-01
9.356362565074789472e-01
9.356525663465891096e-01
9.356688759014295531e-01
9.356851851720149327e-01
9.357014941583603473e-01
9.357178028604804521e-01
9.357341112783901238e-01
9.357504194121043506e-01
9.357667272616378984e-01
9.357830348270056442e-01
9.357993421082223540e-01
9.358156491053031267e-01
9.358319558182625064e-01
9.358482622471155921e-01
9.358645683918770386e-01
9.358808742525618340e-01
9.358971798291847444e-01
9.359134851217606466e-01
9.359297901303044176e-01
9.359460948548309345e-01
9.359623992953548521e-01
9.359787034518911586e-01
9.359950073244547308e-01
9.360113109130602238e-01
9.360276142177226255e-01
9.360439172384568129e-01
9.360602199752774411e-01
9.360765224281994978e-01
9.360928245972377493e-01
9.361091264824070723e-01
9.361254280837221220e-01
9.361417294011979973e-01
9.361580304348493531e-01
9.361743311846910665e-01
9.361906316507379033e-01
9.362069318330047407e-01
9.362232317315063446e-01
9.362395313462575919e-01
9.362558306772733596e-01
9.362721297245683028e-01
9.362884284881574093e-01
9.363047269680553342e-01
9.363210251642769544e-01
9.363373230768371469e-01
9.363536207057505667e-01
9.363699180510322018e-01
9.363862151126968181e-01
9.364025118907590706e-01
9.364188083852339473e-01
9.364351045961362141e-01
9.364514005234805261e-01
9.364676961672818711e-01
9.364839915275550153e-01
9.365002866043147245e-01
9.365165813975757647e-01
9.365328759073529019e-01
9.365491701336610131e-01
9.365654640765149752e-01
9.365817577359293322e-01
9.365980511119190721e-01
9.366143442044989609e-01
9.366306370136836534e-01
9.366469295394881378e-01
9.366632217819270689e-01
9.366795137410153238e-01
9.366958054167675574e-01
9.367120968091986466e-01
9.367283879183232465e-01
9.367446787441563449e-01
9.367609692867125970e-01
9.367772595460067686e-01
9.367935495220537367e-01
9.368098392148681564e-01
9.368261286244647934e-01
9.368424177508585249e-01
9.368587065940640057e-01
9.368749951540961129e-01
9.368912834309695015e-01
9.369075714246991593e-01
9.369238591352995194e-01
9.369401465627856807e-01
9.369564337071720761e-01
9.369727205684738047e-01
9.369890071467054105e-01
9.370052934418816593e-01
9.370215794540173171e-01
9.370378651831272609e-01
9.370541506292261458e-01
9.370704357923287375e-01
9.370867206724498022e-01
9.371030052696039947e-01
9.371192895838063031e-01
9.371355736150711602e-01
9.371518573634135540e-01
9.371681408288482507e-01
9.371844240113897939e-01
9.372007069110530608e-01
9.372169895278527063e-01
9.372332718618036074e-01
9.372495539129203079e-01
9.372658356812177960e-01
9.372821171667106155e-01
9.372983983694136434e-01
9.373146792893414236e-01
9.373309599265088332e-01
9.373472402809306381e-01
9.373635203526214932e-01
9.373798001415960535e-01
9.373960796478691959e-01
9.374123588714555755e-01
9.374286378123699581e-01
9.374449164706269988e-01
9.374611948462414635e-01
9.374774729392280070e-01
9.374937507496015066e-01
9.375100282773765059e-01
9.375263055225678821e-01
9.375425824851901790e-01
9.375588591652582737e-01
9.375751355627868211e-01
9.375914116777905871e-01
9.376076875102841157e-01
9.376239630602822839e-01
9.376402383277996355e-01
9.376565133128510476e-01
9.376727880154511752e-01
9.376890624356147841e-01
9.377053365733564183e-01
9.377216104286908438e-01
9.377378840016328265e-01
9.377541572921970214e-01
9.377704303003981945e-01
9.377867030262508896e-01
9.378029754697699838e-01
9.378192476309700210e-01
9.378355195098657671e-01
9.378517911064718771e-01
9.378680624208031169e-01
9.378843334528740305e-01
9.379006042026994949e-01
9.379168746702941650e-01
9.379331448556725848e-01
9.379494147588495201e-01
9.379656843798396260e-01
9.379819537186576683e-01
9.379982227753183022e-01
9.380144915498361824e-01
9.380307600422259640e-01
9.380470282525023018e-01
9.380632961806799619e-01
9.380795638267735992e-01
9.380958311907978686e-01
9.381120982727673141e-01
9.381283650726968126e-01
9.381446315906010192e-01
9.381608978264944776e-01
9.381771637803918429e-01
9.381934294523078810e-01
9.382096948422572469e-01
9.382259599502545955e-01
9.382422247763145817e-01
9.382584893204518606e-01
9.382747535826810870e-01
9.382910175630168048e-01
9.383072812614738911e-01
9.383235446780668898e-01
9.383398078128104558e-01
9.383560706657192441e-01
9.383723332368079095e-01
9.383885955260911071e-01
9.384048575335834919e-01
9.384211192592997186e-01
9.384373807032544423e-01
9.384536418654622070e-01
9.384699027459377785e-01
9.384861633446958118e-01
9.385024236617508508e-01
9.385186836971175506e-01
9.385349434508105659e-01
9.385512029228445519e-01
9.385674621132341633e-01
9.385837210219940552e-01
9.385999796491387714e-01
9.386162379946829670e-01
9.386324960586412969e-01
9.386487538410284159e-01
9.386650113418589791e-01
9.386812685611475304e-01
9.386975254989087247e-01
9.387137821551571060e-01
9.387300385299074401e-01
9.387462946231743821e-01
9.387625504349723649e-01
9.387788059653161543e-01
9.387950612142202944e-01
9.388113161816995511e-01
9.388275708677682463e-01
9.388438252724412569e-01
9.388600793957331270e-01
9.388763332376585113e-01
9.388925867982318429e-01
9.389088400774678878e-01
9.389250930753811897e-01
9.389413457919865147e-01
9.389575982272981847e-01
9.389738503813310766e-01
9.389901022540996234e-01
9.390063538456184800e-01
9.390226051559021903e-01
9.390388561849655202e-01
9.390551069328229028e-01
9.390713573994889929e-01
9.390876075849784455e-01
9.391038574893056934e-01
9.391201071124855027e-01
9.391363564545324172e-01
9.391526055154609809e-01
9.391688542952858487e-01
9.391851027940214536e-01
9.392013510116825614e-01
9.392175989482837162e-01
9.392338466038394618e-01
9.392500939783644531e-01
9.392663410718732342e-01
9.392825878843803489e-01
9.392988344159003411e-01
9.393150806664478658e-01
9.393313266360374669e-01
9.393475723246837994e-01
9.393638177324014071e-01
9.393800628592047230e-01
9.393963077051085131e-01
9.394125522701272102e-01
9.394287965542754693e-01
9.394450405575678342e-01
9.394612842800188490e-01
9.394775277216431686e-01
9.394937708824552258e-01
9.395100137624695646e-01
9.395262563617009510e-01
9.395424986801637068e-01
9.395587407178725980e-01
9.395749824748420576e-01
9.395912239510866293e-01
9.396074651466209682e-01
9.396237060614596182e-01
9.396399466956170121e-01
9.396561870491078050e-01
9.396724271219465408e-01
9.396886669141476522e-01
9.397049064257259055e-01
9.397211456566957333e-01
9.397373846070715686e-01
9.397536232768681774e-01
9.397698616660998816e-01
9.397860997747813361e-01
9.398023376029271958e-01
9.398185751505517826e-01
9.398348124176697516e-01
9.398510494042955354e-01
9.398672861104439002e-01
9.398835225361291679e-01
9.398997586813658822e-01
9.399159945461686982e-01
9.399322301305520488e-01
9.399484654345304779e-01
9.399647004581186405e-01
9.399809352013308583e-01
9.399971696641817864e-01
9.400134038466858577e-01
9.400296377488577271e-01
9.400458713707117164e-01
9.400621047122625917e-01
9.400783377735246749e-01
9.400945705545126208e-01
9.401108030552408623e-01
9.401270352757239435e-01
9.401432672159764081e-01
9.401594988760126892e-01
9.401757302558473306e-01
9.401919613554948763e-01
9.402081921749697591e-01
9.402244227142866340e-01
9.402406529734598228e-01
9.402568829525039806e-01
9.402731126514335402e-01
9.402893420702630456e-01
9.403055712090070406e-01
9.403218000676798471e-01
9.403380286462961202e-01
9.403542569448702926e-01
9.403704849634169083e-01
9.403867127019504002e-01
9.404029401604853122e-01
9.404191673390361883e-01
9.404353942376173503e-01
9.404516208562434532e-01
9.404678471949289298e-01
9.404840732536883241e-01
9.405002990325359580e-01
9.405165245314864864e-01
9.405327497505543421e-01
9.405489746897539582e-01
9.405651993490998786e-01
9.405814237286065360e-01
9.405976478282884745e-01
9.406138716481601270e-01
9.406300951882359263e-01
9.406463184485304163e-01
9.406625414290581411e-01
9.406787641298334224e-01
9.406949865508708042e-01
9.407112086921847194e-01
9.407274305537896009e-01
9.407436521357001036e-01
9.407598734379305494e-01
9.407760944604953712e-01
9.407923152034091130e-01
9.408085356666862076e-01
9.408247558503411989e-01
9.408409757543884089e-01
9.408571953788423814e-01
9.408734147237175494e-01
9.408896337890283457e-01
9.409058525747892032e-01
9.409220710810147770e-01
9.409382893077192778e-01
9.409545072549172495e-01
9.409707249226231252e-01
9.409869423108514486e-01
9.410031594196165416e-01
9.410193762489328373e-01
9.410355927988148794e-01
9.410518090692772120e-01
9.410680250603339347e-01
9.410842407719998137e-01
9.411004562042891708e-01
9.411166713572164388e-01
9.411328862307960508e-01
9.411491008250425505e-01
9.411653151399701489e-01
9.411815291755935009e-01
9.411977429319269284e-01
9.412139564089848642e-01
9.412301696067818524e-01
9.412463825253321037e-01
9.412625951646502731e-01
9.412788075247506825e-01
9.412950196056476537e-01
9.413112314073558418e-01
9.413274429298894574e-01
9.413436541732631557e-01
9.413598651374911475e-01
9.413760758225878655e-01
9.413922862285678539e-01
9.414084963554454344e-01
9.414247062032350399e-01
9.414409157719511034e-01
9.414571250616079467e-01
9.414733340722202248e-01
9.414895428038020375e-01
9.415057512563680397e-01
9.415219594299325534e-01
9.415381673245099003e-01
9.415543749401146245e-01
9.415705822767610478e-01
9.415867893344636030e-01
9.416029961132367232e-01
9.416192026130947301e-01
9.416354088340520567e-01
9.416516147761231359e-01
9.416678204393222895e-01
9.416840258236640615e-01
9.417002309291626627e-01
9.417164357558325261e-01
9.417326403036881954e-01
9.417488445727438817e-01
9.417650485630141288e-01
9.417812522745131476e-01
9.417974557072554820e-01
9.418136588612554538e-01
9.418298617365274961e-01
9.418460643330858195e-01
9.418622666509450791e-01
9.418784686901193748e-01
9.418946704506233614e-01
9.419108719324711387e-01
9.419270731356773618e-01
9.419432740602562415e-01
9.419594747062220996e-01
9.419756750735894801e-01
9.419918751623725939e-01
9.420080749725859848e-01
9.420242745042438637e-01
9.420404737573606635e-01
9.420566727319507061e-01
9.420728714280284244e-01
9.420890698456082513e-01
9.421052679847043976e-01
9.421214658453311852e-01
9.421376634275032691e-01
9.421538607312346381e-01
9.421700577565399470e-01
9.421862545034334069e-01
9.422024509719293395e-01
9.422186471620422887e-01
9.422348430737863545e-01
9.422510387071760807e-01
9.422672340622257892e-01
9.422834291389498018e-01
9.422996239373624405e-01
9.423158184574780272e-01
9.423320126993109946e-01
9.423482066628756648e-01
9.423644003481863596e-01
9.423805937552574008e-01
9.423967868841032214e-01
9.424129797347380322e-01
9.424291723071762661e-01
9.424453646014322450e-01
9.424615566175202908e-01
9.424777483554548363e-01
9.424939398152499814e-01
9.425101309969202701e-01
9.425263219004800241e-01
9.425425125259433434e-01
9.425587028733248829e-01
9.425748929426387424e-01
9.425910827338993547e-01
9.426072722471210419e-01
9.426234614823180147e-01
9.426396504395048170e-01
9.426558391186955488e-01
9.426720275199046428e-01
9.426882156431463100e-01
9.427044034884350943e-01
9.427205910557850954e-01
9.427367783452106353e-01
9.427529653567261470e-01
9.427691520903459521e-01
9.427853385460842617e-01
9.428015247239555086e-01
9.428177106239737926e-01
9.428338962461536576e-01
9.428500815905092036e-01
9.428662666570549744e-01
9.428824514458050698e-01
9.428986359567738118e-01
9.429148201899756332e-01
9.429310041454247449e-01
9.429471878231353577e-01
9.429633712231220155e-01
9.429795543453988182e-01
9.429957371899800878e-01
9.430119197568801459e-01
9.430281020461133146e-01
9.430442840576939156e-01
9.430604657916360489e-01
9.430766472479542584e-01
9.430928284266626438e-01
9.431090093277755271e-01
9.431251899513073411e-01
9.431413702972721858e-01
9.431575503656843829e-01
9.431737301565583653e-01
9.431899096699082330e-01
9.432060889057483077e-01
9.432222678640929114e-01
9.432384465449563660e-01
9.432546249483527712e-01
9.432708030742965599e-01
9.432869809228020541e-01
9.433031584938833536e-01
9.433193357875547802e-01
9.433355128038306558e-01
9.433516895427253024e-01
9.433678660042528197e-01
9.433840421884276406e-01
9.434002180952639760e-01
9.434163937247760368e-01
9.434325690769781447e-01
9.434487441518845108e-01
9.434649189495094568e-01
9.434810934698671936e-01
9.434972677129719321e-01
9.435134416788381051e-01
9.435296153674798125e-01
9.435457887789113762e-01
9.435619619131470071e-01
9.435781347702009159e-01
9.435943073500874245e-01
9.436104796528208549e-01
9.436266516784153069e-01
9.436428234268852133e-01
9.436589948982445630e-01
9.436751660925077889e-01
9.436913370096891018e-01
9.437075076498027126e-01
9.437236780128628322e-01
9.437398480988838934e-01
9.437560179078798850e-01
9.437721874398651289e-01
9.437883566948538361e-01
9.438045256728603283e-01
9.438206943738988164e-01
9.438368627979835113e-01
9.438530309451286238e-01
9.438691988153484758e-01
9.438853664086571671e-01
9.439015337250689086e-01
9.439177007645981332e-01
9.439338675272588297e-01
9.439500340130654310e-01
9.439662002220319259e-01
9.439823661541727473e-01
9.439985318095019950e-01
9.440146971880339910e-01
9.440308622897828350e-01
9.440470271147628489e-01
9.440631916629881326e-01
9.440793559344730079e-01
9.440955199292316857e-01
9.441116836472782659e-01
9.441278470886270702e-01
9.441440102532921985e-01
9.441601731412879728e-01
9.441763357526286038e-01
9.441924980873281914e-01
9.442086601454010575e-01
9.442248219268613019e-01
9.442409834317231354e-01
9.442571446600008800e-01
9.442733056117086354e-01
9.442894662868605016e-01
9.443056266854709113e-01
9.443217868075539645e-01
9.443379466531237609e-01
9.443541062221945115e-01
9.443702655147805380e-01
9.443864245308959404e-01
9.444025832705549295e-01
9.444187417337716051e-01
9.444348999205604001e-01
9.444510578309351922e-01
9.444672154649104145e-01
9.444833728225000558e-01
9.444995299037184378e-01
9.445156867085796604e-01
9.445318432370979345e-01
9.445479994892874709e-01
9.445641554651624805e-01
9.445803111647370631e-01
9.445964665880253186e-01
9.446126217350415688e-01
9.446287766057999136e-01
9.446449312003145637e-01
9.446610855185997302e-01
9.446772395606694017e-01
9.446933933265379002e-01
9.447095468162194365e-01
9.447257000297279994e-01
9.447418529670779108e-01
9.447580056282831595e-01
9.447741580133581785e-01
9.447903101223168454e-01
9.448064619551735932e-01
9.448226135119422997e-01
9.448387647926372868e-01
9.448549157972727652e-01
9.448710665258627239e-01
9.448872169784213737e-01
9.449033671549629254e-01
9.449195170555015899e-01
9.449356666800513560e-01
9.449518160286263235e-01
9.449679651012409254e-01
9.449841138979090394e-01
9.450002624186449873e-01
9.450164106634627581e-01
9.450325586323765625e-01
9.450487063254006115e-01
9.450648537425490048e-01
9.450810008838358423e-01
9.450971477492752237e-01
9.451132943388813601e-01
9.451294406526684622e-01
9.451455866906505188e-01
9.451617324528416297e-01
9.451778779392561169e-01
9.451940231499079692e-01
9.452101680848113974e-01
9.452263127439805013e-01
9.452424571274293807e-01
9.452586012351721356e-01
9.452747450672228657e-01
9.452908886235958930e-01
9.453070319043052061e-01
9.453231749093647940e-01
9.453393176387889785e-01
9.453554600925918594e-01
9.453716022707874256e-01
9.453877441733899989e-01
9.454038858004134571e-01
9.454200271518720111e-01
9.454361682277797607e-01
9.454523090281509168e-01
9.454684495529995791e-01
9.454845898023396256e-01
9.455007297761854890e-01
9.455168694745510471e-01
9.455330088974503999e-01
9.455491480448978692e-01
9.455652869169073327e-01
9.455814255134930013e-01
9.455975638346688639e-01
9.456137018804492422e-01
9.456298396508480142e-01
9.456459771458793906e-01
9.456621143655573603e-01
9.456782513098962450e-01
9.456943879789099228e-01
9.457105243726124932e-01
9.457266604910181673e-01
9.457427963341409338e-01
9.457589319019948926e-01
9.457750671945942544e-01
9.457912022119528972e-01
9.458073369540851427e-01
9.458234714210048688e-01
9.458396056127262863e-01
9.458557395292633840e-01
9.458718731706302618e-01
9.458880065368411305e-01
9.459041396279098679e-01
9.459202724438506849e-01
9.459364049846775702e-01
9.459525372504046237e-01
9.459686692410460562e-01
9.459848009566157456e-01
9.460009323971277917e-01
9.460170635625964053e-01
9.460331944530355752e-01
9.460493250684592903e-01
9.460654554088816504e-01
9.460815854743167552e-01
9.460977152647787047e-01
9.461138447802814877e-01
9.461299740208392040e-01
9.461461029864659533e-01
9.461622316771757246e-01
9.461783600929826177e-01
9.461944882339006213e-01
9.462106160999438353e-01
9.462267436911262486e-01
9.462428710074620719e-01
9.462589980489652941e-01
9.462751248156497930e-01
9.462912513075298904e-01
9.463073775246194641e-01
9.463235034669326140e-01
9.463396291344833289e-01
9.463557545272857086e-01
9.463718796453538529e-01
9.463880044887016396e-01
9.464041290573432796e-01
9.464202533512926507e-01
9.464363773705639638e-01
9.464525011151710965e-01
9.464686245851281488e-01
9.464847477804492204e-01
9.465008707011483002e-01
9.465169933472393771e-01
9.465331157187365507e-01
9.465492378156536990e-01
9.465653596380050327e-01
9.465814811858045408e-01
9.465976024590662119e-01
9.466137234578040349e-01
9.466298441820321097e-01
9.466459646317644250e-01
9.466620848070149696e-01
9.466782047077978435e-01
9.466943243341270353e-01
9.467104436860165340e-01
9.467265627634803282e-01
9.467426815665325179e-01
9.467588000951870919e-01
9.467749183494579279e-01
9.467910363293592368e-01
9.468071540349050075e-01
9.468232714661091176e-01
9.468393886229856671e-01
9.468555055055486447e-01
9.468716221138120392e-01
9.468877384477899506e-01
9.469038545074962565e-01
9.469199702929449458e-01
9.469360858041501183e-01
9.469522010411257629e-01
9.469683160038858682e-01
9.469844306924443122e-01
9.470005451068153057e-01
9.470166592470127265e-01
9.470327731130505633e-01
9.470488867049428050e-01
9.470650000227034404e-01
9.470811130663464583e-01
9.470972258358859586e-01
9.471133383313357079e-01
9.471294505527099172e-01
9.471455625000224643e-01
9.471616741732873379e-01
9.471777855725185269e-01
9.471938966977301311e-01
9.472100075489359172e-01
9.472261181261499852e-01
9.472422284293862127e-01
9.472583384586586996e-01
9.472744482139814348e-01
9.472905576953682960e-01
9.473066669028333830e-01
9.473227758363905737e-01
9.473388844960537458e-01
9.473549928818369992e-01
9.473711009937543226e-01
9.473872088318197049e-01
9.474033163960470239e-01
9.474194236864501573e-01
9.474355307030433160e-01
9.474516374458402668e-01
9.474677439148549984e-01
9.474838501101016108e-01
9.474999560315938707e-01
9.475160616793458779e-01
9.475321670533715102e-01
9.475482721536847563e-01
9.475643769802996053e-01
9.475804815332299347e-01
9.475965858124897334e-01
9.476126898180928793e-01
9.476287935500534720e-01
9.476448970083853895e-01
9.476610001931026206e-01
9.476771031042190430e-01
9.476932057417485344e-01
9.477093081057051949e-01
9.477254101961029020e-01
9.477415120129556447e-01
9.477576135562773008e-01
9.477737148260817479e-01
9.477898158223830860e-01
9.478059165451951928e-01
9.478220169945318352e-01
9.478381171704072239e-01
9.478542170728351257e-01
9.478703167018295295e-01
9.478864160574043130e-01
9.479025151395734650e-01
9.479186139483508633e-01
9.479347124837504968e-01
9.479508107457861321e-01
9.479669087344719802e-01
9.479830064498216968e-01
9.479991038918493818e-01
9.480152010605688018e-01
9.480312979559940567e-01
9.480473945781389133e-01
9.480634909270173605e-01
9.480795870026432759e-01
9.480956828050306484e-01
9.481117783341932448e-01
9.481278735901451649e-01
9.481439685729002864e-01
9.481600632824723762e-01
9.481761577188754231e-01
9.481922518821234158e-01
9.482083457722302322e-01
9.482244393892096390e-01
9.482405327330756251e-01
9.482566258038421791e-01
9.482727186015231791e-01
9.482888111261323916e-01
9.483049033776839165e-01
9.483209953561915206e-01
9.483370870616690818e-01
9.483531784941305887e-01
9.483692696535898081e-01
9.483853605400607290e-01
9.484014511535573400e-01
9.484175414940934079e-01
9.484336315616828106e-01
9.484497213563394258e-01
9.484658108780772423e-01
9.484819001269100269e-01
9.484979891028517685e-01
9.485140778059163447e-01
9.485301662361176334e-01
9.485462543934694013e-01
9.485623422779857483e-01
9.485784298896803302e-01
9.485945172285671356e-01
9.486106042946600425e-01
9.486266910879729286e-01
9.486427776085196717e-01
9.486588638563141496e-01
9.486749498313701290e-01
9.486910355337017098e-01
9.487071209633225477e-01
9.487232061202465205e-01
9.487392910044877281e-01
9.487553756160597151e-01
9.487714599549765815e-01
9.487875440212520939e-01
9.488036278149002412e-01
9.488197113359346790e-01
9.488357945843693964e-01
9.488518775602182709e-01
9.488679602634950694e-01
9.488840426942137807e-01
9.489001248523881715e-01
9.489162067380321197e-01
9.489322883511593920e-01
9.489483696917839772e-01
9.489644507599196421e-01
9.489805315555803755e-01
9.489966120787798332e-01
9.490126923295318928e-01
9.490287723078505433e-01
9.490448520137495514e-01
9.490609314472427949e-01
9.490770106083440405e-01
9.490930894970671661e-01
9.491091681134259384e-01
9.491252464574343461e-01
9.491413245291061562e-01
9.491574023284552464e-01
9.491734798554953834e-01
9.491895571102405560e-01
9.492056340927043090e-01
9.492217108029007422e-01
9.492377872408436223e-01
9.492538634065467162e-01
9.492699393000237906e-01
9.492860149212889453e-01
9.493020902703557251e-01
9.493181653472381187e-01
9.493342401519498930e-01
9.493503146845048146e-01
9.493663889449168725e-01
9.493824629331997222e-01
9.493985366493672418e-01
9.494146100934333088e-01
9.494306832654115791e-01
9.494467561653161525e-01
9.494628287931605737e-01
9.494789011489587205e-01
9.494949732327244707e-01
9.495110450444717021e-01
9.495271165842140704e-01
9.495431878519653424e-01
9.495592588477396179e-01
9.495753295715504416e-01
9.495914000234115804e-01
9.496074702033371340e-01
9.496235401113406471e-01
9.496396097474359976e-01
9.496556791116370633e-01
9.496717482039574998e-01
9.496878170244111850e-01
9.497038855730119966e-01
9.497199538497735904e-01
9.497360218547098443e-01
9.497520895878345248e-01
9.497681570491613989e-01
9.497842242387043443e-01
9.498002911564771278e-01
9.498163578024934051e-01
9.498324241767671650e-01
9.498484902793120632e-01
9.498645561101418666e-01
9.498806216692705640e-01
9.498966869567117000e-01
9.499127519724791524e-01
9.499288167165867991e-01
9.499448811890481847e-01
9.499609453898772982e-01
9.499770093190879061e-01
9.499930729766936643e-01
9.500091363627084506e-01
9.500251994771459207e-01
9.500412623200200635e-01
9.500573248913444235e-01
9.500733871911328787e-01
9.500894492193993068e-01
9.501055109761572526e-01
9.501215724614205937e-01
9.501376336752030971e-01
9.501536946175185294e-01
9.501697552883806575e-01
9.501858156878032480e-01
9.502018758158000677e-01
9.502179356723848835e-01
9.502339952575713511e-01
9.502500545713733482e-01
9.502661136138046416e-01
9.502821723848789981e-01
9.502982308846099624e-01
9.503142891130115233e-01
9.503303470700974476e-01
9.503464047558812799e-01
9.503624621703768982e-01
9.503785193135980691e-01
9.503945761855585594e-01
9.504106327862720249e-01
9.504266891157522323e-01
9.504427451740129484e-01
9.504588009610679400e-01
9.504748564769308627e-01
9.504909117216155945e-01
9.505069666951357910e-01
9.505230213975052189e-01
9.505390758287376451e-01
9.505551299888467254e-01
9.505711838778462264e-01
9.505872374957498039e-01
9.506032908425714467e-01
9.506193439183245886e-01
9.506353967230231072e-01
9.506514492566807695e-01
9.506675015193112310e-01
9.506835535109281476e-01
9.506996052315453971e-01
9.507156566811766352e-01
9.507317078598356286e-01
9.507477587675360331e-01
9.507638094042916155e-01
9.507798597701161425e-01
9.507959098650231589e-01
9.508119596890265424e-01
9.508280092421399488e-01
9.508440585243771448e-01
9.508601075357517862e-01
9.508761562762776398e-01
9.508922047459683613e-01
9.509082529448377175e-01
9.509243008728993640e-01
9.509403485301669567e-01
9.509563959166543734e-01
9.509724430323752697e-01
9.509884898773431905e-01
9.510045364515720134e-01
9.510205827550753943e-01
9.510366287878670999e-01
9.510526745499606749e-01
9.510687200413698861e-01
9.510847652621085002e-01
9.511008102121901731e-01
9.511168548916285603e-01
9.511328993004374288e-01
9.511489434386304342e-01
9.511649873062212324e-01
9.511810309032234789e-01
9.511970742296510517e-01
9.512131172855174954e-01
9.512291600708364658e-01
9.512452025856218407e-01
9.512612448298870538e-01
9.512772868036459828e-01
9.512933285069121725e-01
9.513093699396993896e-01
9.513254111020214010e-01
9.513414519938916403e-01
9.513574926153239852e-01
9.513735329663320917e-01
9.513895730469296153e-01
9.514056128571301008e-01
9.514216523969474260e-01
9.514376916663952466e-01
9.514537306654871074e-01
9.514697693942366641e-01
9.514858078526576834e-01
9.515018460407639322e-01
9.515178839585688442e-01
9.515339216060861860e-01
9.515499589833297245e-01
9.515659960903130044e-01
9.515820329270496813e-01
9.515980694935534112e-01
9.516141057898379607e-01
9.516301418159169856e-01
9.516461775718040306e-01
9.516622130575127514e-01
9.516782482730569148e-01
9.516942832184500656e-01
9.517103178937059704e-01
9.517263522988381741e-01
9.517423864338604433e-01
9.517584202987863229e-01
9.517744538936294685e-01
9.517904872184035359e-01
9.518065202731222918e-01
9.518225530577991700e-01
9.518385855724480482e-01
9.518546178170823602e-01
9.518706497917158726e-01
9.518866814963622414e-01
9.519027129310350110e-01
9.519187440957478374e-01
9.519347749905143763e-01
9.519508056153483944e-01
9.519668359702632143e-01
9.519828660552728250e-01
9.519988958703906601e-01
9.520149254156303753e-01
9.520309546910056264e-01
9.520469836965299582e-01
9.520630124322171373e-01
9.520790408980807085e-01
9.520950690941343275e-01
9.521110970203915391e-01
9.521271246768661101e-01
9.521431520635715851e-01
9.521591791805215088e-01
9.521752060277296481e-01
9.521912326052095477e-01
9.522072589129748632e-01
9.522232849510391395e-01
9.522393107194160322e-01
9.522553362181190861e-01
9.522713614471620680e-01
9.522873864065585225e-01
9.523034110963219945e-01
9.523194355164661395e-01
9.523354596670046135e-01
9.523514835479509610e-01
9.523675071593188379e-01
9.523835305011217889e-01
9.523995535733734696e-01
9.524155763760874249e-01
9.524315989092773105e-01
9.524476211729566710e-01
9.524636431671391623e-01
9.524796648918384401e-01
9.524956863470679380e-01
9.525117075328414229e-01
9.525277284491723284e-01
9.525437490960744213e-01
9.525597694735611354e-01
9.525757895816461263e-01
9.525918094203430497e-01
9.526078289896653395e-01
9.526238482896267623e-01
9.526398673202407519e-01
9.526558860815210750e-01
9.526719045734810543e-01
9.526879227961345675e-01
9.527039407494949375e-01
9.527199584335759308e-01
9.527359758483909813e-01
9.527519929939538557e-01
9.527680098702779876e-01
9.527840264773769219e-01
9.528000428152643142e-01
9.528160588839538203e-01
9.528320746834587629e-01
9.528480902137930197e-01
9.528641054749699135e-01
9.528801204670031000e-01
9.528961351899062349e-01
9.529121496436927519e-01
9.529281638283763067e-01
9.529441777439704442e-01
9.529601913904887089e-01
9.529762047679446457e-01
9.529922178763517993e-01
9.530082307157238253e-01
9.530242432860742685e-01
9.530402555874166737e-01
9.530562676197644745e-01
9.530722793831314377e-01
9.530882908775308859e-01
9.531043021029765860e-01
9.531203130594819717e-01
9.531363237470606986e-01
9.531523341657262005e-01
9.531683443154920221e-01
9.531843541963718192e-01
9.532003638083790253e-01
9.532163731515272964e-01
9.532323822258300661e-01
9.532483910313009901e-01
9.532643995679535021e-01
9.532804078358012578e-01
9.532964158348576911e-01
9.533124235651363465e-01
9.533284310266508799e-01
9.533444382194147249e-01
9.533604451434414262e-01
9.533764517987445286e-01
9.533924581853375768e-01
9.534084643032341155e-01
9.534244701524475785e-01
9.534404757329917324e-01
9.534564810448797889e-01
9.534724860881255148e-01
9.534884908627423439e-01
9.535044953687438207e-01
9.535204996061434901e-01
9.535365035749547857e-01
9.535525072751913633e-01
9.535685107068666566e-01
9.535845138699942103e-01
9.536005167645874581e-01
9.536165193906600557e-01
9.536325217482255479e-01
9.536485238372972573e-01
9.536645256578888397e-01
9.536805272100137287e-01
9.536965284936854692e-01
9.537125295089176058e-01
9.537285302557236832e-01
9.537445307341171352e-01
9.537605309441113954e-01
9.537765308857201196e-01
9.537925305589567415e-01
9.538085299638348058e-01
9.538245291003677462e-01
9.538405279685692184e-01
9.538565265684524341e-01
9.538725249000311601e-01
9.538885229633188301e-01
9.539045207583288777e-01
9.539205182850748477e-01
9.539365155435701737e-01
9.539525125338284006e-01
9.539685092558630730e-01
9.539845057096876246e-01
9.540005018953154892e-01
9.540164978127603224e-01
9.540324934620354469e-01
9.540484888431542965e-01
9.540644839561306378e-01
9.540804788009776827e-01
9.540964733777090867e-01
9.541124676863382836e-01
9.541284617268787072e-01
9.541444554993437910e-01
9.541604490037471908e-01
9.541764422401022294e-01
9.541924352084224514e-01
9.542084279087212906e-01
9.542244203410122916e-01
9.542404125053088881e-01
9.542564044016245139e-01
9.542723960299727137e-01
9.542883873903669212e-01
9.543043784828205700e-01
9.543203693073472049e-01
9.543363598639602596e-01
9.543523501526731678e-01
9.543683401734993632e-01
9.543843299264525015e-01
9.544003194115457944e-01
9.544163086287927866e-01
9.544322975782070229e-01
9.544482862598019368e-01
9.544642746735909622e-01
9.544802628195874217e-01
9.544962506978050820e-01
9.545122383082570439e-01
9.545282256509570740e-01
9.545442127259183840e-01
9.545601995331545186e-01
9.545761860726789116e-01
9.545921723445051077e-01
9.546081583486464295e-01
9.546241440851164217e-01
9.546401295539284071e-01
9.546561147550959303e-01
9.546720996886324251e-01
9.546880843545513251e-01
9.547040687528660641e-01
9.547200528835899647e-01
9.547360367467366826e-01
9.547520203423195406e-01
9.547680036703519724e-01
9.547839867308474116e-01
9.547999695238192919e-01
9.548159520492811581e-01
9.548319343072462217e-01
9.548479162977281387e-01
9.548638980207402316e-01
9.548798794762958231e-01
9.548958606644085689e-01
9.549118415850916808e-01
9.549278222383587034e-01
9.549438026242230704e-01
9.549597827426982155e-01
9.549757625937974614e-01
9.549917421775342419e-01
9.550077214939221015e-01
9.550237005429743631e-01
9.550396793247044602e-01
9.550556578391257156e-01
9.550716360862516741e-01
9.550876140660957692e-01
9.551035917786713236e-01
9.551195692239917712e-01
9.551355464020705455e-01
9.551515233129209692e-01
9.551674999565565871e-01
9.551834763329908329e-01
9.551994524422369182e-01
9.552154282843082767e-01
9.552314038592184531e-01
9.552473791669808811e-01
9.552633542076087725e-01
9.552793289811155608e-01
9.552953034875147909e-01
9.553112777268197853e-01
9.553272516990438668e-01
9.553432254042004690e-01
9.553591988423031367e-01
9.553751720133649705e-01
9.553911449173996262e-01
9.554071175544204264e-01
9.554230899244406938e-01
9.554390620274738621e-01
9.554550338635333651e-01
9.554710054326325253e-01
9.554869767347846654e-01
9.555029477700033302e-01
9.555189185383018424e-01
9.555348890396935246e-01
9.555508592741916996e-01
9.555668292418100229e-01
9.555827989425615954e-01
9.555987683764598506e-01
9.556147375435183333e-01
9.556307064437501442e-01
9.556466750771689389e-01
9.556626434437879292e-01
9.556786115436205487e-01
9.556945793766801200e-01
9.557105469429799660e-01
9.557265142425336313e-01
9.557424812753542165e-01
9.557584480414553774e-01
9.557744145408503256e-01
9.557903807735524948e-01
9.558063467395750967e-01
9.558223124389316760e-01
9.558382778716355554e-01
9.558542430377000576e-01
9.558702079371385052e-01
9.558861725699642209e-01
9.559021369361907494e-01
9.559181010358311914e-01
9.559340648688992026e-01
9.559500284354078836e-01
9.559659917353706682e-01
9.559819547688009900e-01
9.559979175357120607e-01
9.560138800361173139e-01
9.560298422700300724e-01
9.560458042374637699e-01
9.560617659384316180e-01
9.560777273729469394e-01
9.560936885410232788e-01
9.561096494426737369e-01
9.561256100779118583e-01
9.561415704467508547e-01
9.561575305492040489e-01
9.561734903852849854e-01
9.561894499550067650e-01
9.562054092583828213e-01
9.562213682954263660e-01
9.562373270661509439e-01
9.562532855705698775e-01
9.562692438086962676e-01
9.562852017805436589e-01
9.563011594861252629e-01
9.563171169254545134e-01
9.563330740985446221e-01
9.563490310054089116e-01
9.563649876460608157e-01
9.563809440205136569e-01
9.563969001287806471e-01
9.564128559708751087e-01
9.564288115468104756e-01
9.564447668566000704e-01
9.564607219002571048e-01
9.564766766777949014e-01
9.564926311892268940e-01
9.565085854345661831e-01
9.565245394138263135e-01
9.565404931270204969e-01
9.565564465741620559e-01
9.565723997552643132e-01
9.565883526703404804e-01
9.566043053194039913e-01
9.566202577024680576e-01
9.566362098195461128e-01
9.566521616706512576e-01
9.566681132557970368e-01
9.566840645749965510e-01
9.567000156282632339e-01
9.567159664156102972e-01
9.567319169370510634e-01
9.567478671925989664e-01
9.567638171822669957e-01
9.567797669060688071e-01
9.567957163640173901e-01
9.568116655561262895e-01
9.568276144824086060e-01
9.568435631428776622e-01
9.568595115375467808e-01
9.568754596664293954e-01
9.568914075295384958e-01
9.569073551268876265e-01
9.569233024584899994e-01
9.569392495243588259e-01
9.569551963245074289e-01
9.569711428589491309e-01
9.569870891276971436e-01
9.570030351307647898e-01
9.570189808681653920e-01
9.570349263399120510e-01
9.570508715460183113e-01
9.570668164864972738e-01
9.570827611613622610e-01
9.570987055706264846e-01
9.571146497143033782e-01
9.571305935924060426e-01
9.571465372049478004e-01
9.571624805519418633e-01
9.571784236334016649e-01
9.571943664493403059e-01
9.572103089997711090e-01
9.572262512847073967e-01
9.572421933041623809e-01
9.572581350581493842e-01
9.572740765466815072e-01
9.572900177697721835e-01
9.573059587274345139e-01
9.573218994196819320e-01
9.573378398465276495e-01
9.573537800079847671e-01
9.573697199040667183e-01
9.573856595347866039e-01
9.574015989001578575e-01
9.574175380001936908e-01
9.574334768349072045e-01
9.574494154043117211e-01
9.574653537084205634e-01
9.574812917472469431e-01
9.574972295208040718e-01
9.575131670291051611e-01
9.575291042721635337e-01
9.575450412499924013e-01
9.575609779626050866e-01
9.575769144100146901e-01
9.575928505922344236e-01
9.576087865092777207e-01
9.576247221611576821e-01
9.576406575478876304e-01
9.576565926694806663e-01
9.576725275259501124e-01
9.576884621173092915e-01
9.577043964435711931e-01
9.577203305047492510e-01
9.577362643008566767e-01
9.577521978319065710e-01
9.577681310979122564e-01
9.577840640988870557e-01
9.577999968348439586e-01
9.578159293057962875e-01
9.578318615117573653e-01
9.578477934527404036e-01
9.578637251287585030e-01
9.578796565398248752e-01
9.578955876859528429e-01
9.579115185671556176e-01
9.579274491834464111e-01
9.579433795348383240e-01
9.579593096213446790e-01
9.579752394429786877e-01
9.579911689997535618e-01
9.580070982916825129e-01
9.580230273187786416e-01
9.580389560810552707e-01
9.580548845785256118e-01
9.580708128112027655e-01
9.580867407791000545e-01
9.581026684822306905e-01
9.581185959206077740e-01
9.581345230942445168e-01
9.581504500031542415e-01
9.581663766473500488e-01
9.581823030268451502e-01
9.581982291416527575e-01
9.582141549917859713e-01
9.582300805772582253e-01
9.582460058980823980e-01
9.582619309542719233e-01
9.582778557458400126e-01
9.582937802727996557e-01
9.583097045351641752e-01
9.583256285329466717e-01
9.583415522661604680e-01
9.583574757348186646e-01
9.583733989389344732e-01
9.583893218785209944e-01
9.584052445535915510e-01
9.584211669641592435e-01
9.584370891102371726e-01
9.584530109918387719e-01
9.584689326089769201e-01
9.584848539616650509e-01
9.585007750499161538e-01
9.585166958737434406e-01
9.585326164331601229e-01
9.585485367281794122e-01
9.585644567588145204e-01
9.585803765250784370e-01
9.585962960269843736e-01
9.586122152645456529e-01
9.586281342377753756e-01
9.586440529466866423e-01
9.586599713912926646e-01
9.586758895716065432e-01
9.586918074876416007e-01
9.587077251394108268e-01
9.587236425269274331e-01
9.587395596502046313e-01
9.587554765092556330e-01
9.587713931040934279e-01
9.587873094347312275e-01
9.588032255011822436e-01
9.588191413034596877e-01
9.588350568415765496e-01
9.588509721155460408e-01
9.588668871253813730e-01
9.588828018710957579e-01
9.588987163527020741e-01
9.589146305702137552e-01
9.589305445236437908e-01
9.589464582130053927e-01
9.589623716383117724e-01
9.589782847995758086e-01
9.589941976968109349e-01
9.590101103300301411e-01
9.590260226992466386e-01
9.590419348044735282e-01
9.590578466457240214e-01
9.590737582230111080e-01
9.590896695363479996e-01
9.591055805857479077e-01
9.591214913712238221e-01
9.591374018927889544e-01
9.591533121504565162e-01
9.591692221442394972e-01
9.591851318741509980e-01
9.592010413402043412e-01
9.592169505424125164e-01
9.592328594807887354e-01
9.592487681553459877e-01
9.592646765660975960e-01
9.592805847130564390e-01
9.592964925962358391e-01
9.593124002156488972e-01
9.593283075713086028e-01
9.593442146632281675e-01
9.593601214914206921e-01
9.593760280558992770e-01
9.593919343566771341e-01
9.594078403937672528e-01
9.594237461671827338e-01
9.594396516769367889e-01
9.594555569230425185e-01
9.594714619055130234e-01
9.594873666243614041e-01
9.595032710796006503e-01
9.595191752712440847e-01
9.595350791993046968e-01
9.595509828637955874e-01
9.595668862647298569e-01
9.595827894021206061e-01
9.595986922759810467e-01
9.596145948863240571e-01
9.596304972331629601e-01
9.596463993165107453e-01
9.596623011363805134e-01
9.596782026927853648e-01
9.596941039857384004e-01
9.597100050152527206e-01
9.597259057813414262e-01
9.597418062840176178e-01
9.597577065232942850e-01
9.597736064991846394e-01
9.597895062117017817e-01
9.598054056608587015e-01
9.598213048466684993e-01
9.598372037691443870e-01
9.598531024282992430e-01
9.598690008241462790e-01
9.598848989566985956e-01
9.599007968259692936e-01
9.599166944319712513e-01
9.599325917747177916e-01
9.599484888542217931e-01
9.599643856704965783e-01
9.599802822235549149e-01
9.599961785134101255e-01
9.600120745400751998e-01
9.600279703035632384e-01
9.600438658038872308e-01
9.600597610410602778e-01
9.600756560150954799e-01
9.600915507260058268e-01
9.601074451738045301e-01
9.601233393585045794e-01
9.601392332801190754e-01
9.601551269386608967e-01
9.601710203341433658e-01
9.601869134665793615e-01
9.602028063359820953e-01
9.602186989423645569e-01
9.602345912857396248e-01
9.602504833661207329e-01
9.602663751835205375e-01
9.602822667379523613e-01
9.602981580294291941e-01
9.603140490579641364e-01
9.603299398235700668e-01
9.603458303262601969e-01
9.603617205660475165e-01
9.603776105429450149e-01
9.603935002569659041e-01
9.604093897081230624e-01
9.604252788964297016e-01
9.604411678218987003e-01
9.604570564845431591e-01
9.604729448843761785e-01
9.604888330214107484e-01
9.605047208956598581e-01
9.605206085071367195e-01
9.605364958558541000e-01
9.605523829418253223e-01
9.605682697650632651e-01
9.605841563255809179e-01
9.606000426233913814e-01
9.606159286585077561e-01
9.606318144309430318e-01
9.606476999407100870e-01
9.606635851878221333e-01
9.606794701722921603e-01
9.606953548941332688e-01
9.607112393533582262e-01
9.607271235499803552e-01
9.607430074840125345e-01
9.607588911554677535e-01
9.607747745643590020e-01
9.607906577106994916e-01
9.608065405945021009e-01
9.608224232157799305e-01
9.608383055745458590e-01
9.608541876708129870e-01
9.608700695045944151e-01
9.608859510759030220e-01
9.609018323847517973e-01
9.609177134311539525e-01
9.609335942151223664e-01
9.609494747366699174e-01
9.609653549958099283e-01
9.609812349925550556e-01
9.609971147269186220e-01
9.610129941989133950e-01
9.610288734085525864e-01
9.610447523558489635e-01
9.610606310408157382e-01
9.610765094634657890e-01
9.610923876238121055e-01
9.611082655218677884e-01
9.611241431576458272e-01
9.611400205311591005e-01
9.611558976424207090e-01
9.611717744914435313e-01
9.611876510782407790e-01
9.612035274028252196e-01
9.612194034652099539e-01
9.612352792654079714e-01
9.612511548034322617e-01
9.612670300792957034e-01
9.612829050930115082e-01
9.612987798445924437e-01
9.613146543340516104e-01
9.613305285614018869e-01
9.613464025266563739e-01
9.613622762298280611e-01
9.613781496709298269e-01
9.613940228499747720e-01
9.614098957669756640e-01
9.614257684219457145e-01
9.614416408148978022e-01
9.614575129458449165e-01
9.614733848148000472e-01
9.614892564217760729e-01
9.615051277667860941e-01
9.615209988498429894e-01
9.615368696709597485e-01
9.615527402301494719e-01
9.615686105274249273e-01
9.615844805627991043e-01
9.616003503362851035e-01
9.616162198478958034e-01
9.616320890976440827e-01
9.616479580855431530e-01
9.616638268116057819e-01
9.616796952758448480e-01
9.616955634782735629e-01
9.617114314189046942e-01
9.617272990977513425e-01
9.617431665148262754e-01
9.617590336701427045e-01
9.617749005637132864e-01
9.617907671955512328e-01
9.618066335656693111e-01
9.618224996740805111e-01
9.618383655207978222e-01
9.618542311058342342e-01
9.618700964292026256e-01
9.618859614909159861e-01
9.619018262909873052e-01
9.619176908294293504e-01
9.619335551062552225e-01
9.619494191214778001e-01
9.619652828751100726e-01
9.619811463671649188e-01
9.619970095976553282e-01
9.620128725665941793e-01
9.620287352739945730e-01
9.620445977198691656e-01
9.620604599042311689e-01
9.620763218270932393e-01
9.620921834884685886e-01
9.621080448883699843e-01
9.621239060268104160e-01
9.621397669038027622e-01
9.621556275193600127e-01
9.621714878734951570e-01
9.621873479662208517e-01
9.622032077975503084e-01
9.622190673674962946e-01
9.622349266760718001e-01
9.622507857232898143e-01
9.622666445091631049e-01
9.622825030337045504e-01
9.622983612969273626e-01
9.623142192988440868e-01
9.623300770394679349e-01
9.623459345188117853e-01
9.623617917368884056e-01
9.623776486937107855e-01
9.623935053892918035e-01
9.624093618236444492e-01
9.624252179967816012e-01
9.624410739087161382e-01
9.624569295594609386e-01
9.624727849490289922e-01
9.624886400774331774e-01
9.625044949446863729e-01
9.625203495508015683e-01
9.625362038957915312e-01
9.625520579796692511e-01
9.625679118024476066e-01
9.625837653641395875e-01
9.625996186647578501e-01
9.626154717043154951e-01
9.626313244828254012e-01
9.626471770003004469e-01
9.626630292567535108e-01
9.626788812521974714e-01
9.626947329866453185e-01
9.627105844601097084e-01
9.627264356726037420e-01
9.627422866241402977e-01
9.627581373147322541e-01
9.627739877443923788e-01
9.627898379131336615e-01
9.628056878209689806e-01
9.628215374679112148e-01
9.628373868539731317e-01
9.628532359791678319e-01
9.628690848435080829e-01
9.628849334470066523e-01
9.629007817896766408e-01
9.629166298715308159e-01
9.629324776925820562e-01
9.629483252528431292e-01
9.629641725523271356e-01
9.629800195910467320e-01
9.629958663690149079e-01
9.630117128862445419e-01
9.630275591427485127e-01
9.630434051385395877e-01
9.630592508736306456e-01
9.630750963480346760e-01
9.630909415617644465e-01
9.631067865148329465e-01
9.631226312072528328e-01
9.631384756390370949e-01
9.631543198101986114e-01
9.631701637207501498e-01
9.631860073707045888e-01
9.632018507600749180e-01
9.632176938888739048e-01
9.632335367571143170e-01
9.632493793648092550e-01
9.632652217119712645e-01
9.632810637986133351e-01
9.632969056247484563e-01
9.633127471903892847e-01
9.633285884955486988e-01
9.633444295402395774e-01
9.633602703244749099e-01
9.633761108482672419e-01
9.633919511116296741e-01
9.634077911145749740e-01
9.634236308571160201e-01
9.634394703392654691e-01
9.634553095610364215e-01
9.634711485224415339e-01
9.634869872234937960e-01
9.635028256642058642e-01
9.635186638445907281e-01
9.635345017646611554e-01
9.635503394244300246e-01
9.635661768239101033e-01
9.635820139631142700e-01
9.635978508420554034e-01
9.636136874607461600e-01
9.636295238191996404e-01
9.636453599174283902e-01
9.636611957554453989e-01
9.636770313332635451e-01
9.636928666508954855e-01
9.637087017083540985e-01
9.637245365056522628e-01
9.637403710428028569e-01
9.637562053198185374e-01
9.637720393367122940e-01
9.637878730934967830e-01
9.638037065901849942e-01
9.638195398267895841e-01
9.638353728033234313e-01
9.638512055197993034e-01
9.638670379762301899e-01
9.638828701726287473e-01
9.638987021090077434e-01
9.639145337853801676e-01
9.639303652017586765e-01
9.639461963581561488e-01
9.639620272545853519e-01
9.639778578910590534e-01
9.639936882675902430e-01
9.640095183841915771e-01
9.640253482408758234e-01
9.640411778376559715e-01
9.640570071745445668e-01
9.640728362515545991e-01
9.640886650686988357e-01
9.641044936259899334e-01
9.641203219234408817e-01
9.641361499610644481e-01
9.641519777388732892e-01
9.641678052568803947e-01
9.641836325150983100e-01
9.641994595135401358e-01
9.642152862522183066e-01
9.642311127311459229e-01
9.642469389503356414e-01
9.642627649098002296e-01
9.642785906095525661e-01
9.642944160496053074e-01
9.643102412299713322e-01
9.643260661506634079e-01
9.643418908116943022e-01
9.643577152130767827e-01
9.643735393548237278e-01
9.643893632369476832e-01
9.644051868594617494e-01
9.644210102223783609e-01
9.644368333257106185e-01
9.644526561694710676e-01
9.644684787536725867e-01
9.644843010783279436e-01
9.645001231434499056e-01
9.645159449490511294e-01
9.645317664951446046e-01
9.645475877817428767e-01
9.645634088088589353e-01
9.645792295765053259e-01
9.645950500846949272e-01
9.646108703334405066e-01
9.646266903227548317e-01
9.646425100526506702e-01
9.646583295231406785e-01
9.646741487342378463e-01
9.646899676859546080e-01
9.647057863783040643e-01
9.647216048112986497e-01
9.647374229849513538e-01
9.647532408992749442e-01
9.647690585542819663e-01
9.647848759499854099e-01
9.648006930863978203e-01
9.648165099635320763e-01
9.648323265814008343e-01
9.648481429400169729e-01
9.648639590393931487e-01
9.648797748795421292e-01
9.648955904604766820e-01
9.649114057822094637e-01
9.649272208447533528e-01
9.649430356481210058e-01
9.649588501923250794e-01
9.649746644773785631e-01
9.649904785032940024e-01
9.650062922700841650e-01
9.650221057777618183e-01
9.650379190263397300e-01
9.650537320158305565e-01
9.650695447462470655e-01
9.650853572176019135e-01
9.651011694299079791e-01
9.651169813831780298e-01
9.651327930774246111e-01
9.651486045126604907e-01
9.651644156888984361e-01
9.651802266061512148e-01
9.651960372644315944e-01
9.652118476637521205e-01
9.652276578041256716e-01
9.652434676855649043e-01
9.652592773080824751e-01
9.652750866716912626e-01
9.652908957764039233e-01
9.653067046222331138e-01
9.653225132091916016e-01
9.653383215372921544e-01
9.653541296065474286e-01
9.653699374169700809e-01
9.653857449685728787e-01
9.654015522613685896e-01
9.654173592953698702e-01
9.654331660705894880e-01
9.654489725870399885e-01
9.654647788447342505e-01
9.654805848436849303e-01
9.654963905839047955e-01
9.655121960654063917e-01
9.655280012882025975e-01
9.655438062523059584e-01
9.655596109577293529e-01
9.655754154044852156e-01
9.655912195925865360e-01
9.656070235220458597e-01
9.656228271928759543e-01
9.656386306050894763e-01
9.656544337586990823e-01
9.656702366537175397e-01
9.656860392901575052e-01
9.657018416680316353e-01
9.657176437873526975e-01
9.657334456481333484e-01
9.657492472503862446e-01
9.657650485941241536e-01
9.657808496793596209e-01
9.657966505061055251e-01
9.658124510743744118e-01
9.658282513841790484e-01
9.658440514355320916e-01
9.658598512284461979e-01
9.658756507629340238e-01
9.658914500390083369e-01
9.659072490566817937e-01
9.659230478159669397e-01
9.659388463168766537e-01
9.659546445594234809e-01
9.659704425436200781e-01
9.659862402694792127e-01
9.660020377370135414e-01
9.660178349462357206e-01
9.660336318971584069e-01
9.660494285897942568e-01
9.660652250241559269e-01
9.660810212002561848e-01
9.660968171181075759e-01
9.661126127777228678e-01
9.661284081791147171e-01
9.661442033222956693e-01
9.661599982072784920e-01
9.661757928340757307e-01
9.661915872027002639e-01
9.662073813131645261e-01
9.662231751654813960e-01
9.662389687596633081e-01
9.662547620957230299e-01
9.662705551736732179e-01
9.662863479935265287e-01
9.663021405552956189e-01
9.663179328589931449e-01
9.663337249046316524e-01
9.663495166922239088e-01
9.663653082217825707e-01
9.663810994933201837e-01
9.663968905068495152e-01
9.664126812623831109e-01
9.664284717599336272e-01
9.664442619995138317e-01
9.664600519811361590e-01
9.664758417048134875e-01
9.664916311705582519e-01
9.665074203783832196e-01
9.665232093283009362e-01
9.665389980203241693e-01
9.665547864544653534e-01
9.665705746307373669e-01
9.665863625491527555e-01
9.666021502097240647e-01
9.666179376124639511e-01
9.666337247573850711e-01
9.666495116445000813e-01
9.666652982738216382e-01
9.666810846453622874e-01
9.666968707591347965e-01
9.667126566151515998e-01
9.667284422134254651e-01
9.667442275539688268e-01
9.667600126367945634e-01
9.667757974619152206e-01
9.667915820293433438e-01
9.668073663390915895e-01
9.668231503911725033e-01
9.668389341855988528e-01
9.668547177223831834e-01
9.668705010015381518e-01
9.668862840230761924e-01
9.669020667870101837e-01
9.669178492933525604e-01
9.669336315421159789e-01
9.669494135333130957e-01
9.669651952669564565e-01
9.669809767430587177e-01
9.669967579616324249e-01
9.670125389226903456e-01
9.670283196262448033e-01
9.670441000723086766e-01
9.670598802608944000e-01
9.670756601920146300e-01
9.670914398656820232e-01
9.671072192819091251e-01
9.671229984407085922e-01
9.671387773420928591e-01
9.671545559860746932e-01
9.671703343726666402e-01
9.671861125018812455e-01
9.672018903737311657e-01
9.672176679882290573e-01
9.672334453453873548e-01
9.672492224452187148e-01
9.672649992877357938e-01
9.672807758729510264e-01
9.672965522008771799e-01
9.673123282715268001e-01
9.673281040849124324e-01
9.673438796410466223e-01
9.673596549399420264e-01
9.673754299816111901e-01
9.673912047660666591e-01
9.674069792933212009e-01
9.674227535633871389e-01
9.674385275762772407e-01
9.674543013320039408e-01
9.674700748305798959e-01
9.674858480720177623e-01
9.675016210563299746e-01
9.675173937835290783e-01
9.675331662536278410e-01
9.675489384666386972e-01
9.675647104225741923e-01
9.675804821214469831e-01
9.675962535632696149e-01
9.676120247480547443e-01
9.676277956758146948e-01
9.676435663465622339e-01
9.676593367603097962e-01
9.676751069170701491e-01
9.676908768168556163e-01
9.677066464596789652e-01
9.677224158455525194e-01
9.677381849744890463e-01
9.677539538465010915e-01
9.677697224616010896e-01
9.677854908198016970e-01
9.678012589211154593e-01
9.678170267655548109e-01
9.678327943531325195e-01
9.678485616838610195e-01
9.678643287577527454e-01
9.678800955748204649e-01
9.678958621350766123e-01
9.679116284385337332e-01
9.679273944852044842e-01
9.679431602751011887e-01
9.679589258082366143e-01
9.679746910846231955e-01
9.679904561042734779e-01
9.680062208672001178e-01
9.680219853734154389e-01
9.680377496229322087e-01
9.680535136157627507e-01
9.680692773519198324e-01
9.680850408314157773e-01
9.681008040542632420e-01
9.681165670204747720e-01
9.681323297300628017e-01
9.681480921830399877e-01
9.681638543794188756e-01
9.681796163192117888e-01
9.681953780024314948e-01
9.682111394290904283e-01
9.682269005992010236e-01
9.682426615127759373e-01
9.682584221698277149e-01
9.682741825703686800e-01
9.682899427144116000e-01
9.683057026019689095e-01
9.683214622330530430e-01
9.683372216076766570e-01
9.683529807258521860e-01
9.683687395875921755e-01
9.683844981929091711e-01
9.684002565418156072e-01
9.684160146343240294e-01
9.684317724704470942e-01
9.684475300501971251e-01
9.684632873735866676e-01
9.684790444406282672e-01
9.684948012513344695e-01
9.685105578057178199e-01
9.685263141037906420e-01
9.685420701455655923e-01
9.685578259310552163e-01
9.685735814602719485e-01
9.685893367332282233e-01
9.686050917499365864e-01
9.686208465104096943e-01
9.686366010146598704e-01
9.686523552626996603e-01
9.686681092545416094e-01
9.686838629901981523e-01
9.686996164696817235e-01
9.687153696930050906e-01
9.687311226601804659e-01
9.687468753712203950e-01
9.687626278261375345e-01
9.687783800249442079e-01
9.687941319676529606e-01
9.688098836542763381e-01
9.688256350848266640e-01
9.688413862593167059e-01
9.688571371777586760e-01
9.688728878401651201e-01
9.688886382465486946e-01
9.689043883969217230e-01
9.689201382912967508e-01
9.689358879296862126e-01
9.689516373121026538e-01
9.689673864385583979e-01
9.689831353090662125e-01
9.689988839236383100e-01
9.690146322822872360e-01
9.690303803850255360e-01
9.690461282318656444e-01
9.690618758228201068e-01
9.690776231579012467e-01
9.690933702371216096e-01
9.691091170604937410e-01
9.691248636280299644e-01
9.691406099397428253e-01
9.691563559956448692e-01
9.691721017957484197e-01
9.691878473400660221e-01
9.692035926286101111e-01
9.692193376613932321e-01
9.692350824384277086e-01
9.692508269597261972e-01
9.692665712253009103e-01
9.692823152351645044e-01
9.692980589893294141e-01
9.693138024878079628e-01
9.693295457306128071e-01
9.693452887177561594e-01
9.693610314492506763e-01
9.693767739251087923e-01
9.693925161453429418e-01
9.694082581099654483e-01
9.694239998189888574e-01
9.694397412724257146e-01
9.694554824702883433e-01
9.694712234125892891e-01
9.694869640993408755e-01
9.695027045305556479e-01
9.695184447062459299e-01
9.695341846264242669e-01
9.695499242911032045e-01
9.695656637002949552e-01
9.695814028540120644e-01
9.695971417522670777e-01
9.696128803950722075e-01
9.696286187824401104e-01
9.696443569143831098e-01
9.696600947909136403e-01
9.696758324120442474e-01
9.696915697777871435e-01
9.697073068881549851e-01
9.697230437431600958e-01
9.697387803428149100e-01
9.697545166871318623e-01
9.697702527761233871e-01
9.697859886098019189e-01
9.698017241881798922e-01
9.698174595112697416e-01
9.698331945790839015e-01
9.698489293916346954e-01
9.698646639489346688e-01
9.698803982509961452e-01
9.698961322978315591e-01
9.699118660894534560e-01
9.699275996258740484e-01
9.699433329071059928e-01
9.699590659331615017e-01
9.699747987040531205e-01
9.699905312197931728e-01
9.700062634803940931e-01
9.700219954858683158e-01
9.700377272362282755e-01
9.700534587314862955e-01
9.700691899716549216e-01
9.700849209567464770e-01
9.701006516867733964e-01
9.701163821617480032e-01
9.701321123816827319e-01
9.701478423465901280e-01
9.701635720564824039e-01
9.701793015113721053e-01
9.701950307112716665e-01
9.702107596561933001e-01
9.702264883461494405e-01
9.702422167811526332e-01
9.702579449612152018e-01
9.702736728863494697e-01
9.702894005565679825e-01
9.703051279718829525e-01
9.703208551323069253e-01
9.703365820378522244e-01
9.703523086885312843e-01
9.703680350843564284e-01
9.703837612253400913e-01
9.703994871114947074e-01
9.704152127428324892e-01
9.704309381193659823e-01
9.704466632411076210e-01
9.704623881080696179e-01
9.704781127202645186e-01
9.704938370777045353e-01
9.705095611804022138e-01
9.705252850283698773e-01
9.705410086216198495e-01
9.705567319601645648e-01
9.705724550440163467e-01
9.705881778731876297e-01
9.706039004476908483e-01
9.706196227675382149e-01
9.706353448327421640e-01
9.706510666433151302e-01
9.706667881992694369e-01
9.706825095006175186e-01
9.706982305473715877e-01
9.707139513395441899e-01
9.707296718771476485e-01
9.707453921601942870e-01
9.707611121886964289e-01
9.707768319626665088e-01
9.707925514821168500e-01
9.708082707470598871e-01
9.708239897575079436e-01
9.708397085134733429e-01
9.708554270149685195e-01
9.708711452620056859e-01
9.708868632545973876e-01
9.709025809927558370e-01
9.709182984764934687e-01
9.709340157058226062e-01
9.709497326807555728e-01
9.709654494013048032e-01
9.709811658674826207e-01
9.709968820793012378e-01
9.710125980367732001e-01
9.710283137399108311e-01
9.710440291887263431e-01
9.710597443832322817e-01
9.710754593234407483e-01
9.710911740093642885e-01
9.711068884410151147e-01
9.711226026184056614e-01
9.711383165415482521e-01
9.711540302104552103e-01
9.711697436251388593e-01
9.711854567856116338e-01
9.712011696918856352e-01
9.712168823439735199e-01
9.712325947418873895e-01
9.712483068856395674e-01
9.712640187752425991e-01
9.712797304107085861e-01
9.712954417920500738e-01
9.713111529192791638e-01
9.713268637924082904e-01
9.713425744114498883e-01
9.713582847764161698e-01
9.713739948873194585e-01
9.713897047441720778e-01
9.714054143469864622e-01
9.714211236957747131e-01
9.714368327905493761e-01
9.714525416313227746e-01
9.714682502181070101e-01
9.714839585509145170e-01
9.714996666297577299e-01
9.715153744546488612e-01
9.715310820256001234e-01
9.715467893426240620e-01
9.715624964057327784e-01
9.715782032149387071e-01
9.715939097702541716e-01
9.716096160716913843e-01
9.716253221192627798e-01
9.716410279129805705e-01
9.716567334528570798e-01
9.716724387389046314e-01
9.716881437711355485e-01
9.717038485495620437e-01
9.717195530741966625e-01
9.717352573450513953e-01
9.717509613621387876e-01
9.717666651254709409e-01
9.717823686350604007e-01
9.717980718909192683e-01
9.718137748930598674e-01
9.718294776414946323e-01
9.718451801362356646e-01
9.718608823772953986e-01
9.718765843646860469e-01
9.718922860984199330e-01
9.719079875785093803e-01
9.719236888049666012e-01
9.719393897778040303e-01
9.719550904970338800e-01
9.719707909626683628e-01
9.719864911747198022e-01
9.720021911332006326e-01
9.720178908381229554e-01
9.720335902894990943e-01
9.720492894873413725e-01
9.720649884316621137e-01
9.720806871224734191e-01
9.720963855597878345e-01
9.721120837436174611e-01
9.721277816739746225e-01
9.721434793508715311e-01
9.721591767743206214e-01
9.721748739443339948e-01
9.721905708609239749e-01
9.722062675241029961e-01
9.722219639338830488e-01
9.722376600902766786e-01
9.722533559932959868e-01
9.722690516429532970e-01
9.722847470392608216e-01
9.723004421822308840e-01
9.723161370718758079e-01
9.723318317082078055e-01
9.723475260912390894e-01
9.723632202209819830e-01
9.723789140974486989e-01
9.723946077206515604e-01
9.724103010906027800e-01
9.724259942073145702e-01
9.724416870707993654e-01
9.724573796810692672e-01
9.724730720381365989e-01
9.724887641420136841e-01
9.725044559927126242e-01
9.725201475902456316e-01
9.725358389346252519e-01
9.725515300258634754e-01
9.725672208639726257e-01
9.725829114489649152e-01
9.725986017808526674e-01
9.726142918596480946e-01
9.726299816853635205e-01
9.726456712580110464e-01
9.726613605776029958e-01
9.726770496441516922e-01
9.726927384576692370e-01
9.727084270181678427e-01
9.727241153256599437e-01
9.727398033801576416e-01
9.727554911816732597e-01
9.727711787302188995e-01
9.727868660258069955e-01
9.728025530684495381e-01
9.728182398581589618e-01
9.728339263949474791e-01
9.728496126788271914e-01
9.728652987098105331e-01
9.728809844879094948e-01
9.728966700131365108e-01
9.729123552855036827e-01
9.729280403050233339e-01
9.729437250717076768e-01
9.729594095855689240e-01
9.729750938466191768e-01
9.729907778548708697e-01
9.730064616103359931e-01
9.730221451130269816e-01
9.730378283629560476e-01
9.730535113601352926e-01
9.730691941045769289e-01
9.730848765962932800e-01
9.731005588352964475e-01
9.731162408215987547e-01
9.731319225552124141e-01
9.731476040361496382e-01
9.731632852644225284e-01
9.731789662400432972e-01
9.731946469630243790e-01
9.732103274333777643e-01
9.732260076511157765e-01
9.732416876162505170e-01
9.732573673287943095e-01
9.732730467887593662e-01
9.732887259961576776e-01
9.733044049510017892e-01
9.733200836533035805e-01
9.733357621030754858e-01
9.733514403003296067e-01
9.733671182450781556e-01
9.733827959373333449e-01
9.733984733771072761e-01
9.734141505644122727e-01
9.734298274992605471e-01
9.734455041816642007e-01
9.734611806116354460e-01
9.734768567891866065e-01
9.734925327143296725e-01
9.735082083870769676e-01
9.735238838074405932e-01
9.735395589754328727e-01
9.735552338910657966e-01
9.735709085543517993e-01
9.735865829653028714e-01
9.736022571239312251e-01
9.736179310302491841e-01
9.736336046842687386e-01
9.736492780860022123e-01
9.736649512354618174e-01
9.736806241326595446e-01
9.736962967776077171e-01
9.737119691703185476e-01
9.737276413108041373e-01
9.737433131990765878e-01
9.737589848351482225e-01
9.737746562190312538e-01
9.737903273507376722e-01
9.738059982302798012e-01
9.738216688576696312e-01
9.738373392329195966e-01
9.738530093560416878e-01
9.738686792270481174e-01
9.738843488459509867e-01
9.739000182127626193e-01
9.739156873274950055e-01
9.739313561901604688e-01
9.739470248007711106e-01
9.739626931593390324e-01
9.739783612658764467e-01
9.739940291203955658e-01
9.740096967229083802e-01
9.740253640734273244e-01
9.740410311719642777e-01
9.740566980185316748e-01
9.740723646131413949e-01
9.740880309558057615e-01
9.741036970465368761e-01
9.741193628853469511e-01
9.741350284722479769e-01
9.741506938072523880e-01
9.741663588903720639e-01
9.741820237216192169e-01
9.741976883010061705e-01
9.742133526285448042e-01
9.742290167042474414e-01
9.742446805281262945e-01
9.742603441001932429e-01
9.742760074204607212e-01
9.742916704889406088e-01
9.743073333056453400e-01
9.743229958705867944e-01
9.743386581837771843e-01
9.743543202452287222e-01
9.743699820549535096e-01
9.743856436129636478e-01
9.744013049192713494e-01
9.744169659738886047e-01
9.744326267768277372e-01
9.744482873281007373e-01
9.744639476277198176e-01
9.744796076756970793e-01
9.744952674720446240e-01
9.745109270167746640e-01
9.745265863098991899e-01
9.745422453514304140e-01
9.745579041413805488e-01
9.745735626797615847e-01
9.745892209665857342e-01
9.746048790018649877e-01
9.746205367856116686e-01
9.746361943178376563e-01
9.746518515985552744e-01
9.746675086277766242e-01
9.746831654055136962e-01
9.746988219317787028e-01
9.747144782065837454e-01
9.747301342299410365e-01
9.747457900018624555e-01
9.747614455223603258e-01
9.747771007914466379e-01
9.747927558091336042e-01
9.748084105754332152e-01
9.748240650903576832e-01
9.748397193539191097e-01
9.748553733661295961e-01
9.748710271270011329e-01
9.748866806365460436e-01
9.749023338947762074e-01
9.749179869017039479e-01
9.749336396573411445e-01
9.749492921617000096e-01
9.749649444147927557e-01
9.749805964166312622e-01
9.749962481672277415e-01
9.750118996665942950e-01
9.750275509147430242e-01
9.750432019116860305e-01
9.750588526574354153e-01
9.750745031520031691e-01
9.750901533954016154e-01
9.751058033876425224e-01
9.751214531287382137e-01
9.751371026187007907e-01
9.751527518575422437e-01
9.751684008452746744e-01
9.751840495819101839e-01
9.751996980674608739e-01
9.752153463019387347e-01
9.752309942853559788e-01
9.752466420177247075e-01
9.752622894990569113e-01
9.752779367293646917e-01
9.752935837086601500e-01
9.753092304369553878e-01
9.753248769142623953e-01
9.753405231405933851e-01
9.753561691159602365e-01
9.753718148403752730e-01
9.753874603138503740e-01
9.754031055363976410e-01
9.754187505080292864e-01
9.754343952287571895e-01
9.754500396985935629e-01
9.754656839175505079e-01
9.754813278856399039e-01
9.754969716028739635e-01
9.755126150692646769e-01
9.755282582848242567e-01
9.755439012495645823e-01
9.755595439634978661e-01
9.755751864266359874e-01
9.755908286389912698e-01
9.756064706005754816e-01
9.756221123114009464e-01
9.756377537714796544e-01
9.756533949808234851e-01
9.756690359394447620e-01
9.756846766473553645e-01
9.757003171045673939e-01
9.757159573110928408e-01
9.757315972669439175e-01
9.757472369721325034e-01
9.757628764266708110e-01
9.757785156305707197e-01
9.757941545838444419e-01
9.758097932865039681e-01
9.758254317385612886e-01
9.758410699400285049e-01
9.758567078909177184e-01
9.758723455912408085e-01
9.758879830410099876e-01
9.759036202402371352e-01
9.759192571889344636e-01
9.759348938871139634e-01
9.759505303347876248e-01
9.759661665319675494e-01
9.759818024786656165e-01
9.759974381748941497e-01
9.760130736206649171e-01
9.760287088159900204e-01
9.760443437608816719e-01
9.760599784553516400e-01
9.760756128994121372e-01
9.760912470930751539e-01
9.761068810363526804e-01
9.761225147292567073e-01
9.761381481717994468e-01
9.761537813639927785e-01
9.761694143058486928e-01
9.761850469973794020e-01
9.762006794385966746e-01
9.762163116295127230e-01
9.762319435701395376e-01
9.762475752604891088e-01
9.762632067005734271e-01
9.762788378904045938e-01
9.762944688299945994e-01
9.763100995193554343e-01
9.763257299584991999e-01
9.763413601474377757e-01
9.763569900861832629e-01
9.763726197747476521e-01
9.763882492131429336e-01
9.764038784013810979e-01
9.764195073394743574e-01
9.764351360274344804e-01
9.764507644652735685e-01
9.764663926530036120e-01
9.764820205906367123e-01
9.764976482781847489e-01
9.765132757156598231e-01
9.765289029030738144e-01
9.765445298404388241e-01
9.765601565277668428e-01
9.765757829650698607e-01
9.765914091523599794e-01
9.766070350896489671e-01
9.766226607769490364e-01
9.766382862142720667e-01
9.766539114016301593e-01
9.766695363390351936e-01
9.766851610264992711e-01
9.767007854640342712e-01
9.767164096516522953e-01
9.767320335893652228e-01
9.767476572771851551e-01
9.767632807151239716e-01
9.767789039031937737e-01
9.767945268414065518e-01
9.768101495297741854e-01
9.768257719683087759e-01
9.768413941570222025e-01
9.768570160959265669e-01
9.768726377850337483e-01
9.768882592243557372e-01
9.769038804139045240e-01
9.769195013536920991e-01
9.769351220437305638e-01
9.769507424840316867e-01
9.769663626746075691e-01
9.769819826154702014e-01
9.769976023066314630e-01
9.770132217481034553e-01
9.770288409398980578e-01
9.770444598820272608e-01
9.770600785745030548e-01
9.770756970173373190e-01
9.770913152105422661e-01
9.771069331541295533e-01
9.771225508481113931e-01
9.771381682924995538e-01
9.771537854873062479e-01
9.771694024325432437e-01
9.771850191282225317e-01
9.772006355743561024e-01
9.772162517709559459e-01
9.772318677180339419e-01
9.772474834156021917e-01
9.772630988636725746e-01
9.772787140622569702e-01
9.772943290113674797e-01
9.773099437110159826e-01
9.773255581612143583e-01
9.773411723619747082e-01
9.773567863133090228e-01
9.773724000152290703e-01
9.773880134677468412e-01
9.774036266708743259e-01
9.774192396246236259e-01
9.774348523290063984e-01
9.774504647840348559e-01
9.774660769897207668e-01
9.774816889460761216e-01
9.774973006531129105e-01
9.775129121108430130e-01
9.775285233192784196e-01
9.775441342784311205e-01
9.775597449883129952e-01
9.775753554489359232e-01
9.775909656603120057e-01
9.776065756224530112e-01
9.776221853353710411e-01
9.776377947990778638e-01
9.776534040135854697e-01
9.776690129789058492e-01
9.776846216950508817e-01
9.777002301620325575e-01
9.777158383798628671e-01
9.777314463485534679e-01
9.777470540681165723e-01
9.777626615385640596e-01
9.777782687599076983e-01
9.777938757321595897e-01
9.778094824553315023e-01
9.778250889294355375e-01
9.778406951544834635e-01
9.778563011304873820e-01
9.778719068574590612e-01
9.778875123354104915e-01
9.779031175643534413e-01
9.779187225443001230e-01
9.779343272752621941e-01
9.779499317572517558e-01
9.779655359902805767e-01
9.779811399743606470e-01
9.779967437095038463e-01
9.780123471957220538e-01
9.780279504330273710e-01
9.780435534214315663e-01
9.780591561609465190e-01
9.780747586515841085e-01
9.780903608933564364e-01
9.781059628862752708e-01
9.781215646303524913e-01
9.781371661256000882e-01
9.781527673720299410e-01
9.781683683696539289e-01
9.781839691184839314e-01
9.781995696185319389e-01
9.782151698698098308e-01
9.782307698723294864e-01
9.782463696261027852e-01
9.782619691311416066e-01
9.782775683874578299e-01
9.782931673950635565e-01
9.783087661539704438e-01
9.783243646641904823e-01
9.783399629257355512e-01
9.783555609386175300e-01
9.783711587028482981e-01
9.783867562184398459e-01
9.784023534854040527e-01
9.784179505037525759e-01
9.784335472734976280e-01
9.784491437946508663e-01
9.784647400672242812e-01
9.784803360912297521e-01
9.784959318666791583e-01
9.785115273935843794e-01
9.785271226719572946e-01
9.785427177018096723e-01
9.785583124831536139e-01
9.785739070160008879e-01
9.785895013003632625e-01
9.786050953362528393e-01
9.786206891236812755e-01
9.786362826626606726e-01
9.786518759532026879e-01
9.786674689953193118e-01
9.786830617890224238e-01
9.786986543343239031e-01
9.787142466312355182e-01
9.787298386797692595e-01
9.787454304799368954e-01
9.787610220317503051e-01
9.787766133352214792e-01
9.787922043903621860e-01
9.788077951971843049e-01
9.788233857556997153e-01
9.788389760659201855e-01
9.788545661278577059e-01
9.788701559415241560e-01
9.788857455069313040e-01
9.789013348240909185e-01
9.789169238930151007e-01
9.789325127137155080e-01
9.789481012862041309e-01
9.789636896104927377e-01
9.789792776865932078e-01
9.789948655145174206e-01
9.790104530942772554e-01
9.790260404258844806e-01
9.790416275093509757e-01
9.790572143446886200e-01
9.790728009319091818e-01
9.790883872710246516e-01
9.791039733620467977e-01
9.791195592049873886e-01
9.791351447998584145e-01
9.791507301466716440e-01
9.791663152454389563e-01
9.791819000961721198e-01
9.791974846988830139e-01
9.792130690535835180e-01
9.792286531602854005e-01
9.792442370190006518e-01
9.792598206297409291e-01
9.792754039925181120e-01
9.792909871073441908e-01
9.793065699742307118e-01
9.793221525931897764e-01
9.793377349642331531e-01
9.793533170873726101e-01
9.793688989626199159e-01
9.793844805899870609e-01
9.794000619694858134e-01
9.794156431011279418e-01
9.794312239849254365e-01
9.794468046208899548e-01
9.794623850090333761e-01
9.794779651493675798e-01
9.794935450419042233e-01
9.795091246866552970e-01
9.795247040836326802e-01
9.795402832328480303e-01
9.795558621343131156e-01
9.795714407880400376e-01
9.795870191940403426e-01
9.796025973523259101e-01
9.796181752629087303e-01
9.796337529258003496e-01
9.796493303410127584e-01
9.796649075085577252e-01
9.796804844284471292e-01
9.796960611006926278e-01
9.797116375253062115e-01
9.797272137022995375e-01
9.797427896316844853e-01
9.797583653134728232e-01
9.797739407476764306e-01
9.797895159343070759e-01
9.798050908733765274e-01
9.798206655648966645e-01
9.798362400088792556e-01
9.798518142053360691e-01
9.798673881542789843e-01
9.798829618557196586e-01
9.798985353096700823e-01
9.799141085161419129e-01
9.799296814751470297e-01
9.799452541866972011e-01
9.799608266508040844e-01
9.799763988674797810e-01
9.799919708367358373e-01
9.800075425585840216e-01
9.800231140330363244e-01
9.800386852601044030e-01
9.800542562398001367e-01
9.800698269721351830e-01
9.800853974571214211e-01
9.801009676947706195e-01
9.801165376850945465e-01
9.801321074281050816e-01
9.801476769238138820e-01
9.801632461722328271e-01
9.801788151733735743e-01
9.801943839272481140e-01
9.802099524338679926e-01
9.802255206932450893e-01
9.802410887053912836e-01
9.802566564703182328e-01
9.802722239880377053e-01
9.802877912585614695e-01
9.803033582819015157e-01
9.803189250580692793e-01
9.803344915870767506e-01
9.803500578689356981e-01
9.803656239036578901e-01
9.803811896912549839e-01
9.803967552317387479e-01
9.804123205251211726e-01
9.804278855714138041e-01
9.804434503706285220e-01
9.804590149227769835e-01
9.804745792278710681e-01
9.804901432859225441e-01
9.805057070969430688e-01
9.805212706609444107e-01
9.805368339779384490e-01
9.805523970479369522e-01
9.805679598709514666e-01
9.805835224469939826e-01
9.805990847760761575e-01
9.806146468582096487e-01
9.806302086934064466e-01
9.806457702816780975e-01
9.806613316230364807e-01
9.806768927174932537e-01
9.806924535650602959e-01
9.807080141657491534e-01
9.807235745195718168e-01
9.807391346265399434e-01
9.807546944866651906e-01
9.807702540999593266e-01
9.807858134664342309e-01
9.808013725861015608e-01
9.808169314589729737e-01
9.808324900850603489e-01
9.808480484643754549e-01
9.808636065969298379e-01
9.808791644827354883e-01
9.808947221218039525e-01
9.809102795141469988e-01
9.809258366597765066e-01
9.809413935587040223e-01
9.809569502109414252e-01
9.809725066165002616e-01
9.809880627753925220e-01
9.810036186876298636e-01
9.810191743532238329e-01
9.810347297721864201e-01
9.810502849445291718e-01
9.810658398702638561e-01
9.810813945494022414e-01
9.810969489819560962e-01
9.811125031679369668e-01
9.811280571073568435e-01
9.811436108002272727e-01
9.811591642465600227e-01
9.811747174463667509e-01
9.811902703996592257e-01
9.812058231064492153e-01
9.812213755667484882e-01
9.812369277805685908e-01
9.812524797479214023e-01
9.812680314688184691e-01
9.812835829432716706e-01
9.812991341712926641e-01
9.813146851528931069e-01
9.813302358880848786e-01
9.813457863768794143e-01
9.813613366192887044e-01
9.813768866153244064e-01
9.813924363649980664e-01
9.814079858683215640e-01
9.814235351253064454e-01
9.814390841359645901e-01
9.814546329003076552e-01
9.814701814183471873e-01
9.814857296900951766e-01
9.815012777155630586e-01
9.815168254947627124e-01
9.815323730277057956e-01
9.815479203144039655e-01
9.815634673548688793e-01
9.815790141491124166e-01
9.815945606971461235e-01
9.816101069989817685e-01
9.816256530546308978e-01
9.816411988641053910e-01
9.816567444274169052e-01
9.816722897445770979e-01
9.816878348155976264e-01
9.817033796404902590e-01
9.817189242192666532e-01
9.817344685519385772e-01
9.817500126385174664e-01
9.817655564790153111e-01
9.817811000734436577e-01
9.817966434218141636e-01
9.818121865241385970e-01
9.818277293804285044e-01
9.818432719906957651e-01
9.818588143549519254e-01
9.818743564732086426e-01
9.818898983454776852e-01
9.819054399717707105e-01
9.819209813520994867e-01
9.819365224864754493e-01
9.819520633749104777e-01
9.819676040174162290e-01
9.819831444140042498e-01
9.819986845646864193e-01
9.820142244694741729e-01
9.820297641283793899e-01
9.820453035414136167e-01
9.820608427085885106e-01
9.820763816299159510e-01
9.820919203054072621e-01
9.821074587350744345e-01
9.821229969189289033e-01
9.821385348569825480e-01
9.821540725492468038e-01
9.821696099957334392e-01
9.821851471964542224e-01
9.822006841514205888e-01
9.822162208606444178e-01
9.822317573241372557e-01
9.822472935419107598e-01
9.822628295139766985e-01
9.822783652403465071e-01
9.822939007210320650e-01
9.823094359560449185e-01
9.823249709453967249e-01
9.823405056890992526e-01
9.823560401871639369e-01
9.823715744396026572e-01
9.823871084464268488e-01
9.824026422076483911e-01
9.824181757232787193e-01
9.824337089933296019e-01
9.824492420178126961e-01
9.824647747967395484e-01
9.824803073301219269e-01
9.824958396179713782e-01
9.825113716602995595e-01
9.825269034571182392e-01
9.825424350084388525e-01
9.825579663142731679e-01
9.825734973746328427e-01
9.825890281895294232e-01
9.826045587589746777e-01
9.826200890829801526e-01
9.826356191615575053e-01
9.826511489947182820e-01
9.826666785824742512e-01
9.826822079248369590e-01
9.826977370218181740e-01
9.827132658734293313e-01
9.827287944796821995e-01
9.827443228405883247e-01
9.827598509561593643e-01
9.827753788264069756e-01
9.827909064513428161e-01
9.828064338309784320e-01
9.828219609653254807e-01
9.828374878543956195e-01
9.828530144982003947e-01
9.828685408967514636e-01
9.828840670500604837e-01
9.828995929581390012e-01
9.829151186209987845e-01
9.829306440386512689e-01
9.829461692111081117e-01
9.829616941383810813e-01
9.829772188204816130e-01
9.829927432574214752e-01
9.830082674492121031e-01
9.830237913958652651e-01
9.830393150973925076e-01
9.830548385538053768e-01
9.830703617651156412e-01
9.830858847313348470e-01
9.831014074524745405e-01
9.831169299285463792e-01
9.831324521595619093e-01
9.831479741455327881e-01
9.831634958864706730e-01
9.831790173823871104e-01
9.831945386332937575e-01
9.832100596392020497e-01
9.832255804001237554e-01
9.832411009160705317e-01
9.832566211870537032e-01
9.832721412130851490e-01
9.832876609941763046e-01
9.833031805303388273e-01
9.833186998215842634e-01
9.833342188679243812e-01
9.833497376693705050e-01
9.833652562259344032e-01
9.833807745376276221e-01
9.833962926044618191e-01
9.834118104264484295e-01
9.834273280035992215e-01
9.834428453359256306e-01
9.834583624234394250e-01
9.834738792661519291e-01
9.834893958640750222e-01
9.835049122172200287e-01
9.835204283255987168e-01
9.835359441892226329e-01
9.835514598081032123e-01
9.835669751822522233e-01
9.835824903116812123e-01
9.835980051964017257e-01
9.836135198364253096e-01
9.836290342317635105e-01
9.836445483824279856e-01
9.836600622884303924e-01
9.836755759497820550e-01
9.836910893664948530e-01
9.837066025385801105e-01
9.837221154660494848e-01
9.837376281489146335e-01
9.837531405871868806e-01
9.837686527808781056e-01
9.837841647299997438e-01
9.837996764345632306e-01
9.838151878945803341e-01
9.838306991100626009e-01
9.838462100810214661e-01
9.838617208074684761e-01
9.838772312894153993e-01
9.838927415268736709e-01
9.839082515198548373e-01
9.839237612683704448e-01
9.839392707724321507e-01
9.839547800320513904e-01
9.839702890472398211e-01
9.839857978180089892e-01
9.840013063443703301e-01
9.840168146263355009e-01
9.840323226639161591e-01
9.840478304571236290e-01
9.840633380059696789e-01
9.840788453104656330e-01
9.840943523706232599e-01
9.841098591864539946e-01
9.841253657579693837e-01
9.841408720851809733e-01
9.841563781681004208e-01
9.841718840067391616e-01
9.841873896011087419e-01
9.842028949512207081e-01
9.842184000570866065e-01
9.842339049187179834e-01
9.842494095361264961e-01
9.842649139093234689e-01
9.842804180383205592e-01
9.842959219231294243e-01
9.843114255637613885e-01
9.843269289602279981e-01
9.843424321125410215e-01
9.843579350207116718e-01
9.843734376847518286e-01
9.843889401046727050e-01
9.844044422804860694e-01
9.844199442122032462e-01
9.844354458998360036e-01
9.844509473433956659e-01
9.844664485428937795e-01
9.844819494983420016e-01
9.844974502097518787e-01
9.845129506771347350e-01
9.845284509005022278e-01
9.845439508798659034e-01
9.845594506152371972e-01
9.845749501066276554e-01
9.845904493540488245e-01
9.846059483575122506e-01
9.846214471170293692e-01
9.846369456326118375e-01
9.846524439042709798e-01
9.846679419320184534e-01
9.846834397158658048e-01
9.846989372558244691e-01
9.847144345519058817e-01
9.847299316041216999e-01
9.847454284124834700e-01
9.847609249770025164e-01
9.847764212976904963e-01
9.847919173745588450e-01
9.848074132076191090e-01
9.848229087968828344e-01
9.848384041423614566e-01
9.848538992440664108e-01
9.848693941020093545e-01
9.848848887162018340e-01
9.849003830866550624e-01
9.849158772133809192e-01
9.849313710963906177e-01
9.849468647356957041e-01
9.849623581313078358e-01
9.849778512832383370e-01
9.849933441914988652e-01
9.850088368561007446e-01
9.850243292770555215e-01
9.850398214543747422e-01
9.850553133880699530e-01
9.850708050781524783e-01
9.850862965246339753e-01
9.851017877275258794e-01
9.851172786868396258e-01
9.851327694025867610e-01
9.851482598747787200e-01
9.851637501034271605e-01
9.851792400885432954e-01
9.851947298301387823e-01
9.852102193282251674e-01
9.852257085828136640e-01
9.852411975939160405e-01
9.852566863615437320e-01
9.852721748857080630e-01
9.852876631664206908e-01
9.853031512036929396e-01
9.853186389975364667e-01
9.853341265479625966e-01
9.853496138549828753e-01
9.853651009186086274e-01
9.853805877388516210e-01
9.853960743157230695e-01
9.854115606492346302e-01
9.854270467393976274e-01
9.854425325862237184e-01
9.854580181897241165e-01
9.854735035499104789e-01
9.854889886667942411e-01
9.855044735403868383e-01
9.855199581706997058e-01
9.855354425577443900e-01
9.855509267015323260e-01
9.855664106020749493e-01
9.855818942593838061e-01
9.855973776734702207e-01
9.856128608443458505e-01
9.856283437720219087e-01
9.856438264565100527e-01
9.856593088978217176e-01
9.856747910959682279e-01
9.856902730509612409e-01
9.857057547628119698e-01
9.857212362315320719e-01
9.857367174571329826e-01
9.857521984396260262e-01
9.857676791790227488e-01
9.857831596753345860e-01
9.857986399285730839e-01
9.858141199387494558e-01
9.858295997058753590e-01
9.858450792299622290e-01
9.858605585110213898e-01
9.858760375490643879e-01
9.858915163441025475e-01
9.859069948961475260e-01
9.859224732052105367e-01
9.859379512713032367e-01
9.859534290944368395e-01
9.859689066746230024e-01
9.859843840118730496e-01
9.859998611061984164e-01
9.860153379576106492e-01
9.860308145661210721e-01
9.860462909317411206e-01
9.860617670544822300e-01
9.860772429343558354e-01
9.860927185713734833e-01
9.861081939655464979e-01
9.861236691168863144e-01
9.861391440254044793e-01
9.861546186911122058e-01
9.861700931140211512e-01
9.861855672941425288e-01
9.862010412314879959e-01
9.862165149260687658e-01
9.862319883778963847e-01
9.862474615869822880e-01
9.862629345533378000e-01
9.862784072769743560e-01
9.862938797579035022e-01
9.863093519961366740e-01
9.863248239916850846e-01
9.863402957445602803e-01
9.863557672547736965e-01
9.863712385223366574e-01
9.863867095472607094e-01
9.864021803295571766e-01
9.864176508692376055e-01
9.864331211663132093e-01
9.864485912207955343e-01
9.864640610326959047e-01
9.864795306020258669e-01
9.864949999287966342e-01
9.865104690130197529e-01
9.865259378547066582e-01
9.865414064538687855e-01
9.865568748105173480e-01
9.865723429246638920e-01
9.865878107963197419e-01
9.866032784254964438e-01
9.866187458122053222e-01
9.866342129564577013e-01
9.866496798582651273e-01
9.866651465176389246e-01
9.866806129345904175e-01
9.866960791091311522e-01
9.867115450412724531e-01
9.867270107310256444e-01
9.867424761784022724e-01
9.867579413834136615e-01
9.867734063460711358e-01
9.867888710663862417e-01
9.868043355443703035e-01
9.868197997800345345e-01
9.868352637733905919e-01
9.868507275244498000e-01
9.868661910332234832e-01
9.868816542997229657e-01
9.868971173239597938e-01
9.869125801059452918e-01
9.869280426456908950e-01
9.869435049432078166e-01
9.869589669985076030e-01
9.869744288116015785e-01
9.869898903825011782e-01
9.870053517112176156e-01
9.870208127977624368e-01
9.870362736421470773e-01
9.870517342443827502e-01
9.870671946044808909e-01
9.870826547224528236e-01
9.870981145983100946e-01
9.871135742320638062e-01
9.871290336237256158e-01
9.871444927733067365e-01
9.871599516808186037e-01
9.871754103462725416e-01
9.871908687696799856e-01
9.872063269510521488e-01
9.872217848904005777e-01
9.872372425877365965e-01
9.872527000430715294e-01
9.872681572564168118e-01
9.872836142277836569e-01
9.872990709571836110e-01
9.873145274446278874e-01
9.873299836901279214e-01
9.873454396936950372e-01
9.873608954553406702e-01
9.873763509750761447e-01
9.873918062529128958e-01
9.874072612888620259e-01
9.874227160829351924e-01
9.874381706351434973e-01
9.874536249454984871e-01
9.874690790140114860e-01
9.874845328406938183e-01
9.874999864255568083e-01
9.875154397686117802e-01
9.875308928698701694e-01
9.875463457293431890e-01
9.875617983470423855e-01
9.875772507229790831e-01
9.875927028571643840e-01
9.876081547496099455e-01
9.876236064003268700e-01
9.876390578093265926e-01
9.876545089766205487e-01
9.876699599022199516e-01
9.876854105861362365e-01
9.877008610283806167e-01
9.877163112289646385e-01
9.877317611878994041e-01
9.877472109051964599e-01
9.877626603808669081e-01
9.877781096149222950e-01
9.877935586073739449e-01
9.878090073582330710e-01
9.878244558675111087e-01
9.878399041352192711e-01
9.878553521613691046e-01
9.878707999459717115e-01
9.878862474890385270e-01
9.879016947905808754e-01
9.879171418506100810e-01
9.879325886691374681e-01
9.879480352461743609e-01
9.879634815817320836e-01
9.879789276758219607e-01
9.879943735284553163e-01
9.880098191396435858e-01
9.880252645093978714e-01
9.880407096377296083e-01
9.880561545246502320e-01
9.880715991701708445e-01
9.880870435743028812e-01
9.881024877370576665e-01
9.881179316584464134e-01
9.881333753384806684e-01
9.881488187771715337e-01
9.881642619745303335e-01
9.881797049305685032e-01
9.881951476452972560e-01
9.882105901187279162e-01
9.882260323508719191e-01
9.882414743417403669e-01
9.882569160913446948e-01
9.882723575996962273e-01
9.882877988668062885e-01
9.883032398926859807e-01
9.883186806773468502e-01
9.883341212208001103e-01
9.883495615230569742e-01
9.883650015841289882e-01
9.883804414040271435e-01
9.883958809827629866e-01
9.884113203203477305e-01
9.884267594167926996e-01
9.884421982721091071e-01
9.884576368863082774e-01
9.884730752594016456e-01
9.884885133914003141e-01
9.885039512823157182e-01
9.885193889321590710e-01
9.885348263409416969e-01
9.885502635086748091e-01
9.885657004353699540e-01
9.885811371210381227e-01
9.885965735656907505e-01
9.886120097693390507e-01
9.886274457319943476e-01
9.886428814536679655e-01
9.886583169343712285e-01
9.886737521741153500e-01
9.886891871729115433e-01
9.887046219307712436e-01
9.887200564477056641e-01
9.887354907237260182e-01
9.887509247588437411e-01
9.887663585530699351e-01
9.887817921064160354e-01
9.887972254188932553e-01
9.888126584905128080e-01
9.888280913212860179e-01
9.888435239112242092e-01
9.888589562603387062e-01
9.888743883686406111e-01
9.888898202361412482e-01
9.889052518628519417e-01
9.889206832487840160e-01
9.889361143939485732e-01
9.889515452983570487e-01
9.889669759620206557e-01
9.889824063849506075e-01
9.889978365671582283e-01
9.890132665086548425e-01
9.890286962094515522e-01
9.890441256695596817e-01
9.890595548889905553e-01
9.890749838677553862e-01
9.890904126058654988e-01
9.891058411033321063e-01
9.891212693601664219e-01
9.891366973763797699e-01
9.891521251519833635e-01
9.891675526869885271e-01
9.891829799814064739e-01
9.891984070352484171e-01
9.892138338485256810e-01
9.892292604212494789e-01
9.892446867534311350e-01
9.892601128450818626e-01
9.892755386962127639e-01
9.892909643068352743e-01
9.893063896769606069e-01
9.893218148065999751e-01
9.893372396957647030e-01
9.893526643444658930e-01
9.893680887527148693e-01
9.893835129205229562e-01
9.893989368479012558e-01
9.894143605348610926e-01
9.894297839814136797e-01
9.894452071875703414e-01
9.894606301533421799e-01
9.894760528787405196e-01
9.894914753637765736e-01
9.895068976084616663e-01
9.895223196128068999e-01
9.895377413768234875e-01
9.895531629005228647e-01
9.895685841839160224e-01
9.895840052270143961e-01
9.895994260298291989e-01
9.896148465923715332e-01
9.896302669146527231e-01
9.896456869966838710e-01
9.896611068384764121e-01
9.896765264400414486e-01
9.896919458013903048e-01
9.897073649225339720e-01
9.897227838034839964e-01
9.897382024442513693e-01
9.897536208448474149e-01
9.897690390052832354e-01
9.897844569255702663e-01
9.897998746057194985e-01
9.898152920457423676e-01
9.898307092456499756e-01
9.898461262054535359e-01
9.898615429251642617e-01
9.898769594047933662e-01
9.898923756443521738e-01
9.899077916438517866e-01
9.899232074033034179e-01
9.899386229227182810e-01
9.899540382021077001e-01
9.899694532414827775e-01
9.899848680408547263e-01
9.900002826002348710e-01
9.900156969196342027e-01
9.900311109990641567e-01
9.900465248385358352e-01
9.900619384380603405e-01
9.900773517976491078e-01
9.900927649173132394e-01
9.901081777970638376e-01
9.901235904369122265e-01
9.901390028368695084e-01
9.901544149969470077e-01
9.901698269171559375e-01
9.901852385975072890e-01
9.902006500380124976e-01
9.902160612386825544e-01
9.902314721995288949e-01
9.902468829205623990e-01
9.902622934017946132e-01
9.902777036432365287e-01
9.902931136448992477e-01
9.903085234067942055e-01
9.903239329289325044e-01
9.903393422113252464e-01
9.903547512539836450e-01
9.903701600569190244e-01
9.903855686201423758e-01
9.904009769436650235e-01
9.904163850274980696e-01
9.904317928716528385e-01
9.904472004761403214e-01
9.904626078409718426e-01
9.904780149661585043e-01
9.904934218517115196e-01
9.905088284976422131e-01
9.905242349039614647e-01
9.905396410706807098e-01
9.905550469978109396e-01
9.905704526853634784e-01
9.905858581333495394e-01
9.906012633417801139e-01
9.906166683106665261e-01
9.906320730400197672e-01
9.906474775298512725e-01
9.906628817801720333e-01
9.906782857909932627e-01
9.906936895623261741e-01
9.907090930941818696e-01
9.907244963865715626e-01
9.907398994395063552e-01
9.907553022529975717e-01
9.907707048270562034e-01
9.907861071616934634e-01
9.908015092569205651e-01
9.908169111127486106e-01
9.908323127291889243e-01
9.908477141062523863e-01
9.908631152439504319e-01
9.908785161422940524e-01
9.908939168012944609e-01
9.909093172209627598e-01
9.909247174013102732e-01
9.909401173423479925e-01
9.909555170440870198e-01
9.909709165065387904e-01
9.909863157297141845e-01
9.910017147136244153e-01
9.910171134582806962e-01
9.910325119636942404e-01
9.910479102298760390e-01
9.910633082568373053e-01
9.910787060445892527e-01
9.910941035931429832e-01
9.911095009025095992e-01
9.911248979727003139e-01
9.911402948037262295e-01
9.911556913955984482e-01
9.911710877483281834e-01
9.911864838619266482e-01
9.912018797364048339e-01
9.912172753717739537e-01
9.912326707680452209e-01
9.912480659252296267e-01
9.912634608433383843e-01
9.912788555223825959e-01
9.912942499623734749e-01
9.913096441633221234e-01
9.913250381252396437e-01
9.913404318481372490e-01
9.913558253320259306e-01
9.913712185769169016e-01
9.913866115828213754e-01
9.914020043497503432e-01
9.914173968777150181e-01
9.914327891667265025e-01
9.914481812167960095e-01
9.914635730279344195e-01
9.914789646001531676e-01
9.914943559334631340e-01
9.915097470278756431e-01
9.915251378834016860e-01
9.915405285000524760e-01
9.915559188778390043e-01
9.915713090167724841e-01
9.915866989168640178e-01
9.916020885781247074e-01
9.916174780005657663e-01
9.916328671841981857e-01
9.916482561290330677e-01
9.916636448350817368e-01
9.916790333023550730e-01
9.916944215308642896e-01
9.917098095206205999e-01
9.917251972716348840e-01
9.917405847839184663e-01
9.917559720574823379e-01
9.917713590923376010e-01
9.917867458884954690e-01
9.918021324459669330e-01
9.918175187647632063e-01
9.918329048448953911e-01
9.918482906863744786e-01
9.918636762892116820e-01
9.918790616534179927e-01
9.918944467790046238e-01
9.919098316659826775e-01
9.919252163143632561e-01
9.919406007241573509e-01
9.919559848953760639e-01
9.919713688280307196e-01
9.919867525221321980e-01
9.920021359776916015e-01
9.920175191947201432e-01
9.920329021732288144e-01
9.920482849132288283e-01
9.920636674147311762e-01
9.920790496777469603e-01
9.920944317022872827e-01
9.921098134883632458e-01
9.921251950359859517e-01
9.921405763451665027e-01
9.921559574159158901e-01
9.921713382482453270e-01
9.921867188421658046e-01
9.922020991976884252e-01
9.922174793148244021e-01
9.922328591935846154e-01
9.922482388339802784e-01
9.922636182360224932e-01
9.922789973997222512e-01
9.922943763250906546e-01
9.923097550121388055e-01
9.923251334608778063e-01
9.923405116713187590e-01
9.923558896434725440e-01
9.923712673773504855e-01
9.923866448729635747e-01
9.924020221303228029e-01
9.924173991494393832e-01
9.924327759303243068e-01
9.924481524729885651e-01
9.924635287774433712e-01
9.924789048436998273e-01
9.924942806717688137e-01
9.925096562616615437e-01
9.925250316133890083e-01
9.925404067269624209e-01
9.925557816023926616e-01
9.925711562396908327e-01
9.925865306388681475e-01
9.926019047999354861e-01
9.926172787229039507e-01
9.926326524077847546e-01
9.926480258545887780e-01
9.926633990633271232e-01
9.926787720340108923e-01
9.926941447666511875e-01
9.927095172612588891e-01
9.927248895178452104e-01
9.927402615364212535e-01
9.927556333169978986e-01
9.927710048595862480e-01
9.927863761641975149e-01
9.928017472308425795e-01
9.928171180595325440e-01
9.928324886502783997e-01
9.928478590030913598e-01
9.928632291179823044e-01
9.928785989949623358e-01
9.928939686340425563e-01
9.929093380352339571e-01
9.929247071985476403e-01
9.929400761239944861e-01
9.929554448115858190e-01
9.929708132613324079e-01
9.929861814732454661e-01
9.930015494473359849e-01
9.930169171836149555e-01
9.930322846820934801e-01
9.930476519427825499e-01
9.930630189656932671e-01
9.930783857508366230e-01
9.930937522982236088e-01
9.931091186078654376e-01
9.931244846797728787e-01
9.931398505139571453e-01
9.931552161104293397e-01
9.931705814692003420e-01
9.931859465902811435e-01
9.932013114736829573e-01
9.932166761194166638e-01
9.932320405274933650e-01
9.932474046979240523e-01
9.932627686307197168e-01
9.932781323258915718e-01
9.932934957834503864e-01
9.933088590034073739e-01
9.933242219857734145e-01
9.933395847305596105e-01
9.933549472377770639e-01
9.933703095074366551e-01
9.933856715395494863e-01
9.934010333341264376e-01
9.934163948911788333e-01
9.934317562107173316e-01
9.934471172927531457e-01
9.934624781372972668e-01
9.934778387443607972e-01
9.934931991139545060e-01
9.935085592460896065e-01
9.935239191407770898e-01
9.935392787980279472e-01
9.935546382178531699e-01
9.935699974002637491e-01
9.935853563452707871e-01
9.936007150528851639e-01
9.936160735231179819e-01
9.936314317559802323e-01
9.936467897514829062e-01
9.936621475096369949e-01
9.936775050304534895e-01
9.936928623139434924e-01
9.937082193601178837e-01
9.937235761689876545e-01
9.937389327405639072e-01
9.937542890748576330e-01
9.937696451718797119e-01
9.937850010316413574e-01
9.938003566541533385e-01
9.938157120394267574e-01
9.938310671874726054e-01
9.938464220983018738e-01
9.938617767719255536e-01
9.938771312083546361e-01
9.938924854076001125e-01
9.939078393696730851e-01
9.939231930945843230e-01
9.939385465823449284e-01
9.939538998329658925e-01
9.939692528464582066e-01
9.939846056228328619e-01
9.939999581621008495e-01
9.940153104642730497e-01
9.940306625293606757e-01
9.940460143573744967e-01
9.940613659483256148e-01
9.940767173022249104e-01
9.940920684190833745e-01
9.941074192989121094e-01
9.941227699417221064e-01
9.941381203475241346e-01
9.941534705163292962e-01
9.941688204481485824e-01
9.941841701429929845e-01
9.941995196008733826e-01
9.942148688218008790e-01
9.942302178057863538e-01
9.942455665528407982e-01
9.942609150629752035e-01
9.942762633362005609e-01
9.942916113725277505e-01
9.943069591719678746e-01
9.943223067345317023e-01
9.943376540602304470e-01
9.943530011490748777e-01
9.943683480010760967e-01
9.943836946162449841e-01
9.943990409945925313e-01
9.944143871361297293e-01
9.944297330408674584e-01
9.944450787088167099e-01
9.944604241399885858e-01
9.944757693343938554e-01
9.944911142920435099e-01
9.945064590129485405e-01
9.945218034971199383e-01
9.945371477445686947e-01
9.945524917553055788e-01
9.945678355293418038e-01
9.945831790666881389e-01
9.945985223673555753e-01
9.946138654313549932e-01
9.946292082586974947e-01
9.946445508493939602e-01
9.946598932034553808e-01
9.946752353208926367e-01
9.946905772017167191e-01
9.947059188459386192e-01
9.947212602535691062e-01
9.947366014246192822e-01
9.947519423591001386e-01
9.947672830570224445e-01
9.947826235183971910e-01
9.947979637432354805e-01
9.948133037315480820e-01
9.948286434833459868e-01
9.948439829986401861e-01
9.948593222774414491e-01
9.948746613197609889e-01
9.948900001256094638e-01
9.949053386949979760e-01
9.949206770279375167e-01
9.949360151244388550e-01
9.949513529845128712e-01
9.949666906081707785e-01
9.949820279954233460e-01
9.949973651462814539e-01
9.950127020607560935e-01
9.950280387388581449e-01
9.950433751805985993e-01
9.950587113859884481e-01
9.950740473550384602e-01
9.950893830877596269e-01
9.951047185841629394e-01
9.951200538442592780e-01
9.951353888680594117e-01
9.951507236555745539e-01
9.951660582068154737e-01
9.951813925217930512e-01
9.951967266005182777e-01
9.952120604430019224e-01
9.952273940492551985e-01
9.952427274192887641e-01
9.952580605531136104e-01
9.952733934507407287e-01
9.952887261121809992e-01
9.953040585374451910e-01
9.953193907265445173e-01
9.953347226794895253e-01
9.953500543962914282e-01
9.953653858769609952e-01
9.953807171215091065e-01
9.953960481299467533e-01
9.954113789022848158e-01
9.954267094385342851e-01
9.954420397387059305e-01
9.954573698028107431e-01
9.954726996308594922e-01
9.954880292228632799e-01
9.955033585788328754e-01
9.955186876987792699e-01
9.955340165827132326e-01
9.955493452306458657e-01
9.955646736425879384e-01
9.955800018185503308e-01
9.955953297585439232e-01
9.956106574625797068e-01
9.956259849306685616e-01
9.956413121628213680e-01
9.956566391590490062e-01
9.956719659193623562e-01
9.956872924437722983e-01
9.957026187322898236e-01
9.957179447849257015e-01
9.957332706016909230e-01
9.957485961825962573e-01
9.957639215276528066e-01
9.957792466368712292e-01
9.957945715102625162e-01
9.958098961478375477e-01
9.958252205496072040e-01
9.958405447155823653e-01
9.958558686457739118e-01
9.958711923401928345e-01
9.958865157988497918e-01
9.959018390217558858e-01
9.959171620089218857e-01
9.959324847603586717e-01
9.959478072760771239e-01
9.959631295560881226e-01
9.959784516004025479e-01
9.959937734090313910e-01
9.960090949819853101e-01
9.960244163192754074e-01
9.960397374209123411e-01
9.960550582869072134e-01
9.960703789172706824e-01
9.960856993120136282e-01
9.961010194711471533e-01
9.961163393946819156e-01
9.961316590826287953e-01
9.961469785349987838e-01
9.961622977518026500e-01
9.961776167330512743e-01
9.961929354787555368e-01
9.962082539889263177e-01
9.962235722635743862e-01
9.962388903027107334e-01
9.962542081063462396e-01
9.962695256744915628e-01
9.962848430071578054e-01
9.963001601043557365e-01
9.963154769660961252e-01
9.963307935923898517e-01
9.963461099832479073e-01
9.963614261386810611e-01
9.963767420587001933e-01
9.963920577433160730e-01
9.964073731925395805e-01
9.964226884063817069e-01
9.964380033848532214e-01
9.964533181279648932e-01
9.964686326357276025e-01
9.964839469081523404e-01
9.964992609452497652e-01
9.965145747470308679e-01
9.965298883135064179e-01
9.965452016446872952e-01
9.965605147405842690e-01
9.965758276012083305e-01
9.965911402265701380e-01
9.966064526166806825e-01
9.966217647715508443e-01
9.966370766911912815e-01
9.966523883756129853e-01
9.966676998248267250e-01
9.966830110388433805e-01
9.966983220176737213e-01
9.967136327613287383e-01
9.967289432698190899e-01
9.967442535431556561e-01
9.967595635813493171e-01
9.967748733844109532e-01
9.967901829523512225e-01
9.968054922851811162e-01
9.968208013829115144e-01
9.968361102455530753e-01
9.968514188731166792e-01
9.968667272656132061e-01
9.968820354230534253e-01
9.968973433454482169e-01
9.969126510328084612e-01
9.969279584851448162e-01
9.969432657024682731e-01
9.969585726847894902e-01
9.969738794321194586e-01
9.969891859444689475e-01
9.970044922218487260e-01
9.970197982642696743e-01
9.970351040717425617e-01
9.970504096442781572e-01
9.970657149818874521e-01
9.970810200845811044e-01
9.970963249523699945e-01
9.971116295852650024e-01
9.971269339832767864e-01
9.971422381464163376e-01
9.971575420746943141e-01
9.971728457681215962e-01
9.971881492267090641e-01
9.972034524504673758e-01
9.972187554394075226e-01
9.972340581935401627e-01
9.972493607128760651e-01
9.972646629974262211e-01
9.972799650472013999e-01
9.972952668622122596e-01
9.973105684424696804e-01
9.973258697879845425e-01
9.973411708987676150e-01
9.973564717748295561e-01
9.973717724161813569e-01
9.973870728228337867e-01
9.974023729947976147e-01
9.974176729320836099e-01
9.974329726347025415e-01
9.974482721026652898e-01
9.974635713359826239e-01
9.974788703346653129e-01
9.974941690987242371e-01
9.975094676281700545e-01
9.975247659230136454e-01
9.975400639832658900e-01
9.975553618089373353e-01
9.975706594000389726e-01
9.975859567565815711e-01
9.976012538785758998e-01
9.976165507660326170e-01
9.976318474189627139e-01
9.976471438373768486e-01
9.976624400212859012e-01
9.976777359707005299e-01
9.976930316856316150e-01
9.977083271660899255e-01
9.977236224120863417e-01
9.977389174236314107e-01
9.977542122007360126e-01
9.977695067434110276e-01
9.977848010516671140e-01
9.978000951255151518e-01
9.978153889649659103e-01
9.978306825700300475e-01
9.978459759407184437e-01
9.978612690770417570e-01
9.978765619790109787e-01
9.978918546466366557e-01
9.979071470799296684e-01
9.979224392789007858e-01
9.979377312435607772e-01
9.979530229739204117e-01
9.979683144699904584e-01
9.979836057317816866e-01
9.979988967593048654e-01
9.980141875525707640e-01
9.980294781115901515e-01
9.980447684363737970e-01
9.980600585269323588e-01
9.980753483832767170e-01
9.980906380054176408e-01
9.981059273933657883e-01
9.981212165471321507e-01
9.981365054667271641e-01
9.981517941521618198e-01
9.981670826034467758e-01
9.981823708205929124e-01
9.981976588036107767e-01
9.982129465525113599e-01
9.982282340673052090e-01
9.982435213480033154e-01
9.982588083946161150e-01
9.982740952071545992e-01
9.982893817856295371e-01
9.983046681300514757e-01
9.983199542404314064e-01
9.983352401167798762e-01
9.983505257591077653e-01
9.983658111674257318e-01
9.983810963417446560e-01
9.983963812820750849e-01
9.984116659884280098e-01
9.984269504608138668e-01
9.984422346992437580e-01
9.984575187037281196e-01
9.984728024742778318e-01
9.984880860109036638e-01
9.985033693136162736e-01
9.985186523824264304e-01
9.985339352173449035e-01
9.985492178183824619e-01
9.985645001855496528e-01
9.985797823188574673e-01
9.985950642183164527e-01
9.986103458839374891e-01
9.986256273157312346e-01
9.986409085137083474e-01
9.986561894778797077e-01
9.986714702082559736e-01
9.986867507048478032e-01
9.987020309676660768e-01
9.987173109967214524e-01
9.987325907920245882e-01
9.987478703535863644e-01
9.987631496814173282e-01
9.987784287755283597e-01
9.987937076359301170e-01
9.988089862626333693e-01
9.988242646556487747e-01
9.988395428149869915e-01
9.988548207406588997e-01
9.988700984326751575e-01
9.988853758910465341e-01
9.989006531157835767e-01
9.989159301068971653e-01
9.989312068643980691e-01
9.989464833882968353e-01
9.989617596786042331e-01
9.989770357353309205e-01
9.989923115584877777e-01
9.990075871480854630e-01
9.990228625041346344e-01
9.990381376266459501e-01
9.990534125156302903e-01
9.990686871710982020e-01
9.990839615930605655e-01
9.990992357815279279e-01
9.991145097365110583e-01
9.991297834580206150e-01
9.991450569460673670e-01
9.991603302006620835e-01
9.991756032218153116e-01
9.991908760095378206e-01
9.992061485638403795e-01
9.992214208847335355e-01
9.992366929722281688e-01
9.992519648263349374e-01
9.992672364470644997e-01
9.992825078344275136e-01
9.992977789884346373e-01
9.993130499090967511e-01
9.993283205964245131e-01
9.993435910504284703e-01
9.993588612711193919e-01
9.993741312585080472e-01
9.993894010126050942e-01
9.994046705334210801e-01
9.994199398209668850e-01
9.994352088752531671e-01
9.994504776962905845e-01
9.994657462840896844e-01
9.994810146386614580e-01
9.994962827600163413e-01
9.995115506481651035e-01
9.995268183031184028e-01
9.995420857248870083e-01
9.995573529134815782e-01
9.995726198689126596e-01
9.995878865911911326e-01
9.996031530803275444e-01
9.996184193363326642e-01
9.996336853592171501e-01
9.996489511489915492e-01
9.996642167056667416e-01
9.996794820292532746e-01
9.996947471197618063e-01
9.997100119772031057e-01
9.997252766015878311e-01
9.997405409929266407e-01
9.997558051512301924e-01
9.997710690765092556e-01
9.997863327687742663e-01
9.998015962280361046e-01
9.998168594543054288e-01
9.998321224475927860e-01
9.998473852079090562e-01
9.998626477352646758e-01
9.998779100296704136e-01
9.998931720911368171e-01
9.999084339196748772e-01
9.999236955152949191e-01
9.999389568780077120e-01
9.999542180078240250e-01
9.999694789047542942e-01
9.999847395688095109e-01
1.000000000000000000e+00
